"CASEID","POINT_X","POINT_Y","YEAR_","LOCATION","CHPTYPE","DAYWEEK","CRASHSEV","VIOLCAT","KILLED","INJURED","WEATHER1","PEDCOL","BICCOL","MCCOL","TRUCKCOL","ETOH","TIMECAT","MONTH_","CRASHTYP","INVOLVE","PED","PRIMARYRD","SECONDRD","DISTANCE","DIRECT","INTERSECT_","PROCDATE","JURIS","DATE_","TIME_","BADGE","JURIDIST","SHIFT","POP","SPECIAL","BEATTYPE","LAPDDIV","BEATCLAS","BEATNUMB","WEATHER2","STATEHW","CALTRANC","CALTRAND","STROUTE","ROUTESUF","POSTPRE","POSTMILE","LOCATYPE","RAMP","SIDEHW","TOWAWAY","PARTIES","PCF","VIOLCODE","VIOL","VIOLSUB","HITRUN","ROADSURF","RDCOND1","RDCOND2","LIGHTING","RIGHTWAY","CHPRDTYP","NOTPRIV","STFAULT","CHPFAULT","SEVINJ","OTHERINJ","COP","PEDKILL","PEDINJ","BICKILL","BICINJ","MCKILL","MCINJURE","RAMP1","RAMP2","CITY","COUNTY","STATE","X_CHP","Y_CHP"
"5964430",-120.943092955,38.6712350194,2012,"0900","4","4","4","12",0,1,"A",,,,,,900,9,"D","C","A","PONDEROSA RD","MINESHAFT LN",0,,"Y","2013-12-05",9245,"2012-09-27",650,"013028",,"1","9","0","2",,"1","013","-","N",,0,0,,,0,,,,"N",2,"A","-",22450,"A","N","A","H","-","A","A","0","Y","A","01",0,0,1,0,0,0,0,0,0,"-","-","UNINCORPORATED","EL DORADO","CA",-120.9933,38.67136
"5963942",-120.737822113,38.5865224889,2012,"0900","4","2","3","01",0,1,"A",,,,,"Y",2400,8,"E","I","A","MOUNT AUKUM RD","PAINTED PONY RD",70,"N","N","2013-11-08",9245,"2012-08-21",2213,"013603",,"3","9","0","2",,"1","042","-","N",,0,0,,,0,,,,"Y",1,"A","-",23152,,"N","A","H","-","D","D","0","Y","A","07",0,1,0,0,0,0,0,0,0,"-","-","UNINCORPORATED","EL DORADO","CA",-120.73787,38.58664
"5956419",-120.974842969,38.6643650452,2012,"0900","4","5","2","12",0,1,"A",,,,,,1500,12,"D","C","A","CAMERON PARK DR","HACIENDA RD",0,,"Y","2014-01-11",9245,"2012-12-07",1407,"13463",,"2","9","0","2",,"1","015","-","N",,0,0,,,0,,,,"Y",2,"A","-",22450,"A","N","A","H","-","A","A","0","Y","A","01",1,0,0,0,0,0,0,0,0,"-","-","UNINCORPORATED","EL DORADO","CA",-120.97487,38.66432
"5956046",-120.958757253,38.6793424854,2012,"0900","5","2","4","03",0,1,"A",,,,,,900,10,"C","C","A","MEDER RD","SIERRAMA DR",50,"E","N","2013-12-14",9245,"2012-10-09",705,"013839",,"1","9","0","3",,"2","001","-","N",,0,0,,,0,,,,"N",2,"A","-",22350,,"N","A","H","-","A","D","0","Y","A","01",0,0,1,0,0,0,0,0,0,"-","-","UNINCORPORATED","EL DORADO","CA",-120.95871,38.67929
"5953361",-120.033510086,38.831175257,2012,"0900","2","7","4","03",0,2,"D",,,,,,1800,12,"A","C","A","RT 50","JOHNSON PASS RD",2640,"E","N","2014-01-09",9246,"2012-12-16",1645,"010056",,"2","9","0","1",,"1","021","-","Y","ED",3,50,"-","-",68.2,"H","-","E","Y",4,"A","-",22350,,"N","C","H","-","B","D","0","Y","A","01",0,0,2,0,0,0,0,0,0,"-","-","UNINCORPORATED","EL DORADO","CA",-120.03398,38.83115
"5953356",-120.031839061,38.813030228,2012,"0900","2","6","4","03",0,1,"D",,,,,,600,12,"D","J","A","RT 50","ECHO SUMMIT RD",528,"E","N","2014-01-09",9246,"2012-12-22",300,"018916",,"3","9","0","1",,"1","021","-","Y","ED",3,50,"-","-",66.64,"H","-","E","Y",2,"A","-",22350,,"N","C","G","-","D","D","0","Y","A","07",0,0,1,0,0,0,0,0,0,"-","-","UNINCORPORATED","EL DORADO","CA",-120.02874,38.81365
"5953352",-120.079859112,38.94872795,2012,"0900","3","1","3","03",0,3,"B",,,,,,1800,12,"A","C","A","RT 89","CASCADE RD",2957,"N","N","2014-01-09",9246,"2012-12-24",1630,"014478",,"2","9","0","1",,"1","030","-","Y","ED",3,89,"-","-",14.36,"H","-","S","Y",2,"A","-",22350,,"N","C","H","-","B","D","0","Y","A","01",0,1,2,0,0,0,0,0,0,"-","-","UNINCORPORATED","EL DORADO","CA",-120.07872,38.94937
"5952844",-121.006838082,38.7152320611,2012,"0900","5","2","4","03",0,1,"B",,,,,,2400,12,"E","I","A","STARBUCK RD","SANFORD DR",295,"S","N","2014-01-15",9245,"2012-12-25",2315,"012833",,"3","9","0","3",,"2","001","C","N",,0,0,,,0,,,,"Y",1,"A","-",22350,,"N","B","H","-","D","D","0","Y","A","01",0,0,1,0,0,0,0,0,0,"-","-","UNINCORPORATED","EL DORADO","CA",-121.00683,38.21528
"5952840",-120.927030336,38.668222269,2012,"0900","2","2","4","03",0,1,"C",,,,,,2100,12,"E","J","A","RT 50","PONDEROSA RD",3696,"E","N","2014-01-15",9245,"2012-12-25",2000,"018624","9245","2","9","0","1",,"2","120","-","Y","ED",3,50,"-","R",9.26,"H","-","E",,1,"A","-",22350,,"N","B","G","-","D","D","1","Y","A","07",0,0,1,0,0,0,0,0,0,"-","-","UNINCORPORATED","EL DORADO","CA",-120.92371,38.67142
"5950561",-120.799958337,38.730277484,2012,"0901","0","3","4","03",0,1,"A",,,,,,1800,12,"C","C","A","RT 50","BEDROCK RD",180,"W","N","2014-01-13",901,"2012-12-19",1720,"248","1","5","2","0","0",,"0","PP1","-","Y","ED",3,50,"-","-",18,"H","-","E","N",3,"A","-",22350,,"N","A","H","-","C","A","0","Y","-","-",0,0,1,0,0,0,0,0,0,"-","-","PLACERVILLE","EL DORADO","CA",0,0
"5939130",-120.83761797,38.9078125382,2012,"0900","5","3","3","03",0,2,"A",,,,,,1500,10,"D","C","A","MAIN ST","HARKNESS ST",40,"N","N","2014-04-18",9245,"2012-10-17",1410,"018653",,"2","9","0","3",,"2","002","-","N",,0,0,,,0,,,,"Y",2,"A","-",22350,,"N","A","H","-","A","D","0","Y","A","01",0,2,0,0,0,0,0,0,0,"-","-","UNINCORPORATED","EL DORADO","CA",-120.83728,39.90818
"5938886",-120.738366634,38.728423168,2012,"0900","4","2","3","01",0,1,"A",,,,,"Y",2100,11,"E","I","A","NEWTOWN RD","IVY KNOLL DR",246,"N","N","2014-01-04",9245,"2012-11-06",2050,"015262",,"2","9","0","2",,"1","045","-","N",,0,0,,,0,,,,"Y",1,"A","-",23152,"A","N","A","H","-","D","A","0","Y","A","01",0,1,0,0,0,0,0,0,0,"-","-","UNINCORPORATED","EL DORADO","CA",-120.73853,38.72863
"5938757",-121.061037886,38.6720436255,2012,"0900","5","5","3","03",0,1,"C",,,,,,1800,11,"C","C","A","SERRANO PKY","SILVA VALLEY PKY",1056,"E","N","2014-03-27",9245,"2012-11-30",1550,"15107",,"2","9","0","3",,"2","001","-","N",,0,0,,,0,,,,"Y",3,"A","-",22350,,"N","B","F","-","A","D","0","Y","A","07",0,1,0,0,0,0,0,0,0,"-","-","UNINCORPORATED","EL DORADO","CA",-120.5011,38.4256
"5938293",-120.003505568,38.913830861,2012,"0902","0","2","4","04",0,1,"A",,,,,"Y",1800,12,"C","C","A","LAKE TAHOE BL","4TH ST",1320,"W","N","2014-01-10",902,"2012-12-11",1518,"213","0902","5","3","0","0",,"0","002","-","Y","ED",3,50,"-","-",75.51,"H","-","E","Y",2,"A","-",21703,,"N","A","H","-","A","D","0","Y","D","22",0,0,1,0,0,0,0,0,0,"-","-","SOUTH LAKE TAHOE","EL DORADO","CA",0,0
"5938289",-120.010242944,38.9103451357,2012,"0902","0","4","4","07",0,1,"A","Y",,,,,1800,12,"G","B","E","LAKE TAHOE BL","JULIE LN",0,,"Y","2014-01-10",902,"2012-12-27",1534,"211",,"5","3","0","0",,"0",,"-","N",,0,0,,,0,,,,"N",2,"A","-",21658,"A","N","C","G","-","A","A","0","Y","D","22",0,0,1,0,1,0,0,0,0,"-","-","SOUTH LAKE TAHOE","EL DORADO","CA",0,0
"5938261",-120.004453422,38.913288799,2012,"0902","0","5","4","01",0,1,"A",,,,,,1200,10,"C","C","A","RT 50","LAKE TAHOE BL",0,,"Y","2013-12-14",902,"2012-10-12",919,"163","0902","5","3","0","0",,"0",,"-","Y","ED",3,50,"-","-",75.44,"H","-","E","N",2,"A","-",23152,,"F","A","H","-","A","A","0","Y","A","07",0,0,1,0,0,0,0,0,0,"-","-","SOUTH LAKE TAHOE","EL DORADO","CA",0,0
"5938257",-119.985646952,38.925628372,2012,"0902","0","4","4","09",0,1,"A",,,,,,2100,10,"D","C","A","LAKE TAHOE BL","SIERRA BL",176,"E","N","2013-12-14",902,"2012-10-18",2018,"160",,"5","3","0","0",,"0",,"-","Y","ED",3,50,"-","-",76.77,"H","-","E","Y",2,"A","-",21801,"A","N","A","H","-","C","D","0","Y","A","01",0,0,1,0,0,0,0,0,0,"-","-","SOUTH LAKE TAHOE","EL DORADO","CA",0,0
"5938249",-119.968902902,38.9368252171,2012,"0902","0","3","4","09",0,2,"A",,,,,,1500,9,"D","C","A","JOHNSON BL","MARLETTE CIR",0,,"Y","2013-11-30",902,"2012-09-19",1418,"162",,"5","3","0","0",,"0","022","-","N",,0,0,,,0,,,,"Y",2,"A","-",21801,"A","N","A","H","-","A","A","0","Y","A","01",0,0,2,0,0,0,0,0,0,"-","-","SOUTH LAKE TAHOE","EL DORADO","CA",0,0
"5931758",-120.871270969,38.7528824852,2012,"0900","4","5","4","03",0,1,"B",,,,,,1800,11,"E","I","A","COLD SPRINGS RD","MOUNT SHASTA LN",55,"S","N","2014-01-13",9245,"2012-11-30",1500,"13463",,"2","9","0","2",,"1","014","C","N",,0,0,,,0,,,,"Y",1,"A","-",22350,,"N","B","H","-","A","D","0","Y","A","01",0,0,1,0,0,0,0,0,0,"-","-","UNINCORPORATED","EL DORADO","CA",-120.87109,38.75285
"5931701",0,0,2012,"0900","5","6","4","03",0,1,"B",,,,,,2100,12,"E","I","A","SOPHIA PKWY","ALEXANDRIA DR",1115,"S","N","2014-01-28",9245,"2012-12-22",2035,"12833",,"2","9","0","3",,"2","001","C","N",,0,0,,,0,,,,"Y",1,"A","-",22350,,"N","B","H","-","D","D","0","Y","A","01",0,0,1,0,0,0,0,0,0,"-","-","UNINCORPORATED","EL DORADO","CA",-121.10194,38.68316
"5931331",-121.086496427,38.7093178274,2012,"0900","4","5","4","03",0,1,"B",,,,,,1500,12,"C","C","A","GREEN VALLEY RD","FRANCISCO DR",300,"W","N","2014-01-11",9245,"2012-12-21",1455,"16629",,"2","9","0","2",,"2","011","C","N",,0,0,,,0,,,,"Y",2,"A","-",22350,,"N","B","H","-","A","D","0","Y","A","01",0,0,1,0,0,0,0,0,0,"-","-","UNINCORPORATED","EL DORADO","CA",-121.08702,38.70919
"5923484",-120.734406575,38.738010512,2012,"0900","2","1","4","08",0,1,"B",,,,,,2100,12,"E","I","A","RT 50","STILL MEADOW RD",650,"W","N","2014-01-10",9245,"2012-12-17",1825,"017089",,"2","9","0","1",,"2","140","-","Y","ED",3,50,"-","R",21.94,"H","-","W","Y",1,"A","-",22107,,"N","A","H","-","D","D","1","Y","A","01",0,0,1,0,0,0,0,0,0,"-","-","UNINCORPORATED","EL DORADO","CA",-120.73495,38.73824
"5913614",-120.715611654,38.7942465078,2012,"0900","5","6","3","08",0,1,"B",,,,,,2100,12,"E","I","A","STOPE DR","HIGHGRADE ST",2112,"S","N","2014-01-15",9245,"2012-12-15",1820,"017728",,"2","9","0","3",,"2","002","-","N",,0,0,,,0,,,,"Y",1,"A","-",22107,,"N","B","H","-","D","D","0","Y","A","07",0,1,0,0,0,0,0,0,0,"-","-","UNINCORPORATED","EL DORADO","CA",-120.7122,38.79736
"5912284",-120.674642163,38.734445844,2012,"0900","2","7","4","01",0,3,"B",,,,,"Y",2400,12,"A","C","A","RT 50","SNOWS RD",200,"E","N","2014-01-15",9245,"2012-12-30",2250,"017935",,"3","9","0","1",,"2","140","-","Y","ED",3,50,"-","-",25.32,"H","-","E","Y",3,"A","-",23152,"A","N","A","H","-","D","D","1","Y","A","01",0,0,3,0,0,0,0,0,0,"-","-","UNINCORPORATED","EL DORADO","CA",0,0
"5910214",-120.729989442,38.738405271,2012,"0900","2","6","1","07",4,3,"A",,,,,,2100,11,"A","C","A","RT 50","BRAEBURN LN",269,"W","N","2013-05-07",9245,"2012-11-24",1805,"017728",,"2","9","0","1",,"2","140","-","Y","ED",3,50,"-","-",22.15,"H","-","W","Y",2,"A","-",21658,"A","N","A","H","-","D","D","1","Y","A","01",2,0,1,0,0,0,0,0,0,"-","-","UNINCORPORATED","EL DORADO","CA",-120.73056,38.73823
"5902091",-120.690681636,38.6467070748,2012,"0900","4","4","3","05",0,2,"A",,,,,,1500,12,"A","C","A","BUCKS BAR RD","SAND RIDGE RD",265,"E","N","2014-01-11",9245,"2012-12-20",1320,"013463",,"1","9","0","2",,"1","042","-","N",,0,0,,,0,,,,"Y",2,"A","-",21460,"A","N","A","H","-","A","D","0","Y","A","01",0,1,1,0,0,0,0,0,0,"-","-","UNINCORPORATED","EL DORADO","CA",-120.6913,38.64679
"5901401",-121.074913059,38.651665161,2012,"0900","2","5","4","12",0,1,"B",,,,,,1500,11,"E","I","A","RT 50","EL DORADO HILLS BL",0,,"Y","2014-01-04",9245,"2012-11-30",1450,"17604",,"2","9","0","1",,"2","110","C","Y","ED",3,50,"-","-",0.686,"R","3","W","Y",1,"A","-",21453,"A","N","B","H","-","A","A","1","Y","A","01",0,0,1,0,0,0,0,0,0,"FR","-","UNINCORPORATED","EL DORADO","CA",-121.07091,38.65313
"5901397",-120.833479929,38.6990749283,2012,"0900","5","5","4","08",0,1,"C",,,,,,2400,11,"E","I","A","FORNI RD","CHESTNUT CT",350,"W","N","2014-01-04",9245,"2012-11-30",2115,"018240",,"2","9","0","3",,"2","003","-","N",,0,0,,,0,,,,"Y",1,"A","-",22107,,"N","B","H","-","D","D","0","Y","A","01",0,0,1,0,0,0,0,0,0,"-","-","UNINCORPORATED","EL DORADO","CA",-120.83355,38.69909
"5901393",-121.074913059,38.651665161,2012,"0900","4","3","4","12",0,1,"A",,,,,,1800,11,"A","C","A","EL DORADO HILLS BL","RT 50",0,,"Y","2014-01-04",9245,"2012-11-14",1615,"013248",,"2","9","0","2",,"2","012","-","Y","ED",3,50,"-","-",0.686,"R","4","W","Y",2,"A","-",21453,"A","N","A","H","-","A","A","1","Y","A","08",0,0,1,0,0,0,0,0,0,"-","WF","UNINCORPORATED","EL DORADO","CA",-121.07084,38.6535
"5901390",-120.833220281,38.85906864,2012,"0900","3","6","3","05",0,1,"A",,,,,"Y",300,11,"E","I","A","RT 193","TWIN PINES LOOP",75,"W","N","2014-01-04",9245,"2012-11-03",130,"013028",,"3","9","0","1",,"1","122","-","Y","ED",3,193,"-","-",15.72,"H","-","E","Y",1,"A","-",21650,,"N","A","H","-","D","D","0","Y","A","01",0,1,0,0,0,0,0,0,0,"-","-","UNINCORPORATED","EL DORADO","CA",-120.83356,38.86402
"5901225",-120.035055287,38.833932853,2012,"0900","2","3","4","03",0,1,"D",,,,,,1800,12,"C","C","A","RT 50","FLAGPOLE GUNMOUNT",4224,"W","N","2014-01-15",9246,"2012-12-12",1535,"014302",,"2","9","0","1",,"1","021","-","Y","ED",3,50,"-","-",68.48,"H","-","E","N",2,"A","-",22350,,"N","C","H","-","A","D","0","Y","A","07",0,0,1,0,0,0,0,0,0,"-","-","UNINCORPORATED","EL DORADO","CA",0,0
"5901221",-119.954854934,38.793373971,2012,"0900","3","3","3","03",0,1,"D",,,,,,1800,12,"E","I","A","RT 89","SPRING CREEK RD",150,"N","N","2014-01-17",9246,"2012-12-12",1510,"013182",,"2","9","0","1",,"1","030","-","Y","ED",3,89,"-","-",0.61,"H","-","S","Y",1,"A","-",22350,,"N","C","G","-","A","A","0","Y","A","07",0,1,0,0,0,0,0,0,0,"-","-","UNINCORPORATED","EL DORADO","CA",-120.07759,38.93372
"5900935",-120.927381944,38.7198758378,2012,"0900","4","6","3","03",0,1,"B",,,,,,900,12,"E","I","A","GREEN VALLEY RD","RUE DE LAC DR",2112,"W","N","2014-01-14",9245,"2012-12-01",845,"11511",,"1","9","0","2",,"2","011","C","N",,0,0,,,0,,,,"Y",1,"A","-",22350,,"N","B","H","-","A","D","0","Y","A","07",0,1,0,0,0,0,0,0,0,"-","-","UNINCORPORATED","EL DORADO","CA",-120.92503,38.71862
"5898978",0,0,2012,"0900","4","1","4","01",0,1,"A",,,,,,1200,12,"E","J","A","PLEASANT VALLEY RD","BODEGA WY",446,"E","N","2014-01-13",9245,"2012-12-03",930,"15262",,"1","9","0","2",,"1","041","-","Y",,0,0,,,0,,,,"Y",1,"A","-",23152,"A","N","B","H","-","A","A","0","Y","A","01",0,0,1,0,0,0,0,0,0,"-","-","UNINCORPORATED","EL DORADO","CA",-120.70008,38.69012
"5898592",-120.781893022,38.73287519,2012,"0900","2","2","3","08",0,2,"A",,,,,,600,5,"B","I","A","RT 50","SCHNELL SCHOOL RD",363,"W","N","2014-02-07",9245,"2012-05-29",548,"13405",,"3","9","0","1",,"2","140","-","Y","ED",3,50,"-","-",19.05,"H","-","E","Y",1,"A","-",22107,,"N","A","H","-","B","D","1","Y","A","08",0,2,0,0,0,0,0,0,0,"-","-","UNINCORPORATED","EL DORADO","CA",0,0
"5897492",-121.075130998,38.7123254804,2012,"0900","5","3","3","08",0,1,"B",,,,,,1200,11,"E","I","A","MALCOLM DIXON RD","UPLANDS DR",200,"W","N","2014-01-09",9245,"2012-11-28",1130,"011511",,"1","9","0","3",,"2","001","C","N",,0,0,,,0,,,,"Y",1,"A","-",22107,,"N","B","H","-","A","D","0","Y","A","07",0,1,0,0,0,0,0,0,0,"-","-","UNINCORPORATED","EL DORADO","CA",-121.07517,38.71241
"5896933",-120.699768314,38.6043282745,2012,"0900","5","2","3","01",0,1,"C",,,,,"Y",2400,12,"F","I","A","FAIRPLAY RD","DORADO CANYON RD",1056,"N","N","2014-01-13",9245,"2012-12-11",2255,"17935",,"3","9","0","3",,"2","004","-","N",,0,0,,,0,,,,"Y",1,"A","-",23152,"A","N","B","H","-","D","D","0","Y","A","07",0,1,0,0,0,0,0,0,0,"-","-","UNINCORPORATED","EL DORADO","CA",-120.69588,38.60154
"5894583",0,0,2012,"0900","4","6","3","09",0,1,"A",,,"Y",,,1800,10,"B","C","A","MOTHER LODE DR","SOUTH SHINGLE RD",115,"E","N","2013-12-28",9245,"2012-10-27",1535,"016629",,"2","9","0","2",,"1","039","-","N",,0,0,,,0,,,,"Y",2,"A","-",21804,"A","N","A","H","-","A","D","0","Y","A","01",0,1,0,0,0,0,0,0,1,"-","-","UNINCORPORATED","EL DORADO","CA",-120.93593,38.66212
"5893791",-120.571503283,38.7580648197,2012,"0900","4","3","4","03",0,1,"C",,,,,,900,11,"E","I","A","SLY PARK RD","MIDWAY AV",1584,"S","N","2013-12-31",9245,"2012-11-28",825,"18466",,"1","9","0","2",,"1","043","-","N",,0,0,,,0,,,,"Y",1,"A","-",22350,,"N","B","H","-","A","D","0","Y","A","01",0,0,1,0,0,0,0,0,0,"-","-","UNINCORPORATED","EL DORADO","CA",-120.56206,38.75983
"5892511",0,0,2012,"0900","5","4","4","03",0,2,"A",,,,,,900,12,"F","A","A","WENTWORTH SPRINGS RD","HODGEKISS HILL RD",135,"E","N","2014-01-18",9245,"2012-12-27",800,"13463",,"1","9","0","3",,"2","002","-","N",,0,0,,,0,,,,"Y",1,"A","-",22350,,"N","C","H","-","B","D","0","Y","D","22",0,0,2,0,0,0,0,0,0,"-","-","UNINCORPORATED","EL DORADO","CA",0,0
"5891758",-120.777656278,38.7514888835,2012,"0900","4","7","3","01",0,1,"B",,,,,"Y",300,12,"E","I","A","MOSQUITO RD","KAREN WY",50,"N","N","2014-01-14",9245,"2012-12-23",120,"17935",,"3","9","0","2",,"1","023","-","N",,0,0,,,0,,,,"Y",1,"A","-",23152,"A","N","B","H","-","D","D","0","Y","D","22",0,1,0,0,0,0,0,0,0,"-","-","UNINCORPORATED","EL DORADO","CA",-120.77498,38.75337
"5890126",-120.64655201,38.6855979309,2012,"0900","4","6","2","01",0,1,"A",,,,,"Y",300,12,"E","I","A","SLY PARK RD","PARK HILL DR",150,"E","N","2014-01-14",9245,"2012-12-08",135,"016465",,"3","9","0","2",,"1","043","-","N",,0,0,,,0,,,,"Y",1,"A","-",23152,"A","N","B","H","-","D","D","0","Y","A","07",1,0,0,0,0,0,0,0,0,"-","-","UNINCORPORATED","EL DORADO","CA",-120.64763,38.68554
"5889930",-120.979537568,38.82948146,2012,"0900","3","5","2","01",0,1,"B",,,,,"Y",1500,11,"E","I","A","RT 49","HASTINGS CREEK",70,"S","N","2014-01-09",9245,"2012-11-30",1415,"013028",,"2","9","0","1",,"1","115","C","Y","ED",3,49,"-","-",28.18,"H","-","N","Y",1,"A","-",23152,"A","N","B","H","-","A","D","0","Y","A","07",1,0,0,0,0,0,0,0,0,"-","-","UNINCORPORATED","EL DORADO","CA",-120.96953,38.82858
"5889926",-120.831876855,38.7326191373,2012,"0901","0","4","3","05",0,2,"B",,,,,,600,11,"A","C","A","PLACERVILLE DR","PIERROZ RD",286,"W","N","2014-01-09",901,"2012-11-29",536,"236","0901","5","2","0","0",,"0","PP1","C","N",,0,0,,,0,,,,"Y",2,"A","-",21650,,"N","B","H","-","C","D","0","Y","-","-",0,1,1,0,0,0,0,0,0,"-","-","PLACERVILLE","EL DORADO","CA",0,0
"5889922",-120.792817699,38.7234746512,2012,"0901","0","2","4","01",0,1,"B",,,,,"Y",900,11,"G","J","A","CEDAR RAVINE RD","DARLINGTON AV",211,"S","N","2014-01-09",901,"2012-11-20",853,"264","0901","5","2","0","0",,"0","PP2","-","N",,0,0,,,0,,,,"Y",1,"A","-",23152,"A","N","A","H","-","A","D","0","Y","-","-",0,0,1,0,0,0,0,0,0,"-","-","PLACERVILLE","EL DORADO","CA",0,0
"5889785",-120.887398173,38.6993191959,2012,"0900","5","5","4","09",0,1,"B",,,,"Y",,1200,12,"A","C","A","GREENSTONE RD","GOLD LEAF LN",25,"S","N","2014-01-13",9245,"2012-12-14",930,"13463",,"1","9","0","3",,"2","001","-","N",,0,0,,,0,,,,"Y",2,"A","-",21804,"A","N","B","H","-","A","D","0","Y","D","22",0,0,1,0,0,0,0,0,0,"-","-","UNINCORPORATED","EL DORADO","CA",-120.88725,38.69928
"5889740",-119.976457924,38.8891852542,2012,"0900","4","4","4","03",0,1,"A",,,,,,1500,12,"A","C","A","PIONEER TR","JICARILLA DR",100,"E","N","2014-01-15",9246,"2012-12-27",1330,"018006",,"1","9","0","2",,"1","024","-","N",,0,0,,,0,,,,"Y",2,"A","-",22350,,"N","A","H","-","A","D","0","Y","A","07",0,0,1,0,0,0,0,0,0,"-","-","UNINCORPORATED","EL DORADO","CA",-119.97656,38.88906
"5889373",-120.844865538,38.7351592839,2012,"0900","4","3","4","05",0,1,"C",,,,,,1500,12,"F","A","A","COLD SPRINGS RD","LOMA CIMA DR",100,"N","N","2014-01-09",9245,"2012-12-05",1320,"015107",,"1","9","0","2",,"1","014","-","N",,0,0,,,0,,,,"Y",1,"A","-",21650,,"N","B","H","-","A","D","0","Y","A","01",0,0,1,0,0,0,0,0,0,"-","-","UNINCORPORATED","EL DORADO","CA",-120.84993,38.7352
"5889369",-120.812011461,38.703240967,2012,"0900","3","7","3","03",0,1,"B",,,,,,1200,12,"E","I","A","RT 49","TRUCK ST",153,"N","N","2014-01-09",9245,"2012-12-02",1150,"015262",,"1","9","0","1",,"1","135","C","Y","ED",3,49,"-","-",12.5,"H","-","S","Y",1,"A","-",22350,,"N","B","H","-","A","A","0","Y","A","01",0,1,0,0,0,0,0,0,0,"-","-","UNINCORPORATED","EL DORADO","CA",-120.81211,38.70355
"5889365",-120.835533548,38.718925942,2012,"0900","2","2","3","08",0,1,"A",,,,,,900,12,"E","I","A","RT 50","PLACERVILLE DR",600,"W","N","2014-01-09",9245,"2012-12-04",805,"016451",,"1","9","0","1",,"2","120","-","Y","ED",3,50,"-","-",15.72,"H","-","E","Y",2,"A","-",22107,,"N","A","H","-","A","A","1","Y","A","07",0,1,0,0,0,0,0,0,0,"-","-","UNINCORPORATED","EL DORADO","CA",-120.83496,38.72003
"5887087",-121.075493106,38.7103650549,2012,"0900","4","5","4","01",0,3,"A",,,,,"Y",2400,11,"D","C","A","GREEN VALLEY RD","SILVA VALLEY PKWY",0,,"Y","2013-12-31",9245,"2012-11-23",2135,"17737",,"2","9","0","2",,"2","011","-","N",,0,0,,,0,,,,"Y",2,"A","-",23152,"A","N","A","H","-","C","A","0","Y","A","01",0,0,3,0,0,0,0,0,0,"-","-","UNINCORPORATED","EL DORADO","CA",-121.0755,38.7193
"5887086",-120.962041308,38.5891093683,2012,"0900","4","7","3","05",0,1,"A",,,"Y",,,1800,11,"A","C","A","SOUTH SHINGLE RD","FERNWOOD DR",294,"S","N","2013-12-31",9245,"2012-11-04",1510,"16629",,"2","9","0","2",,"1","032","-","N",,0,0,,,0,,,,"Y",2,"A","-",21460,"A","N","A","H","-","A","D","0","Y","C","02",0,1,0,0,0,0,0,0,1,"-","-","UNINCORPORATED","EL DORADO","CA",-120.96216,38.58831
"5887085",0,0,2012,"0900","4","3","4","03",0,1,"B",,,,,,1800,11,"E","I","A","MOUNT AUKUM RD","QUAIL HAVEN CT",350,"N","N","2013-12-31",9245,"2012-11-21",1625,"17728",,"2","9","0","2",,"1","042","C","N",,0,0,,,0,,,,"Y",1,"A","-",22350,,"N","B","H","-","A","D","0","Y","A","01",0,0,1,0,0,0,0,0,0,"-","-","UNINCORPORATED","EL DORADO","CA",-120.71192,38.60533
"5887084",-121.063843013,38.6701350079,2012,"0900","5","4","4","12",0,1,"A",,,,,,1200,11,"D","C","A","SILVA VALLEY PKWY","SERRANO PKWY",0,,"Y","2013-12-31",9245,"2012-11-22",1140,"11511",,"1","9","0","3",,"2","001","-","N",,0,0,,,0,,,,"Y",2,"A","-",21453,"A","N","A","H","-","A","A","0","Y","A","01",0,0,1,0,0,0,0,0,0,"-","-","UNINCORPORATED","EL DORADO","CA",0,0
"5886721",-121.062125185,38.6711295337,2012,"0900","5","5","4","03",0,1,"B",,,,,,1500,11,"E","I","A","SERRANO PKWY","SILVA VALLEY PKWY",600,"E","N","2013-12-28",9245,"2012-11-30",1445,"17089",,"2","9","0","3",,"2","001","C","N",,0,0,,,0,,,,"Y",1,"A","-",22350,,"N","B","H","-","A","D","0","Y","A","07",0,0,1,0,0,0,0,0,0,"-","-","UNINCORPORATED","EL DORADO","CA",-121.0602,38.67376
"5884903",-120.576522951,38.7631050759,2012,"0900","4","6","3","01",0,1,"B",,,,,"Y",300,12,"E","I","A","PONY EXPRESS TRL","SLY PARK RD",0,,"Y","2014-01-09",9245,"2012-12-22",240,"16465",,"3","9","0","2",,"1","025","C","N",,0,0,,,0,,,,"Y",1,"A","-",23152,"A","N","B","H","-","C","A","0","Y","D","22",0,1,0,0,0,0,0,0,0,"-","-","UNINCORPORATED","EL DORADO","CA",-120.57634,38.76292
"5882579",-120.982695198,38.701748053,2012,"0900","4","1","4","08",0,1,"B",,,,,,1500,12,"E","I","A","GREEN VALLEY RD","WALNUT DR",310,"W","N","2014-01-14",9245,"2012-12-17",1245,"17604",,"1","9","0","2",,"2","011","C","N",,0,0,,,0,,,,"N",1,"A","-",22107,,"N","B","H","-","A","D","0","Y","A","01",0,0,1,0,0,0,0,0,0,"-","-","UNINCORPORATED","EL DORADO","CA",-120.98278,38.70177