"CASEID","POINT_X","POINT_Y","YEAR_","LOCATION","CHPTYPE","DAYWEEK","CRASHSEV","VIOLCAT","KILLED","INJURED","WEATHER1","PEDCOL","BICCOL","MCCOL","TRUCKCOL","ETOH","TIMECAT","MONTH_","CRASHTYP","INVOLVE","PED","PRIMARYRD","SECONDRD","DISTANCE","DIRECT","INTERSECT_","PROCDATE","JURIS","DATE_","TIME_","BADGE","JURIDIST","SHIFT","POP","SPECIAL","BEATTYPE","LAPDDIV","BEATCLAS","BEATNUMB","WEATHER2","STATEHW","CALTRANC","CALTRAND","STROUTE","ROUTESUF","POSTPRE","POSTMILE","LOCATYPE","RAMP","SIDEHW","TOWAWAY","PARTIES","PCF","VIOLCODE","VIOL","VIOLSUB","HITRUN","ROADSURF","RDCOND1","RDCOND2","LIGHTING","RIGHTWAY","CHPRDTYP","NOTPRIV","STFAULT","CHPFAULT","SEVINJ","OTHERINJ","COP","PEDKILL","PEDINJ","BICKILL","BICINJ","MCKILL","MCINJURE","RAMP1","RAMP2","CITY","COUNTY","STATE","X_CHP","Y_CHP"
"5882575",-120.81100947,38.712600637,2012,"0900","3","3","4","03",0,1,"C",,,,,,1200,12,"E","I","A","RT 49","S VIEW CT",4224,"S","N","2014-01-14",9245,"2012-12-12",1000,"016629",,"1","9","0","1",,"1","135","-","Y","ED",3,49,"-","-",13.18,"H","-","S","Y",1,"A","-",22350,,"N","B","H","-","A","D","0","Y","A","01",0,0,1,0,0,0,0,0,0,"-","-","UNINCORPORATED","EL DORADO","CA",0,0
"5882563",-120.575729071,38.7612512604,2012,"0900","4","2","3","18",0,1,"B",,,,,,900,12,"F","A","A","SLY PARK RD","GOLD RIDGE TRL SOUTH",1584,"N","N","2014-01-14",9245,"2012-12-18",730,"015262",,"1","9","0","2",,"1","043","-","N",,0,0,,,0,,,,"Y",1,"C","-",0,,"N","C","H","-","A","A","0","Y","-","-",0,1,0,0,0,0,0,0,0,"-","-","UNINCORPORATED","EL DORADO","CA",-120.56123,38.74952
"5881641",-121.023414182,38.911019254,2012,"0900","3","3","4","05",0,2,"B",,,,,,900,12,"A","C","A","RT 49","AARON COOL DR",5280,"N","N","2014-01-14",9245,"2012-12-26",735,"17604",,"1","9","0","1",,"1","115","C","Y","ED",3,49,"-","-",36.72,"H","-","S","Y",2,"A","-",21460,"A","N","B","H","-","A","D","0","Y","D","22",0,0,2,0,0,0,0,0,0,"-","-","UNINCORPORATED","EL DORADO","CA",-121.02177,38.91055
"5881633",-120.823452601,38.6929965065,2012,"0900","4","1","4","03",0,1,"A",,,,,,1500,12,"C","C","A","MISSOURI FLAT RD","PLEASANT VALLEY RD",45,"N","N","2014-01-14",9245,"2012-12-10",1255,"16451",,"1","9","0","2",,"1","037","-","N",,0,0,,,0,,,,"Y",2,"A","-",22350,,"N","A","H","-","A","A","0","Y","D","22",0,0,1,0,0,0,0,0,0,"-","-","UNINCORPORATED","EL DORADO","CA",-120.82358,38.69329
"5878081",-120.006686666,38.7862243,2012,"0900","3","5","3","03",0,1,"B",,,,,,1200,11,"F","A","A","RT 89","BIG MEADOW TRAIL HEAD",2112,"N","N","2013-12-30",9246,"2012-11-23",900,"15992",,"1","9","0","1",,"1","023","-","Y","ED",3,89,"-","-",3.8,"H","-","S","Y",1,"A","-",22350,,"N","C","H","-","A","D","0","Y","A","07",0,1,0,0,0,0,0,0,0,"-","-","UNINCORPORATED","EL DORADO","CA",-120.00224,38.47168
"5876320",-120.702319796,38.6191160091,2012,"0900","4","7","3","08",0,1,"B",,,,,,1800,12,"E","I","A","MOUNT AUKUM RD","OUTINGDALE RD",1056,"N","N","2014-01-14",9245,"2012-12-16",1520,"15459",,"2","9","0","2",,"1","042","-","Y",,0,0,,,0,,,,"Y",1,"A","-",22107,,"N","A","H","-","A","D","0","Y","D","22",0,1,0,0,0,0,0,0,0,"-","-","UNINCORPORATED","EL DORADO","CA",-120.70267,38.61842
"5876312",-120.806121105,38.6948851421,2012,"0900","4","1","4","03",0,4,"A",,,,,,1500,11,"C","C","A","PLEASANT VALLEY RD","DIAMOND DR",8,"W","N","2014-01-06",9245,"2012-11-26",1250,"013248",,"1","9","0","2",,"1","041","-","N",,0,0,,,0,,,,"Y",2,"A","-",22350,,"N","A","H","-","A","D","0","Y","D","22",0,0,4,0,0,0,0,0,0,"-","-","UNINCORPORATED","EL DORADO","CA",-120.9059,38.69491
"5876308",-120.933266119,38.7308404974,2012,"0900","4","3","4","05",0,1,"A",,,,,,2400,12,"E","I","A","LOTUS RD","STAGECOACH RD",425,"N","N","2014-01-14",9245,"2012-12-12",2338,"12833",,"3","9","0","2",,"1","013","-","N",,0,0,,,0,,,,"Y",2,"A","-",21650,,"N","B","H","-","D","D","0","Y","D","22",0,0,1,0,0,0,0,0,0,"-","-","UNINCORPORATED","EL DORADO","CA",-120.93225,38.73095
"5875845",-120.710285513,38.736901577,2012,"0900","2","5","2","01",0,3,"-",,,,,,2100,12,"D","C","A","RT 50","CAMINO HEIGHTS DR",0,,"Y","2014-01-13",9245,"2012-12-14",1900,"017737",,"2","9","0","1",,"2","140","-","Y","ED",3,50,"-","-",23.241,"I","5","E","Y",2,"A","-",23152,"A","N","-","-","-","-","D","1","Y","A","07",2,0,1,0,0,0,0,0,0,"-","-","UNINCORPORATED","EL DORADO","CA",-120.7108,38.7368
"5875841",-120.534982911,38.6376450712,2012,"0900","5","3","3","01",0,1,"B",,,,,"Y",2400,12,"E","J","A","EVERGREEN DR","STRING CANYON RD",0,,"Y","2014-01-13",9245,"2012-12-05",2200,"018466",,"3","9","0","3",,"2","004","-","N",,0,0,,,0,,,,"N",1,"A","-",23152,"A","N","B","H","-","D","D","0","Y","D","22",0,1,0,0,0,0,0,0,0,"-","-","UNINCORPORATED","EL DORADO","CA",-120.53491,38.63781
"5875667",-120.387762047,38.772115823,2012,"0900","2","1","4","18",0,1,"A",,,,,,900,12,"F","A","A","RT 50","ALDER CREEK RD",1584,"E","N","2014-01-15",9245,"2012-12-10",858,"015262",,"1","9","0","1",,"1","160","-","Y","ED",3,50,"-","R",44.13,"H","-","E","Y",1,"C","-",0,,"N","C","H","-","A","A","0","Y","-","-",0,0,1,0,0,0,0,0,0,"-","-","UNINCORPORATED","EL DORADO","CA",-120.37286,38.76715
"5875659",-121.101763109,38.7044250481,2012,"0900","4","6","2","12",0,3,"A",,,,,,1800,10,"D","C","A","GREEN VALLEY RD","LAKE RIDGE OAKS DR",0,,"Y","2013-12-24",9245,"2012-10-27",1637,"016629",,"2","9","0","2",,"2","011","-","N",,0,0,,,0,,,,"Y",3,"A","-",21453,"A","N","A","H","-","A","A","0","Y","D","22",1,1,1,0,0,0,0,0,0,"-","-","UNINCORPORATED","EL DORADO","CA",-121.0997,38.4059
"5875512",-120.848974163,38.59923809,2012,"0900","3","3","4","03",0,1,"B",,,,,,900,12,"D","C","A","RT 49","UNION MINE RD",2376,"N","N","2014-01-14",9245,"2012-12-05",610,"011511",,"1","9","0","1",,"1","135","C","Y","ED",3,49,"-","-",3.54,"H","-","S","Y",2,"A","-",22350,,"M","B","H","-","D","D","0","Y","A","01",0,0,1,0,0,0,0,0,0,"-","-","UNINCORPORATED","EL DORADO","CA",-120.84893,38.59883
"5874610",-119.952198648,38.9411106673,2012,"0902","0","6","3","01",0,1,"A",,,,,"Y",600,3,"E","I","A","PIONEER TRL","SKI RUN BL",10,"W","N","2013-07-24",902,"2012-03-03",515,"200","0902","5","3","0","0",,"0",,"-","N",,0,0,,,0,,,,"Y",1,"A","-",23152,,"N","A","H","-","C","A","0","Y","A","07",0,1,0,0,0,0,0,0,0,"-","-","SOUTH LAKE TAHOE","EL DORADO","CA",0,0
"5874587",-119.993302433,38.920570242,2012,"0902","0","2","4","01",0,1,"A",,,,,"Y",1500,5,"D","C","A","LAKE TAHOE BL","TRUCKEE AV",320,"E","N","2014-02-05",902,"2012-05-15",1444,"157",,"5","3","0","0",,"0",,"-","Y","ED",3,50,"-","-",76.23,"H","-","E","Y",2,"A","-",23153,"A","N","A","H","-","A","D","0","Y","A","01",0,0,1,0,0,0,0,0,0,"-","-","SOUTH LAKE TAHOE","EL DORADO","CA",0,0
"5874586",-119.972812917,38.941295214,2012,"0902","0","1","3","03",0,1,"A",,,,,,2400,5,"F","A","A","RUFUS ALLEN BL","PICKETT AV",0,,"Y","2013-09-14",902,"2012-05-07",2327,"201","SLAKE","5","3","0","0",,"0","EAST","-","N",,0,0,,,0,,,,"Y",2,"A","-",22350,,"F","A","H","-","C","D","0","Y","A","01",0,1,0,0,0,0,0,0,0,"-","-","SOUTH LAKE TAHOE","EL DORADO","CA",0,0
"5873865",-120.809666513,38.7290643,2012,"0901","0","7","3","17",0,1,"A",,,,,,1500,8,"E","J","A","RT 50","CANAL ST",1080,"W","N","2013-11-09",901,"2012-08-05",1208,"237","0901","5","2","0","0",,"0","PP1","-","Y","ED",3,50,"-","-",17.32,"H","-","W","Y",2,"A","-",23114,"A","N","A","H","-","A","D","0","Y","-","-",0,1,0,0,0,0,0,0,0,"-","-","PLACERVILLE","EL DORADO","CA",0,0
"5870622",-120.729095068,38.94277443,2012,"0900","5","2","2","08",0,1,"A",,,,,,600,10,"E","I","A","WENTWORTH SPRINGS RD","HOMEWOOD DR",250,"E","N","2014-04-08",9245,"2012-10-30",300,"015609",,"3","9","0","3",,"2","002","-","Y",,0,0,,,0,,,,"Y",1,"A","-",22107,,"N","A","H","-","D","D","0","Y","A","07",1,0,0,0,0,0,0,0,0,"-","-","UNINCORPORATED","EL DORADO","CA",0,0
"5870529",0,0,2012,"0900","4","2","2","05",0,1,"A",,,,,,2100,10,"E","I","A","FRENCH CREEK RD","BANBURY CROSS RD",80,"S","N","2013-12-26",9245,"2012-10-30",1800,"13929",,"2","9","0","2",,"1","032","-","N",,0,0,,,0,,,,"Y",1,"A","-",21650,,"N","A","H","-","D","D","0","Y","A","01",1,0,0,0,0,0,0,0,0,"-","-","UNINCORPORATED","EL DORADO","CA",-120.92969,38.61914
"5869952",-120.7901528,38.7312273456,2012,"0901","0","7","4","03",0,1,"A",,,,,,2100,11,"C","C","A","MOSQUITO RD","BROADWAY DR",75,"N","N","2014-01-07",901,"2012-11-04",1822,"237","0901","5","2","0","0",,"0","PP2","-","N",,0,0,,,0,,,,"N",2,"A","-",22350,,"N","A","H","-","D","D","0","Y","-","-",0,0,1,0,0,0,0,0,0,"-","-","PLACERVILLE","EL DORADO","CA",0,0
"5869951",-120.93065738,38.666039426,2012,"0900","2","4","4","18",0,2,"A",,,,,,300,11,"E","H","A","RT 50","PONDEROSA RD",2112,"E","N","2014-01-07",9245,"2012-11-08",235,"017737",,"3","9","0","1",,"2","120","-","Y","ED",3,50,"-","R",8.96,"H","-","W","Y",1,"C","-",0,,"N","A","H","-","D","D","1","Y","-","-",0,0,2,0,0,0,0,0,0,"-","-","UNINCORPORATED","EL DORADO","CA",-120.9266,38.6689
"5869950",-120.710010325,38.655147874,2012,"0900","4","5","3","03",0,1,"C",,,,,,1500,11,"E","I","A","BUCKS BAR RD","BUCKS BAR CIR",528,"N","N","2014-01-07",9245,"2012-11-09",1225,"016629",,"1","9","0","2",,"1","042","-","N",,0,0,,,0,,,,"Y",1,"A","-",22350,,"N","B","H","-","A","D","0","Y","A","07",0,1,0,0,0,0,0,0,0,"-","-","UNINCORPORATED","EL DORADO","CA",-120.70669,38.65368
"5869949",-120.894559962,38.803399507,2012,"0900","3","5","3","03",0,1,"A",,,,,,1800,11,"E","I","A","RT 49","COLD SPRINGS RD",1056,"S","N","2014-01-07",9245,"2012-11-02",1655,"017089",,"2","9","0","1",,"1","115","-","Y","ED",3,49,"-","-",22.67,"H","-","N","Y",1,"A","-",22350,,"N","A","H","-","A","D","0","Y","A","07",0,1,0,0,0,0,0,0,0,"-","-","UNINCORPORATED","EL DORADO","CA",-120.88588,38.79505
"5869948",-120.681493218,38.735086412,2012,"0900","2","6","3","08",0,1,"B",,,,,,1500,11,"E","I","A","RT 50","RIDGEWAY DR",7920,"W","N","2014-01-07",9245,"2012-11-10",1445,"017089",,"2","9","0","1",,"2","140","C","Y","ED",3,50,"-","R",27.34,"H","-","E","Y",1,"A","-",22107,,"N","C","H","-","A","D","1","Y","A","07",0,1,0,0,0,0,0,0,0,"-","-","UNINCORPORATED","EL DORADO","CA",-120.64658,38.74399
"5869946",-121.078243075,38.7251351198,2012,"0900","5","5","4","09",0,1,"B",,,,,,900,11,"D","C","A","CROMWELL CT","LAKEHILLS DR",0,,"Y","2014-01-07",9245,"2012-11-16",708,"17064",,"1","9","0","3",,"2","001","-","N",,0,0,,,0,,,,"N",2,"A","-",21802,"A","N","A","H","-","A","A","0","Y","A","01",0,0,1,0,0,0,0,0,0,"-","-","UNINCORPORATED","EL DORADO","CA",-121.07828,38.72505
"5869696",-120.05971195,38.933510018,2012,"0900","3","1","3","03",0,2,"D",,,,,,900,10,"E","I","A","RT 89","TAYLOR CREEK",1056,"N","N","2013-12-14",9246,"2012-10-22",745,"13182",,"1","9","0","1",,"1","030","-","Y","ED",3,89,"-","-",12.24,"H","-","N","Y",1,"A","-",22350,,"N","C","A","-","A","A","0","Y","A","07",0,1,1,0,0,0,0,0,0,"-","-","UNINCORPORATED","EL DORADO","CA",-120.60215,38.93361
"5869692",-120.007093485,38.868422341,2012,"0900","2","1","3","03",0,1,"B",,,,,,900,10,"F","A","A","RT 50","MEADOW VALE DR",620,"W","N","2013-12-14",9246,"2012-10-22",620,"10056",,"1","9","0","1",,"1","022","D","Y","ED",3,50,"-","-",72.2,"H","-","E","Y",1,"A","-",22350,,"N","C","H","-","B","D","0","Y","A","01",0,1,0,0,0,0,0,0,0,"-","-","UNINCORPORATED","EL DORADO","CA",-120.00752,38.868
"5869628",-120.938536805,38.6669867293,2012,"0900","5","3","4","03",0,2,"A",,,,,,1500,10,"C","C","A","PONDEROSA RD","FOXWOOD LN",190,"S","N","2013-12-21",9245,"2012-10-10",1420,"013248",,"2","9","0","3",,"2","001","-","N",,0,0,,,0,,,,"Y",2,"A","-",22350,,"N","A","A","-","A","D","0","Y","A","01",0,0,2,0,0,0,0,0,0,"-","-","UNINCORPORATED","EL DORADO","CA",-120.93845,38.66693
"5869624",-120.933381521,38.7292781484,2012,"0900","4","3","3","03",0,1,"A",,,,,,1800,10,"C","C","A","LOTUS RD","STAGECOACH RD",145,"S","N","2013-12-21",9245,"2012-10-17",1620,"017089",,"2","9","0","2",,"1","013","-","N",,0,0,,,0,,,,"Y",2,"A","-",22350,,"N","A","H","-","A","D","0","Y","A","01",0,1,0,0,0,0,0,0,0,"-","-","UNINCORPORATED","EL DORADO","CA",-120.93323,38.72911
"5865287",-121.068232987,38.6467150448,2012,"0900","4","6","3","09",0,2,"A",,,,,,1500,9,"D","C","A","WHITE ROCK RD","LATROBE RD",0,,"Y","2013-12-07",9245,"2012-09-29",1310,"013248",,"1","9","0","2",,"2","031","-","N",,0,0,,,0,,,,"Y",2,"A","-",21453,"C","N","A","H","-","A","A","0","Y","A","01",0,1,1,0,0,0,0,0,0,"-","-","UNINCORPORATED","EL DORADO","CA",-121.06817,38.64671
"5864801",0,0,2012,"0901","0","5","4","00",0,3,"B",,,,,,1500,11,"A","C","A","CEDAR RAVINE RD","PAYDIRT DR",456,"N","N","2014-01-07",901,"2012-11-09",1246,"264","0901","5","2","0","0",,"0","PP2","-","N",,0,0,,,0,,,,"Y",2,"D","-",0,,"N","B","H","-","A","D","0","Y","-","-",0,0,3,0,0,0,0,0,0,"-","-","PLACERVILLE","EL DORADO","CA",0,0
"5864584",-120.830110043,38.7060557958,2012,"0900","4","3","4","03",0,2,"B",,,,,,1800,12,"C","C","A","MISSOURI FLAT RD","FORNI RD",250,"S","N","2014-01-21",9245,"2012-12-05",1535,"13028",,"2","9","0","2",,"1","037","C","N",,0,0,,,0,,,,"Y",2,"A","-",22350,,"N","B","H","-","A","A","0","Y","A","01",0,0,2,0,0,0,0,0,0,"-","-","UNINCORPORATED","EL DORADO","CA",-120.8303,38.70624
"5864266",0,0,2012,"0900","4","5","3","01",0,1,"A",,,,,"Y",1500,10,"C","C","A","GREEN VALLEY RD","SOPHIA PKWY",12,"W","N","2013-12-20",9245,"2012-10-26",1435,"016629",,"2","9","0","2",,"2","011","-","N",,0,0,,,0,,,,"Y",2,"A","-",23152,"A","N","A","H","-","A","A","0","Y","A","01",0,1,0,0,0,0,0,0,0,"-","-","UNINCORPORATED","EL DORADO","CA",-121.10689,38.70123
"5863184",-120.960384343,38.659697936,2012,"0900","2","6","3","01",0,1,"A",,,"Y",,"Y",2100,10,"F","A","A","RT 50","CAMERON PARK DR",1584,"E","N","2014-04-18",9245,"2012-10-13",1830,"16629",,"2","9","0","1",,"2","110","-","Y","ED",3,50,"-","-",6.98,"H","-","W","N",2,"A","-",23152,"A","N","A","H","-","A","D","1","Y","C","02",0,1,0,0,0,0,0,0,1,"-","-","UNINCORPORATED","EL DORADO","CA",-120.95774,38.65971
"5863079",-120.929103127,38.6902847747,2012,"0900","4","7","4","01",0,1,"A",,,,,"Y",900,10,"E","I","A","NORTH SHINGLE RD","BLACK OAK DR",202,"N","N","2013-12-18",9245,"2012-10-28",855,"13839",,"1","9","0","2",,"1","013","-","N",,0,0,,,0,,,,"Y",1,"A","-",23152,"A","N","A","H","-","A","D","0","Y","A","07",0,0,1,0,0,0,0,0,0,"-","-","UNINCORPORATED","EL DORADO","CA",-120.929,38.69009
"5861929",-120.58935081,38.6208851528,2012,"0900","5","5","4","03",0,1,"D",,,,,,1800,11,"E","I","A","GRIZZLY FLAT RD","STEELE RIDGE RD",500,"S","N","2014-01-02",9245,"2012-11-09",1640,"017728",,"2","9","0","3",,"2","004","-","N",,0,0,,,0,,,,"Y",1,"A","-",22350,,"N","C","-","-","B","D","0","Y","A","01",0,0,1,0,0,0,0,0,0,"-","-","UNINCORPORATED","EL DORADO","CA",-120.57964,38.62044
"5861251",-120.978803424,38.6799393507,2012,"0900","5","5","4","04",0,1,"B",,,,,,1500,11,"C","C","A","MEDER RD","SUDBURY RD",400,"E","N","2014-01-08",9245,"2012-11-30",1350,"17604",,"1","9","0","3",,"2","001","C","N",,0,0,,,0,,,,"N",3,"A","-",21703,,"N","B","H","-","A","D","0","Y","D","22",0,0,1,0,0,0,0,0,0,"-","-","UNINCORPORATED","EL DORADO","CA",-120.97831,38.68024
"5858234",-120.11460774,38.803245145,2012,"0900","2","1","3","03",0,1,"A",,,,,,2400,11,"B","C","A","RT 50","SAYLES CANYON TRACT",1584,"W","N","2014-01-03",9246,"2012-11-19",2240,"018593",,"3","9","0","1",,"1","020","-","Y","ED",3,50,"-","-",61.1,"H","-","W","Y",2,"A","-",22350,,"N","A","H","-","D","D","0","Y","D","22",0,1,0,0,0,0,0,0,0,"-","-","UNINCORPORATED","EL DORADO","CA",-120.12189,38.80256
"5858226",-120.122084465,38.805440692,2012,"0900","2","6","4","03",0,2,"C",,,,"Y",,2100,11,"F","A","A","RT 50","TWIN BRIDGES RD",50,"E","N","2014-01-02",9246,"2012-11-17",1825,"018418",,"2","9","0","1",,"1","020","-","Y","ED",3,50,"-","-",60.38,"H","-","W","Y",1,"A","-",22350,,"N","B","H","-","D","D","0","Y","G","25",0,0,2,0,0,0,0,0,0,"-","-","UNINCORPORATED","EL DORADO","CA",-120.12005,38.81092
"5857640",-120.72063733,38.738109872,2012,"0900","2","4","4","09",0,1,"A",,,,,,900,10,"-","C","A","RT 50","5 MILE RD",850,"W","N","2013-12-18",9245,"2012-10-04",840,"12382",,"1","9","0","1",,"2","140","-","Y","ED",3,50,"-","-",22.68,"H","-","W","Y",2,"A","-",21804,"A","N","A","H","-","A","A","1","Y","A","07",0,0,1,0,0,0,0,0,0,"-","-","UNINCORPORATED","EL DORADO","CA",-120.72252,38.73848
"5855590",-120.811513022,38.698555185,2012,"0900","5","2","4","05",0,2,"A",,,,,,900,10,"F","A","A","LIME KILN RD","RT 49",215,"W","N","2013-12-21",9245,"2012-10-16",750,"013839",,"1","9","0","3",,"2","003","-","Y","ED",3,49,"-","-",12.163,"I","6","N","Y",1,"A","-",21650,,"N","A","H","-","A","D","0","Y","A","01",0,0,2,0,0,0,0,0,0,"-","-","UNINCORPORATED","EL DORADO","CA",-120.81202,38.69905
"5855355",-120.022372913,38.851065258,2012,"0900","2","2","3","09",0,1,"A",,,,,,900,11,"D","C","A","RT 50","RT 89",0,,"Y","2014-01-07",9246,"2012-11-06",735,"010056",,"1","9","0","1",,"1","022","-","Y","ED",3,50,"-","-",70.621,"I","5","E","Y",2,"A","-",21802,"A","N","A","H","-","A","A","0","Y","A","07",0,1,0,0,0,0,0,0,0,"-","-","UNINCORPORATED","EL DORADO","CA",-120.02231,38.85118
"5854982",-121.024595945,38.655173813,2012,"0900","2","7","4","03",0,1,"A",,,,,,2100,11,"C","C","A","RT 50","BASS LAKE RD",1056,"E","N","2014-01-08",9245,"2012-11-04",1830,"15609",,"2","9","0","1",,"2","110","-","Y","ED",3,50,"-","R",3.45,"H","-","E","Y",2,"A","-",22350,,"N","A","D","-","D","D","1","Y","A","07",0,0,1,0,0,0,0,0,0,"-","-","UNINCORPORATED","EL DORADO","CA",-121.01542,38.65495
"5854978",-120.999643032,38.6869051079,2012,"0900","5","5","4","03",0,4,"B",,,,,,1500,11,"C","C","A","CAMBRIDGE RD","ROYAL PARK DR",0,,"Y","2014-01-08",9245,"2012-11-09",1430,"16629",,"2","9","0","3",,"2","001","-","N",,0,0,,,0,,,,"N",2,"A","-",22350,,"N","A","H","-","A","A","0","Y","A","01",0,0,4,0,0,0,0,0,0,"-","-","UNINCORPORATED","EL DORADO","CA",-120.99964,38.68699
"5854974",-120.980870617,38.6773862052,2012,"0900","4","4","4","03",0,1,"B",,,,,,900,11,"C","C","A","CAMERON PARK DR","OXFORD RD",80,"N","N","2014-01-08",9245,"2012-11-08",750,"17604",,"1","9","0","2",,"1","015","-","N",,0,0,,,0,,,,"N",2,"A","-",22350,,"N","A","H","-","A","A","0","Y","A","01",0,0,1,0,0,0,0,0,0,"-","-","UNINCORPORATED","EL DORADO","CA",-120.98088,38.67749
"5854970",0,0,2012,"0900","5","4","3","10",0,1,"B","Y",,,,,600,11,"G","B","B","WINTERHAVEN DR","GREEN VALLEY RD",6,"S","N","2014-01-08",9245,"2012-11-08",515,"17604",,"3","9","0","3",,"2","001","-","N",,0,0,,,0,,,,"N",2,"A","-",21950,"A","N","A","H","-","D","A","0","Y","A","01",0,1,0,0,1,0,0,0,0,"-","-","UNINCORPORATED","EL DORADO","CA",-120.99834,38.69844
"5854842",-121.020662052,38.9103245,2012,"0900","3","6","4","08",0,1,"A",,,"Y",,,1500,10,"F","A","A","RT 49","PLACER CO LINE",8976,"S","N","2013-12-17",9245,"2012-10-20",1200,"13463",,"1","9","0","1",,"1","115","-","Y","ED",3,49,"-","-",36.53,"H","-","N","Y",1,"A","-",22107,,"N","A","H","-","A","D","0","Y","C","02",0,0,1,0,0,0,0,0,1,"-","-","UNINCORPORATED","EL DORADO","CA",0,0
"5852765",-120.821582544,38.9115005582,2012,"0900","5","6","2","08",0,1,"A",,,,,,2100,10,"F","A","A","WENTWORTH SPRINGS RD","HOTCHKISS HILL RD",110,"W","N","2013-12-19",9245,"2012-10-20",1955,"018466",,"2","9","0","3",,"2","002","-","Y",,0,0,,,0,,,,"Y",1,"A","-",22107,,"N","A","H","-","D","D","0","Y","A","08",1,0,0,0,0,0,0,0,0,"-","-","UNINCORPORATED","EL DORADO","CA",-120.82395,38.91239
"5852764",-120.822963037,38.7011250254,2012,"0900","4","5","4","08",0,1,"B",,"Y",,,"Y",2100,10,"D","C","A","MISSOURI FLAT RD","WEDGE HILL RD",0,,"Y","2013-12-19",9245,"2012-10-12",1840,"016629",,"2","9","0","2",,"1","037","-","N",,0,0,,,0,,,,"N",2,"A","-",22107,,"N","A","H","-","D","D","0","Y","L","04",0,0,1,0,0,0,1,0,0,"-","-","UNINCORPORATED","EL DORADO","CA",-120.82317,38.70112
"5848745",-120.74173456,38.6807293909,2012,"0900","4","3","4","08",0,1,"B",,,,,,1800,11,"E","I","A","CEDAR RAVINE RD","PLEASANT VALLEY RD",750,"N","N","2014-01-07",9245,"2012-11-21",1655,"017089",,"2","9","0","2",,"1","041","-","N",,0,0,,,0,,,,"Y",1,"A","-",22107,,"N","B","H","-","D","D","0","Y","D","22",0,0,1,0,0,0,0,0,0,"-","-","UNINCORPORATED","EL DORADO","CA",-120.74154,38.68026
"5848744",-120.181905662,38.789451616,2012,"0900","2","4","4","03",0,2,"D",,,,,,2100,11,"D","C","A","RT 50","WRIGHTS LAKE RD",6864,"E","N","2014-01-13",9245,"2012-11-08",1815,"017728",,"2","9","0","1",,"1","170","-","Y","ED",3,50,"-","-",55.64,"H","-","W","Y",2,"A","-",22350,,"N","C","H","-","D","D","0","Y","A","08",0,0,2,0,0,0,0,0,0,"-","-","UNINCORPORATED","EL DORADO","CA",-120.18093,38.78925
"5848743",-120.741252987,38.678705072,2012,"0900","4","4","3","12",0,1,"A",,,,,,2100,10,"A","I","A","PLEASANT VALLEY RD","CEDAR RAVINE RD",0,,"Y","2014-01-07",9245,"2012-10-25",2000,"017728",,"2","9","0","2",,"1","041","-","N",,0,0,,,0,,,,"Y",1,"A","-",22450,"A","N","A","H","-","D","D","0","Y","D","22",0,1,0,0,0,0,0,0,0,"-","-","UNINCORPORATED","EL DORADO","CA",-120.74102,38.6788
"5848741",-120.980028069,38.6730093872,2012,"0900","4","2","4","08",0,2,"A",,,,,,1500,11,"A","C","A","CAMERON PARK DR","EL DORADO ROYALE DR",1056,"N","N","2014-01-07",9245,"2012-11-20",1220,"013248",,"1","9","0","2",,"1","015","-","N",,0,0,,,0,,,,"Y",2,"A","-",22107,,"N","A","H","-","A","D","0","Y","A","07",0,0,2,0,0,0,0,0,0,"-","-","UNINCORPORATED","EL DORADO","CA",0,0
"5848738",-121.029997304,38.657226231,2012,"0900","5","3","4","03",0,1,"A",,,,,,1500,11,"F","I","A","BASS LAKE RD","COUNTRY CLUB DR",250,"N","N","2014-01-07",9245,"2012-11-21",1235,"018466",,"1","9","0","3",,"2","001","C","N",,0,0,,,0,,,,"Y",1,"A","-",22350,,"N","B","H","-","A","D","0","Y","D","22",0,0,1,0,0,0,0,0,0,"-","-","UNINCORPORATED","EL DORADO","CA",-121.03029,38.65744
"5848166",-120.705325634,38.6090472343,2012,"0900","5","4","4","05",0,1,"A",,,,,,900,9,"E","I","A","MOUNT AUKUM RD","FAIRPLAY RD",700,"S","N","2014-02-03",9245,"2012-09-20",813,"012382",,"1","9","0","3",,"2","004","-","N",,0,0,,,0,,,,"Y",1,"A","-",21650,,"N","A","H","-","A","A","0","Y","A","01",0,0,1,0,0,0,0,0,0,"-","-","UNINCORPORATED","EL DORADO","CA",-120.70457,38.60918
"5846863",0,0,2012,"0900","4","4","4","03",0,1,"B",,,,,,1800,10,"C","C","A","PIONEER TRL","BLACK BART AV",50,"E","N","2013-12-23",9246,"2012-10-25",1558,"18418",,"2","9","0","2",,"1","024","-","N",,0,0,,,0,,,,"N",2,"A","-",22350,,"N","B","H","-","A","D","0","Y","D","22",0,0,1,0,0,0,0,0,0,"-","-","UNINCORPORATED","EL DORADO","CA",0,0