"CASEID","POINT_X","POINT_Y","YEAR_","LOCATION","CHPTYPE","DAYWEEK","CRASHSEV","VIOLCAT","KILLED","INJURED","WEATHER1","PEDCOL","BICCOL","MCCOL","TRUCKCOL","ETOH","TIMECAT","MONTH_","CRASHTYP","INVOLVE","PED","PRIMARYRD","SECONDRD","DISTANCE","DIRECT","INTERSECT_","PROCDATE","JURIS","DATE_","TIME_","BADGE","JURIDIST","SHIFT","POP","SPECIAL","BEATTYPE","LAPDDIV","BEATCLAS","BEATNUMB","WEATHER2","STATEHW","CALTRANC","CALTRAND","STROUTE","ROUTESUF","POSTPRE","POSTMILE","LOCATYPE","RAMP","SIDEHW","TOWAWAY","PARTIES","PCF","VIOLCODE","VIOL","VIOLSUB","HITRUN","ROADSURF","RDCOND1","RDCOND2","LIGHTING","RIGHTWAY","CHPRDTYP","NOTPRIV","STFAULT","CHPFAULT","SEVINJ","OTHERINJ","COP","PEDKILL","PEDINJ","BICKILL","BICINJ","MCKILL","MCINJURE","RAMP1","RAMP2","CITY","COUNTY","STATE","X_CHP","Y_CHP"
"5846761",-119.994612837,38.9150951542,2012,"0902","0","1","3","12",0,1,"A",,"Y",,,,2400,4,"D","G","A","JEAN AV","WINNEMUCCA AV",0,,"Y","2013-08-19",902,"2012-04-16",2230,"200",,"5","3","0","0",,"0",,"-","N",,0,0,,,0,,,,"N",2,"A","-",22450,"A","F","A","H","-","D","D","0","Y","L","04",0,1,0,0,0,0,1,0,0,"-","-","SOUTH LAKE TAHOE","EL DORADO","CA",0,0
"5846289",-120.152297917,38.791281689,2012,"0900","2","5","3","03",0,4,"B",,,,,,1800,11,"E","I","A","RT 50","42 MILE STONE",32,"W","N","2014-01-06",9245,"2012-11-09",1755,"017089",,"2","9","0","1",,"1","160","-","Y","ED",3,50,"-","-",57.44,"H","-","E","Y",1,"A","-",22350,,"N","C","H","-","D","D","0","Y","D","22",0,1,3,0,0,0,0,0,0,"-","-","UNINCORPORATED","EL DORADO","CA",-120.15188,38.79199
"5845511",-120.669594987,38.7398657578,2012,"0900","4","4","4","09",0,1,"B",,,,,,900,10,"D","C","A","CARSON RD","PONY EXPRESS TRL",1056,"W","N","2013-12-17",9245,"2012-10-25",740,"13463",,"1","9","0","2",,"1","024","-","N",,0,0,,,0,,,,"N",2,"A","-",21804,"A","N","B","H","-","A","D","0","Y","A","01",0,0,1,0,0,0,0,0,0,"-","-","UNINCORPORATED","EL DORADO","CA",-120.66947,38.73978
"5845503",-120.840607929,38.905758249,2012,"0900","3","5","4","16",0,1,"A",,,,,,1800,11,"A","C","A","RT 193","EVERGREEN CT",280,"S","N","2014-01-08",9245,"2012-11-02",1710,"017089",,"2","9","0","1",,"1","122","-","Y","ED",3,193,"-","-",12.24,"H","-","W","Y",2,"A","-",29004,"A","N","A","H","-","A","D","0","Y","E","22",0,0,1,0,0,0,0,0,0,"-","-","UNINCORPORATED","EL DORADO","CA",-120.84772,38.90817
"5845495",-120.822535413,38.814371706,2012,"0900","3","3","4","08",0,1,"B",,,,,,2100,10,"E","I","A","RT 193","GARDEN VALLEY RD",528,"N","N","2013-12-20",9245,"2012-10-31",2030,"015609",,"2","9","0","1",,"1","122","-","Y","ED",3,193,"-","-",19.3,"H","-","W","Y",1,"A","-",22107,,"N","A","H","-","D","D","0","Y","D","22",0,0,1,0,0,0,0,0,0,"-","-","UNINCORPORATED","EL DORADO","CA",-120.82165,38.81757
"5843381",0,0,2012,"0900","5","7","4","05",0,1,"A",,"Y",,,,1200,11,"B","G","A","LUNEMAN RD","PALMER DR",225,"S","N","2014-01-07",9245,"2012-11-04",1125,"016451",,"1","9","0","3",,"2","001","-","N",,0,0,,,0,,,,"N",2,"A","-",21650,,"N","A","H","-","A","D","0","Y","L","04",0,0,1,0,0,0,1,0,0,"-","-","UNINCORPORATED","EL DORADO","CA",-120.96903,38.76259
"5840150",-120.96958581,38.6581606256,2012,"0900","5","2","4","01",0,1,"A",,,,,"Y",1800,10,"C","C","A","COACH LN","CAMERON PARK DR",135,"W","N","2013-12-20",9245,"2012-10-02",1720,"13248",,"2","9","0","3",,"2","003","-","N",,0,0,,,0,,,,"N",3,"A","-",23152,"A","N","A","H","-","A","D","0","Y","A","07",0,0,1,0,0,0,0,0,0,"-","-","UNINCORPORATED","EL DORADO","CA",-120.96917,38.65813
"5839651",-120.703482917,38.610035088,2012,"0900","4","1","4","03",0,1,"A",,,,,,1800,10,"C","C","A","MOUNT AUKUM RD","FAIRPLAY RD",0,,"Y","2013-12-23",9245,"2012-10-01",1600,"018114",,"2","9","0","2",,"1","042","-","N",,0,0,,,0,,,,"N",2,"A","-",22350,,"N","A","H","-","A","D","0","Y","A","01",0,0,1,0,0,0,0,0,0,"-","-","UNINCORPORATED","EL DORADO","CA",-120.70345,38.61019
"5839647",-120.736730588,38.738560393,2012,"0900","2","2","4","08",0,2,"A",,,,,,1500,10,"E","I","A","RT 50","STILL MEADOW RD",1584,"W","N","2013-12-23",9245,"2012-10-09",1310,"015459",,"1","9","0","1",,"2","140","-","Y","ED",3,50,"-","-",21.76,"H","-","W","Y",1,"A","-",22107,,"N","A","H","-","A","D","1","Y","A","07",0,0,2,0,0,0,0,0,0,"-","-","UNINCORPORATED","EL DORADO","CA",-120.73851,38.73827
"5838878",-120.779420917,38.7360905301,2012,"0901","0","4","4","01",0,2,"A",,,,,"Y",2100,10,"A","C","A","SCHNELL SCHOOL RD","WOODMAN CR",60,"S","N","2014-01-03",901,"2012-10-11",2023,"224","0901","5","2","0","0",,"0","PP2","-","N",,0,0,,,0,,,,"Y",2,"A","-",23152,"A","N","A","H","-","C","D","0","Y","-","-",0,0,2,0,0,0,0,0,0,"-","-","PLACERVILLE","EL DORADO","CA",0,0
"5837980",-120.530355339,38.76058835,2012,"0900","2","7","3","08",0,2,"A",,,,,,1800,9,"E","I","A","RT 50","FOREST RD",500,"W","N","2014-04-19",9245,"2012-09-09",1700,"18653",,"2","9","0","1",,"2","150","-","Y","ED",3,50,"-","-",34.29,"H","-","W","Y",1,"A","-",22107,,"N","A","H","-","A","D","1","Y","A","01",0,1,1,0,0,0,0,0,0,"-","-","UNINCORPORATED","EL DORADO","CA",-120.53229,38.76111
"5837976",-120.950509239,38.7118477838,2012,"0900","4","5","2","03",0,1,"A",,,"Y",,,1500,9,"F","A","A","GREEN VALLEY RD","SKINNER LN",45,"W","N","2013-12-11",9245,"2012-09-14",1330,"11511",,"1","9","0","2",,"2","011","-","N",,0,0,,,0,,,,"Y",1,"A","-",22350,,"N","A","H","-","A","D","0","Y","C","02",1,0,0,0,0,0,0,0,1,"-","-","UNINCORPORATED","EL DORADO","CA",-120.95069,38.71182
"5836874",-120.714367295,38.7151962607,2012,"0900","4","7","3","01",0,1,"A",,,"Y",,"Y",2100,9,"F","I","A","NEWTOWN RD","PIONEER HILL RD",84,"S","N","2013-12-07",9245,"2012-09-30",1915,"16451",,"2","9","0","2",,"1","045","-","N",,0,0,,,0,,,,"Y",1,"A","-",23152,"A","N","A","H","-","D","D","0","Y","C","02",0,1,0,0,0,0,0,0,1,"-","-","UNINCORPORATED","EL DORADO","CA",-120.71497,38.71605
"5836532",-120.602992965,38.6986550844,2012,"0900","4","7","2","05",0,2,"A",,,"Y",,,1500,9,"D","C","A","SLY PARK RD","JUAREZ RD",0,,"Y","2013-12-12",9245,"2012-09-30",1435,"018114",,"2","9","0","2",,"1","041","-","N",,0,0,,,0,,,,"Y",2,"A","-",21460,"A","N","A","H","-","A","D","0","Y","C","02",1,1,0,0,0,0,0,0,1,"-","-","UNINCORPORATED","EL DORADO","CA",-120.60298,38.69857
"5833856",-120.771240244,38.6784255692,2012,"0900","4","1","4","01",0,2,"A",,,,,"Y",1200,11,"C","C","A","PLEASANT VALLEY RD","OAK HILL RD",10,"E","N","2014-01-09",9245,"2012-11-19",1005,"18653",,"1","9","0","2",,"1","037","-","N",,0,0,,,0,,,,"N",2,"A","-",23152,"A","F","A","H","-","A","D","0","Y","D","22",0,0,2,0,0,0,0,0,0,"-","-","UNINCORPORATED","EL DORADO","CA",-120.77116,38.67846
"5833852",-120.79651012,38.924396576,2012,"0900","5","1","4","03",0,1,"A",,,,,,2100,11,"E","J","A","WENTWORTH SPRINGS RD","BUCKEYE LAKE RD",21,"E","N","2014-01-08",9245,"2012-11-19",2030,"15262",,"2","9","0","3",,"2","002","-","N",,0,0,,,0,,,,"Y",1,"A","-",22350,,"N","A","H","-","D","A","0","Y","D","22",0,0,1,0,0,0,0,0,0,"-","-","UNINCORPORATED","EL DORADO","CA",-120.7965,38.92435
"5833844",-120.876263002,38.8419050734,2012,"0900","4","3","3","01",0,1,"A",,,,,"Y",1800,11,"D","C","A","MARSHALL RD","MOUNT MURPHY RD",0,,"Y","2014-01-09",9245,"2012-11-14",1618,"16629",,"2","9","0","2",,"1","021","-","N",,0,0,,,0,,,,"Y",2,"A","-",23152,"A","N","A","H","-","A","D","0","Y","A","07",0,1,0,0,0,0,0,0,0,"-","-","UNINCORPORATED","EL DORADO","CA",-120.8765,38.84171
"5833260",-120.006002913,38.9090851097,2012,"0902","0","4","2","03",0,1,"A","Y",,,,,2100,3,"B","B","E","TATA LN","B ST",0,,"Y","2013-07-31",902,"2012-03-01",1909,"HOUNSELL",,"5","3","0","0",,"0",,"-","N",,0,0,,,0,,,,"N",2,"A","-",22350,,"F","C","-","-","D","A","0","Y","D","22",1,0,0,0,1,0,0,0,0,"-","-","SOUTH LAKE TAHOE","EL DORADO","CA",0,0
"5832147",-120.969206766,38.6604617376,2012,"0900","4","4","2","01",0,1,"A",,,"Y",,"Y",300,9,"E","I","A","CAMERON PARK DR","COUNTRY CLUB DR",40,"N","N","2013-12-10",9245,"2012-09-13",146,"016059",,"3","9","0","2",,"1","015","-","N",,0,0,,,0,,,,"Y",1,"A","-",23152,"A","N","A","H","-","C","D","0","Y","C","02",1,0,0,0,0,0,0,0,1,"-","-","UNINCORPORATED","EL DORADO","CA",-120.96894,38.6601
"5832146",-120.969194141,38.6604217584,2012,"0900","4","4","3","01",0,1,"A",,,"Y",,"Y",300,9,"F","A","A","CAMERON PARK DR","COUNTRY CLUB DR",25,"N","N","2013-12-10",9245,"2012-09-13",145,"016059",,"3","9","0","2",,"1","015","-","N",,0,0,,,0,,,,"Y",1,"A","-",23152,"A","N","A","H","-","C","D","0","Y","C","02",0,1,0,0,0,0,0,0,1,"-","-","UNINCORPORATED","EL DORADO","CA",-120.96894,38.6601
"5832145",-120.85217302,38.622175176,2012,"0900","3","5","4","08",0,1,"A",,,,,,1500,9,"E","J","A","RT 49","POST RD",290,"S","N","2013-12-10",9245,"2012-09-28",1220,"013248",,"1","9","0","1",,"1","135","-","Y","ED",3,49,"-","-",5.32,"H","-","N","Y",1,"A","-",22107,,"N","A","H","-","A","D","0","Y","A","01",0,0,1,0,0,0,0,0,0,"-","-","UNINCORPORATED","EL DORADO","CA",0,0
"5832144",-120.853413873,38.600964111,2012,"0900","3","5","3","08",0,2,"A",,,"Y",,"Y",2400,9,"F","A","A","RT 49","MORALES RANCH RD",75,"S","N","2013-12-10",9245,"2012-09-07",2100,"016629",,"2","9","0","1",,"1","135","-","Y","ED",3,49,"-","-",3.83,"H","-","S","Y",1,"A","-",22107,,"N","A","H","-","A","A","0","Y","C","02",0,1,1,0,0,0,0,0,2,"-","-","UNINCORPORATED","EL DORADO","CA",-120.85299,38.60096
"5831242",-120.833858162,38.722117808,2012,"0901","0","5","4","03",0,1,"A",,,,,,1800,9,"C","C","A","PLACERVILLE DR","FAIR LN",63,"N","N","2013-12-07",901,"2012-09-28",1516,"248","0901","5","2","0","0",,"0","PP1","-","N",,0,0,,,0,,,,"N",2,"A","-",22350,,"N","A","H","-","A","A","0","Y","-","-",0,0,1,0,0,0,0,0,0,"-","-","PLACERVILLE","EL DORADO","CA",0,0
"5831238",-120.831742753,38.7326892646,2012,"0901","0","5","4","03",0,1,"A",,,,,,900,9,"D","C","A","PLACERVILLE DR","PIERROZ RD",240,"S","N","2013-12-07",901,"2012-09-28",810,"248","0901","5","2","0","0",,"0","PP2","-","N",,0,0,,,0,,,,"N",2,"A","-",22350,,"N","A","H","-","A","A","0","Y","-","-",0,0,1,0,0,0,0,0,0,"-","-","PLACERVILLE","EL DORADO","CA",0,0
"5831230",-120.825092819,38.73424055,2012,"0901","0","1","4","11",0,1,"A","Y",,,,,1500,9,"G","B","E","COLD SPRINGS RD","SLEEPY HOLLOW CT",99,"W","N","2013-12-07",901,"2012-09-17",1406,"237","0901","5","2","0","0",,"0","PP1","-","N",,0,0,,,0,,,,"N",2,"A","-",21954,"A","N","A","H","-","A","A","0","Y","N","60",0,0,1,0,1,0,0,0,0,"-","-","PLACERVILLE","EL DORADO","CA",0,0
"5830767",-121.063843013,38.6701350079,2012,"0900","5","1","3","00",0,4,"A",,,,,,2400,11,"B","C","A","SILVA VALLEY PKY","SERRANO PKWY",0,,"Y","2014-01-07",9245,"2012-11-05",2208,"012833",,"3","9","0","3",,"2","001","-","N",,0,0,,,0,,,,"Y",2,"D","-",0,,"N","A","H","-","C","A","0","Y","-","-",0,2,2,0,0,0,0,0,0,"-","-","UNINCORPORATED","EL DORADO","CA",-121.06376,38.6701
"5825426",-121.029848406,38.7022375171,2012,"0900","4","3","3","18",0,1,"A",,,"Y",,,900,9,"E","H","A","GREEN VALLEY RD","DEER VALLEY RD",600,"E","N","2013-12-03",9245,"2012-09-05",715,"018240",,"1","9","0","2",,"2","011","-","N",,0,0,,,0,,,,"N",1,"C","-",0,,"N","A","H","-","A","D","0","Y","-","-",0,1,0,0,0,0,0,0,1,"-","-","UNINCORPORATED","EL DORADO","CA",0,0
"5824508",-120.676275108,38.734558716,2012,"0900","2","3","3","05",0,1,"B",,,,,,1800,9,"E","I","A","RT 50","SNOWS RD",142,"W","N","2013-12-04",9245,"2012-09-05",1550,"16465",,"2","9","0","1",,"2","140","-","Y","ED",3,50,"-","-",25.23,"H","-","E","Y",1,"A","-",21650,,"N","A","H","-","A","D","1","Y","A","07",0,1,0,0,0,0,0,0,0,"-","-","UNINCORPORATED","EL DORADO","CA",-120.67647,38.73454
"5824490",-120.246799394,38.6560856834,2012,"0900","5","5","3","05",0,1,"A",,,"Y",,,1800,9,"E","I","A","MORMON EMIGRANT TRL","SILVER FORK RD",615,"E","N","2013-12-04",9245,"2012-09-21",1630,"16465",,"2","9","0","3",,"2","004","-","N",,0,0,,,0,,,,"Y",1,"A","-",21650,,"N","A","H","-","A","D","0","Y","C","02",0,1,0,0,0,0,0,0,1,"-","-","UNINCORPORATED","EL DORADO","CA",-120.24681,38.65607
"5824412",-121.027514525,38.7852770129,2012,"0900","4","1","2","01",0,1,"A",,,"Y",,"Y",2100,9,"E","I","A","SALMON FALLS RD","GALLAGHER RD",150,"S","N","2014-01-08",9245,"2012-09-03",1955,"016059",,"2","9","0","2",,"2","012","-","N",,0,0,,,0,,,,"Y",1,"A","-",23152,"A","N","A","H","-","D","D","0","Y","C","02",1,0,0,0,0,0,0,0,1,"-","-","UNINCORPORATED","EL DORADO","CA",-121.02734,38.78548
"5824408",-120.867513506,38.700772278,2012,"0900","2","7","4","01",0,1,"A",,,,,,900,9,"E","J","A","RT 50","EL DORADO RD",3168,"W","N","2013-12-03",9245,"2012-09-02",740,"015262",,"1","9","0","1",,"2","120","-","Y","ED",3,50,"-","R",13.41,"H","-","E","Y",1,"A","-",23152,"A","N","A","D","-","A","A","1","Y","A","01",0,0,1,0,0,0,0,0,0,"-","-","UNINCORPORATED","EL DORADO","CA",-120.86636,38.70114
"5824356",-119.946292963,38.953235214,2012,"0902","0","7","4","-",0,1,"A","Y",,,,,2400,9,"G","B","D","PIONEER TR","ECHO AV",0,,"Y","2013-12-07",902,"2012-09-02",2301,,,"5","3","0","0",,"0",,"-","N",,0,0,,,0,,,,"N",2,"-","-",0,,"N","A","H","-","C","A","0","Y","-","-",0,0,1,0,1,0,0,0,0,"-","-","SOUTH LAKE TAHOE","EL DORADO","CA",0,0
"5824280",-120.993413817,38.5701496941,2012,"0900","4","1","3","08",0,1,"A",,,,,,600,9,"F","A","A","LATROBE RD","OLD STATION LN",3696,"N","N","2013-12-02",9245,"2012-09-10",445,"015609",,"3","9","0","2",,"2","031","-","N",,0,0,,,0,,,,"Y",1,"A","-",22107,,"N","A","H","-","D","D","0","Y","A","08",0,1,0,0,0,0,0,0,0,"-","-","UNINCORPORATED","EL DORADO","CA",-120.99374,38.5745
"5824276",-120.670664413,38.6983996914,2012,"0900","4","1","2","08",0,1,"A","Y",,,,,2100,9,"G","B","E","NEWTOWN RD","STARKS GRADE",200,"N","N","2013-12-03",9245,"2012-09-10",1830,"017756",,"2","9","0","2",,"1","045","-","N",,0,0,,,0,,,,"N",2,"A","-",22107,,"F","A","H","-","A","D","0","Y","-","99",1,0,0,0,1,0,0,0,0,"-","-","UNINCORPORATED","EL DORADO","CA",-120.6705,38.6984
"5824256",-121.072690882,38.652110845,2012,"0900","2","1","4","03",0,2,"A",,,,,,2100,9,"D","C","A","RT 50","LATROBE RD",200,"W","N","2013-12-03",9245,"2012-09-10",1835,"018114",,"2","9","0","1",,"2","110","-","Y","ED",3,50,"-","-",0.82,"H","-","E","Y",2,"A","-",22350,,"N","A","H","-","A","D","1","Y","A","01",0,0,2,0,0,0,0,0,0,"-","-","UNINCORPORATED","EL DORADO","CA",-121.07175,38.65232
"5824252",-121.022912871,38.655144338,2012,"0900","2","1","4","03",0,1,"A",,,,,,1800,9,"C","C","A","RT 50","BASS LAKE RD",1584,"E","N","2013-12-03",9245,"2012-09-10",1705,"018114",,"2","9","0","1",,"2","110","-","Y","ED",3,50,"-","R",3.55,"H","-","E","Y",4,"A","-",22350,,"N","A","H","-","A","D","1","Y","D","22",0,0,1,0,0,0,0,0,0,"-","-","UNINCORPORATED","EL DORADO","CA",-121.01887,38.65509
"5823413",-120.939283039,38.662285172,2012,"0900","2","6","4","03",0,1,"A",,,"Y",,,1800,10,"C","C","A","RT 50","PONDEROSA RD",40,"E","N","2013-12-20",9245,"2012-10-20",1725,"017089",,"2","9","0","1",,"2","120","-","Y","ED",3,50,"-","R",8.598,"R","4","W","Y",2,"A","-",22350,,"N","A","H","-","A","D","1","Y","C","02",0,0,1,0,0,0,0,0,1,"-","-","UNINCORPORATED","EL DORADO","CA",-120.93788,38.66356
"5823345",0,0,2012,"0900","4","7","3","01",0,1,"B",,,,,"Y",2100,10,"E","I","A","CEDAR RAVINE RD","DENNY LN",725,"S","N","2013-12-20",9245,"2012-10-28",2018,"012833",,"2","9","0","2",,"1","041","-","N",,0,0,,,0,,,,"Y",1,"A","-",23152,"A","N","A","H","-","D","D","0","Y","A","01",0,1,0,0,0,0,0,0,0,"-","-","UNINCORPORATED","EL DORADO","CA",-120.74986,38.68841
"5822795",-120.726916943,38.7970623956,2012,"0900","4","4","4","08",0,1,"A",,,,,,2100,9,"E","J","A","MOSQUITO RD","ROCK CREEK RD",615,"E","N","2014-03-26",9245,"2012-09-13",1845,"16465",,"2","9","0","2",,"1","023","-","N",,0,0,,,0,,,,"Y",1,"A","-",22107,,"N","A","H","-","A","D","0","Y","A","01",0,0,1,0,0,0,0,0,0,"-","-","UNINCORPORATED","EL DORADO","CA",-120.72714,38.79704
"5822771",-121.058307158,38.7503998221,2012,"0900","4","1","4","18",0,1,"A",,,,,,1200,9,"E","I","A","SALMON FALLS RD","GALLAGHER RD",21120,"S","N","2014-03-26",9245,"2012-09-17",940,"15459",,"1","9","0","2",,"2","012","-","N",,0,0,,,0,,,,"Y",1,"C","-",0,,"N","A","H","-","A","D","0","Y","-","-",0,0,1,0,0,0,0,0,0,"-","-","UNINCORPORATED","EL DORADO","CA",-121.03223,38.78355
"5817189",0,0,2012,"0900","4","3","3","05",0,2,"B",,,,,,1200,10,"E","I","A","FORNI RD","AMBER LN",90,"W","N","2013-12-16",9245,"2012-10-24",908,"013028",,"1","9","0","2",,"1","037","C","N",,0,0,,,0,,,,"Y",1,"A","-",21650,,"N","B","H","-","A","D","0","Y","D","22",0,2,0,0,0,0,0,0,0,"-","-","UNINCORPORATED","EL DORADO","CA",-120.83152,38.70256
"5814975",-120.833199963,38.873944295,2012,"0900","3","3","4","05",0,1,"A",,,,,,1500,12,"E","I","A","RT 193","VAN CT",460,"E","N","2013-03-13",9245,"2012-12-12",1351,"13839",,"1","9","0","1",,"1","122","-","Y","ED",3,193,"-","-",14.68,"H","-","E","Y",1,"A","-",21650,,"N","A","H","-","A","D","0","Y","J","48",0,0,1,0,0,0,0,0,0,"-","-","UNINCORPORATED","EL DORADO","CA",-120.83207,38.87722
"5814000",-120.85136006,38.619633477,2012,"0900","3","7","4","05",0,1,"A",,,,,,1800,8,"B","C","A","RT 49","POST RD",1200,"S","N","2013-11-23",9245,"2012-08-19",1500,"018624",,"2","9","0","1",,"1","135","-","Y","ED",3,49,"-","-",5.14,"H","-","S","Y",2,"A","-",21460,"A","N","A","H","-","A","D","0","Y","A","01",0,0,1,0,0,0,0,0,0,"-","-","UNINCORPORATED","EL DORADO","CA",-120.85156,38.62023
"5813999",-120.99543683,38.6984616556,2012,"0900","4","5","4","03",0,1,"A",,,,,,1800,8,"C","C","A","CAMERON PARK DR","GREEN VALLEY RD",200,"S","N","2013-11-23",9245,"2012-08-24",1520,"017737",,"2","9","0","2",,"1","015","-","N",,0,0,,,0,,,,"N",2,"A","-",22350,,"N","A","H","-","A","D","0","Y","A","01",0,0,1,0,0,0,0,0,0,"-","-","UNINCORPORATED","EL DORADO","CA",-120.9958,38.6982
"5813996",-120.753916046,38.7796165804,2012,"0900","4","6","4","05",0,1,"A",,,,,,1500,8,"A","C","A","MOSQUITO RD","LA PAZ RD",3696,"S","N","2013-11-23",9245,"2012-08-25",1330,"017728",,"1","9","0","2",,"1","023","-","N",,0,0,,,0,,,,"Y",2,"A","-",21650,,"N","A","H","-","A","D","0","Y","A","01",0,0,1,0,0,0,0,0,0,"-","-","UNINCORPORATED","EL DORADO","CA",-120.7479,38.78601
"5813928",-120.388196327,38.9239187542,2012,"0900","4","6","3","08",0,1,"A",,,"Y",,,1500,8,"E","I","A","ICE HOUSE RD","ROBB'S PEAK RD",1056,"S","N","2013-11-23",9245,"2012-08-18",1210,"017728",,"1","9","0","2",,"1","026","-","N",,0,0,,,0,,,,"Y",1,"A","-",22107,,"N","A","H","-","A","D","0","Y","C","02",0,1,0,0,0,0,0,0,1,"-","-","UNINCORPORATED","EL DORADO","CA",-120.38798,38.92429
"5813924",-120.785919886,38.6956633925,2012,"0900","5","6","2","05",0,1,"A",,,"Y",,,1200,8,"B","C","A","BIG CUT RD","QUARRY RD",550,"N","N","2013-11-23",9245,"2012-08-18",1121,"012382",,"1","9","0","3",,"2","004","-","N",,0,0,,,0,,,,"N",2,"A","-",21650,,"N","A","H","-","A","A","0","Y","C","02",1,0,0,0,0,0,0,0,1,"-","-","UNINCORPORATED","EL DORADO","CA",-120.78671,38.69635
"5813071",0,0,2012,"0900","5","2","3","01",0,1,"A",,,,,"Y",2400,8,"E","E","A","GATEWAY DR","SANDPIPER WY",1375,"N","N","2013-11-27",9245,"2012-08-28",2130,"012833",,"2","9","0","3",,"2","001","-","N",,0,0,,,0,,,,"Y",3,"A","-",23152,"A","M","A","H","-","D","D","0","Y","A","01",0,1,0,0,0,0,0,0,0,"-","-","UNINCORPORATED","EL DORADO","CA",-121.00532,38.69274
"5813038",-120.834932975,38.7203409772,2012,"0900","2","6","3","05",0,1,"A",,,"Y",,,1200,7,"F","A","A","RT 50","PLACERVILLE DR",550,"W","N","2013-11-18",9245,"2012-07-07",1115,"011511",,"1","9","0","1",,"2","120","-","Y",,0,0,,,0,,,,"Y",1,"A","-",21650,,"N","A","H","-","A","D","0","Y","C","02",0,1,0,0,0,0,0,0,1,"-","-","UNINCORPORATED","EL DORADO","CA",-120.83493,38.72023
"5813034",-121.07543143,38.651218482,2012,"0900","2","4","3","03",0,1,"A",,,"Y",,,2100,8,"F","A","A","RT 50","LATROBE RD",1000,"W","N","2014-04-19",9245,"2012-08-16",1830,"018653",,"2","9","0","1",,"2","110","-","Y","ED",3,50,"-","-",0.67,"H","-","E","Y",1,"A","-",22350,,"N","A","H","-","A","D","1","Y","C","02",0,1,0,0,0,0,0,0,1,"-","-","UNINCORPORATED","EL DORADO","CA",-121.07509,38.65114
"5812981",-120.938552918,38.6663076722,2012,"0900","4","3","4","03",0,1,"A",,,,,,1800,8,"C","C","A","PONDEROSA RD","DEELANE RD",10,"S","N","2013-11-18",9245,"2012-08-29",1515,"016465",,"2","9","0","2",,"1","013","-","N",,0,0,,,0,,,,"N",2,"A","-",22350,,"N","A","H","-","A","D","0","Y","A","01",0,0,1,0,0,0,0,0,0,"-","-","UNINCORPORATED","EL DORADO","CA",-120.93858,38.66603
"5812977",0,0,2012,"0900","4","4","4","06",0,1,"A",,,,,,1800,8,"B","C","A","EL DORADO HILLS BL","CROWN DR",200,"S","N","2013-11-18",9245,"2012-08-23",1520,"016629",,"2","9","0","2",,"2","012","-","N",,0,0,,,0,,,,"Y",2,"A","-",21750,,"N","A","H","-","A","D","0","Y","A","07",0,0,1,0,0,0,0,0,0,"-","-","UNINCORPORATED","EL DORADO","CA",-121.08289,38.69666
"5812896",-120.830874114,38.7212241863,2012,"0900","5","4","4","03",0,1,"A",,,,,,1800,8,"E","I","A","FORNI RD","LO HI WY",80,"E","N","2013-11-16",9245,"2012-08-09",1620,"016629",,"2","9","0","3",,"2","003","-","N",,0,0,,,0,,,,"Y",1,"A","-",22350,,"N","A","H","-","A","D","0","Y","A","08",0,0,1,0,0,0,0,0,0,"-","-","UNINCORPORATED","EL DORADO","CA",0,0
"5812816",-120.836129855,38.7259470088,2012,"0901","0","6","4","09",0,2,"A",,,,,,1500,8,"D","C","A","PLACERVILLE DR","ARMORY DR",246,"N","N","2013-11-09",901,"2012-08-04",1251,"264","0901","5","2","0","0",,"0","PP1","-","N",,0,0,,,0,,,,"Y",2,"A","-",21801,"A","N","A","H","-","A","D","0","Y","-","-",0,0,2,0,0,0,0,0,0,"-","-","PLACERVILLE","EL DORADO","CA",0,0
"5812812",-120.803931472,38.72839511,2012,"0901","0","1","3","03",0,4,"A",,,,,,1800,8,"C","C","A","RT 50","CANAL ST",1187,"W","N","2013-11-09",901,"2012-08-20",1535,"237","0901","5","2","0","0",,"0","PP1","-","Y","ED",3,50,"-","-",17.74,"H","-","E","N",2,"A","-",22350,,"N","A","H","-","A","A","0","Y","-","-",0,1,3,0,0,0,0,0,0,"-","-","PLACERVILLE","EL DORADO","CA",0,0
"5812808",-120.809766018,38.724302144,2012,"0901","0","3","3","09",0,1,"A",,,,,,2100,8,"A","C","A","RT 49","SKYLINE DR",0,,"Y","2014-05-06",901,"2012-08-29",2048,"236","0901","5","2","0","0",,"0","PP1","-","Y","ED",3,49,"-","-",14.08,"I","5","N","N",2,"A","-",21802,"A","M","A","H","-","C","D","0","Y","-","-",0,1,0,0,0,0,0,0,0,"-","-","PLACERVILLE","EL DORADO","CA",0,0
"5812591",-120.534602358,38.7228248467,2012,"0900","5","6","4","08",0,2,"A",,,,,,1800,8,"F","A","A","MORMON EMIGRANT TRL","SLY PARK RD",15840,"E","N","2013-11-12",9245,"2012-08-11",1545,"17737",,"2","9","0","3",,"2","004","-","N",,0,0,,,0,,,,"Y",1,"A","-",22107,,"N","A","H","-","A","D","0","Y","A","01",0,0,2,0,0,0,0,0,0,"-","-","UNINCORPORATED","EL DORADO","CA",-120.626,38.7281