"CASEID","POINT_X","POINT_Y","YEAR_","LOCATION","CHPTYPE","DAYWEEK","CRASHSEV","VIOLCAT","KILLED","INJURED","WEATHER1","PEDCOL","BICCOL","MCCOL","TRUCKCOL","ETOH","TIMECAT","MONTH_","CRASHTYP","INVOLVE","PED","PRIMARYRD","SECONDRD","DISTANCE","DIRECT","INTERSECT_","PROCDATE","JURIS","DATE_","TIME_","BADGE","JURIDIST","SHIFT","POP","SPECIAL","BEATTYPE","LAPDDIV","BEATCLAS","BEATNUMB","WEATHER2","STATEHW","CALTRANC","CALTRAND","STROUTE","ROUTESUF","POSTPRE","POSTMILE","LOCATYPE","RAMP","SIDEHW","TOWAWAY","PARTIES","PCF","VIOLCODE","VIOL","VIOLSUB","HITRUN","ROADSURF","RDCOND1","RDCOND2","LIGHTING","RIGHTWAY","CHPRDTYP","NOTPRIV","STFAULT","CHPFAULT","SEVINJ","OTHERINJ","COP","PEDKILL","PEDINJ","BICKILL","BICINJ","MCKILL","MCINJURE","RAMP1","RAMP2","CITY","COUNTY","STATE","X_CHP","Y_CHP"
"5812590",-120.728609072,38.7209913251,2012,"0900","5","4","3","08",0,1,"A",,,"Y",,,2100,8,"A","I","A","NEWTOWN RD","FORT JIM RD",5280,"N","N","2013-11-12",9245,"2012-08-16",1820,"17728",,"2","9","0","3",,"2","004","-","N",,0,0,,,0,,,,"Y",1,"A","-",22107,,"N","A","H","-","A","D","0","Y","C","02",0,1,0,0,0,0,0,0,1,"-","-","UNINCORPORATED","EL DORADO","CA",-120.68462,38.70676
"5812572",-120.732427818,38.5518939049,2012,"0900","4","2","3","08",0,1,"A",,"Y",,,,900,8,"B","G","A","MOUNT AUKUM RD","CEDAR CREEK RD",2640,"S","N","2013-11-12",9245,"2012-08-14",630,"15459",,"1","9","0","2",,"1","042","-","N",,0,0,,,0,,,,"N",2,"A","-",22107,,"F","A","H","-","A","D","0","Y","A","01",0,1,0,0,0,0,1,0,0,"-","-","UNINCORPORATED","EL DORADO","CA",0,0
"5812571",-121.065933058,38.654645162,2012,"0900","4","1","4","03",0,2,"A",,,,,,2100,8,"C","C","A","EL DORADO HILLS BL","RT 50",12,"N","N","2013-11-12",9245,"2012-08-13",1810,"13248",,"2","9","0","2",,"2","012","-","Y","ED",3,50,"-","-",1.048,"R","4","W","N",2,"A","-",22350,,"N","A","H","-","A","A","1","Y","A","08",0,0,2,0,0,0,0,0,0,"-","-","UNINCORPORATED","EL DORADO","CA",-121.07083,38.65348
"5811935",-119.988676077,38.923721458,2012,"0902","0","5","2","09",0,2,"A",,,"Y",,,1500,8,"-","C","A","LAKE TAHOE BL","LODI AV",0,,"Y","2013-11-30",902,"2012-08-24",1218,,,"5","3","0","0",,"0",,"-","Y","ED",3,50,"-","-",76.56,"I","5","W","Y",2,"A","-",21802,"A","N","A","H","-","A","A","0","Y","A","01",1,1,0,0,0,0,0,0,2,"-","-","SOUTH LAKE TAHOE","EL DORADO","CA",0,0
"5811583",-121.07186027,38.6562782345,2012,"0900","4","6","4","09",0,2,"A",,,,,,1800,10,"D","C","A","EL DORADO HILLS BL","PARK DR",200,"S","N","2013-12-18",9245,"2012-10-20",1650,"17728",,"2","9","0","2",,"2","012","-","N",,0,0,,,0,,,,"Y",2,"A","-",21453,"C","N","A","H","-","A","A","0","Y","A","07",0,0,2,0,0,0,0,0,0,"-","-","UNINCORPORATED","EL DORADO","CA",-121.07082,38.65313
"5811582",-121.042214711,38.7699467932,2012,"0900","4","3","4","03",0,1,"B",,,,,,1200,10,"E","I","A","SALMON FALLS RD","DORADO RIDGE TRL",870,"N","N","2013-12-16",9245,"2012-10-24",1045,"011511",,"1","9","0","2",,"2","012","C","N",,0,0,,,0,,,,"Y",1,"A","-",22350,,"N","B","H","-","A","D","0","Y","D","22",0,0,1,0,0,0,0,0,0,"-","-","UNINCORPORATED","EL DORADO","CA",-121.0422,38.76971
"5811580",-120.229726355,38.783393627,2012,"0900","2","2","4","03",0,1,"B",,,,,,900,10,"E","I","A","RT 50","WRIGHTS LAKE RD",5280,"W","N","2013-12-16",9245,"2012-10-23",830,"013929",,"1","9","0","1",,"1","160","D","Y","ED",3,50,"-","-",52.84,"H","-","E","Y",1,"A","-",22350,,"N","C","H","-","A","A","0","Y","D","22",0,0,1,0,0,0,0,0,0,"-","-","UNINCORPORATED","EL DORADO","CA",-120.22996,38.9996
"5811579",-120.851105238,38.600490012,2012,"0900","3","3","3","03",0,1,"B",,,,,,900,10,"F","A","A","RT 49","MICA CT",1056,"S","N","2013-12-16",9245,"2012-10-24",735,"011511",,"1","9","0","1",,"1","135","C","Y","ED",3,49,"-","-",3.7,"H","-","S","Y",1,"A","-",22350,,"N","B","H","-","A","D","0","Y","D","22",0,1,0,0,0,0,0,0,0,"-","-","UNINCORPORATED","EL DORADO","CA",-121.0422,38.76971
"5806233",-120.037044905,38.842962165,2012,"0900","2","6","4","08",0,1,"A",,,,,,2100,9,"E","I","A","RT 50","CHIAPA DR",2112,"W","N","2014-04-19",9246,"2012-09-22",1825,"019064",,"2","9","0","1",,"1","021","-","Y","ED",3,50,"-","-",69.62,"H","-","W","Y",1,"A","-",22107,,"N","A","H","-","B","D","0","Y","D","22",0,0,1,0,0,0,0,0,0,"-","-","UNINCORPORATED","EL DORADO","CA",-120.03638,38.84314
"5806213",-120.114081202,38.803123612,2012,"0900","2","1","4","03",0,1,"B",,,,,,1200,10,"F","A","A","RT 50","CAMP SACRAMENTO",1056,"E","N","2013-12-18",9246,"2012-10-22",939,"10056",,"1","9","0","1",,"1","020","D","Y","ED",3,50,"-","-",61.13,"H","-","E","Y",1,"A","-",22350,,"N","C","H","-","A","A","0","Y","D","22",0,0,1,0,0,0,0,0,0,"-","-","UNINCORPORATED","EL DORADO","CA",-120.11604,38.80355
"5805704",-120.842553029,38.709065183,2012,"0900","4","4","4","08",0,2,"B",,,,,,2100,10,"D","C","A","MISSOURI FLAT RD","RT 50",0,,"Y","2013-12-18",9245,"2012-10-11",1910,"016629",,"2","9","0","2",,"1","037","-","Y","ED",3,50,"-","R",14.897,"R","4","E","N",2,"A","-",22101,"D","N","A","H","-","C","A","1","Y","D","22",0,0,2,0,0,0,0,0,0,"-","EF","UNINCORPORATED","EL DORADO","CA",-120.8378,38.71036
"5803732",-120.854209468,38.7347056102,2012,"0900","5","6","4","05",0,1,"A",,,"Y",,,1800,9,"A","C","A","RISING HILL RD","COURSEGOLD RD",30,"S","N","2013-12-14",9245,"2012-09-15",1520,"013248",,"2","9","0","3",,"2","001","-","N",,0,0,,,0,,,,"N",2,"A","-",21650,,"N","A","H","-","A","D","0","Y","C","02",0,0,1,0,0,0,0,0,1,"-","-","UNINCORPORATED","EL DORADO","CA",-120.85393,38.73479
"5801525",-121.062303029,38.636965046,2012,"0900","4","3","2","12",0,2,"A",,,,,,1500,9,"D","D","A","LATROBE RD","SUNCAST LN",0,,"Y","2013-12-09",9245,"2012-09-05",1200,"013248",,"1","9","0","2",,"2","031","-","N",,0,0,,,0,,,,"Y",2,"A","-",21453,"A","N","A","H","-","A","A","0","Y","A","07",1,0,1,0,0,0,0,0,0,"-","-","UNINCORPORATED","EL DORADO","CA",-121.06229,38.637
"5801470",-120.732307732,38.743774393,2012,"0900","5","1","4","05",0,1,"A",,,,,,1800,9,"A","I","A","NORTH CANYON RD","CARSON RD",40,"N","N","2013-12-12",9245,"2012-09-24",1535,"016451",,"2","9","0","3",,"2","002","-","N",,0,0,,,0,,,,"Y",1,"A","-",21650,,"N","A","H","-","A","D","0","Y","A","01",0,0,1,0,0,0,0,0,0,"-","-","UNINCORPORATED","EL DORADO","CA",-120.73198,38.74379
"5801469",-120.24682434,38.6561219137,2012,"0900","5","6","2","05",0,1,"A",,,"Y",,,900,9,"F","A","A","MORMON EMIGRANT TRL","SILVER FORK RD",600,"S","N","2013-12-12",9245,"2012-09-22",635,"012382",,"1","9","0","3",,"2","004","-","N",,0,0,,,0,,,,"Y",1,"A","-",21650,,"N","A","H","-","B","A","0","Y","C","02",1,0,0,0,0,0,0,0,1,"-","-","UNINCORPORATED","EL DORADO","CA",-120.24677,38.65601
"5801468",0,0,2012,"0900","5","7","4","03",0,1,"A",,,"Y",,,1500,9,"F","A","A","WENTWORTH SPRINGS RD","UNCLE TOMS CABIN",8448,"E","N","2013-12-12",9245,"2012-09-16",1220,"016451",,"1","9","0","3",,"2","002","-","N",,0,0,,,0,,,,"Y",1,"A","-",22350,,"N","A","H","-","A","D","0","Y","C","02",0,0,1,0,0,0,0,0,1,"-","-","UNINCORPORATED","EL DORADO","CA",-120.47421,38.9449
"5801467",-120.846948225,38.7227730693,2012,"0900","4","3","4","05",0,1,"A",,,,,,1200,9,"A","C","A","GREEN VALLEY RD","LODE RD",500,"W","N","2013-12-12",9245,"2012-09-12",1000,"013839",,"1","9","0","2",,"2","011","-","N",,0,0,,,0,,,,"Y",2,"A","-",21460,"A","N","A","H","-","A","D","0","Y","A","01",0,0,1,0,0,0,0,0,0,"-","-","UNINCORPORATED","EL DORADO","CA",-120.84777,38.72247
"5801464",-120.852363025,38.67004518,2012,"0900","3","5","4","08",0,1,"A",,,,,,1500,9,"E","I","A","RT 49","MAISY LN",1056,"N","N","2013-12-12",9245,"2012-09-21",1335,"014712",,"1","9","0","1",,"1","135","-","Y","ED",3,49,"-","-",8.75,"H","-","S","Y",1,"A","-",22107,,"N","A","H","-","A","D","0","Y","A","01",0,0,1,0,0,0,0,0,0,"-","-","UNINCORPORATED","EL DORADO","CA",-120.85211,38.67193
"5801463",-120.856951266,38.704731472,2012,"0900","2","2","3","07",0,1,"A",,,,,,1200,9,"F","A","A","ST ANDREWS DR","EL DORADO RD",10,"W","N","2014-04-19",9245,"2012-09-18",948,"13929",,"1","9","0","1",,"2","120","-","Y","ED",3,50,"-","R",14,"H","-","W","Y",1,"A","-",21658,"A","N","A","D","-","A","A","1","Y","A","01",0,1,0,0,0,0,0,0,0,"-","-","UNINCORPORATED","EL DORADO","CA",0,0
"5801462",-121.002405644,38.890216213,2012,"0900","3","7","4","03",0,3,"B",,,,,,1200,9,"C","C","A","RT 193","TRIPLE SEVEN RD",380,"W","N","2013-12-12",9245,"2012-09-23",1051,"015262",,"1","9","0","1",,"1","122","-","Y","ED",3,193,"-","-",0.79,"H","-","W","Y",2,"A","-",22350,,"N","A","H","-","A","A","0","Y","A","01",0,0,3,0,0,0,0,0,0,"-","-","UNINCORPORATED","EL DORADO","CA",-120.003,38.8899
"5801458",-120.822758693,38.9117534101,2012,"0900","5","6","4","01",0,1,"A",,,,,"Y",300,9,"E","J","A","WENTWORTH SPRINGS RD","HANSEN HOLLOW RD",210,"W","N","2013-12-12",9245,"2012-09-15",1,"018624","9245","3","9","0","3",,"2","002","-","N",,0,0,,,0,,,,"Y",1,"A","-",23152,"A","N","A","H","-","D","D","0","Y","A","01",0,0,1,0,0,0,0,0,0,"-","-","UNINCORPORATED","EL DORADO","CA",-120.82269,36.91172
"5801457",-120.899414709,38.8196447485,2012,"0900","4","6","3","01",0,1,"A",,,,,"Y",300,9,"E","I","A","MARSHALL RD","PROSPECTORS RD",3696,"E","N","2013-12-12",9245,"2012-09-08",10,"018624","9245","3","9","0","2",,"1","021","-","N",,0,0,,,0,,,,"Y",1,"A","-",23152,"A","N","A","H","-","D","D","0","Y","A","08",0,1,0,0,0,0,0,0,0,"-","-","UNINCORPORATED","EL DORADO","CA",-120.89924,38.81943
"5801456",-120.689698374,38.6467305431,2012,"0900","4","6","3","08",0,1,"A",,,,,"Y",2400,9,"H","H","A","BUCKS BAR RD","SAND RIDGE RD",550,"E","N","2013-12-12",9245,"2012-09-22",2310,"018466",,"3","9","0","2",,"1","042","-","N",,0,0,,,0,,,,"Y",1,"A","-",22107,,"N","A","H","-","A","D","0","Y","A","07",0,1,0,0,0,0,0,0,0,"-","-","UNINCORPORATED","EL DORADO","CA",-120.68977,38.64666
"5801455",-120.667513043,38.6859522849,2012,"0900","4","7","3","09",0,1,"B",,,,,,1800,9,"A","C","A","PLEASANT VALLEY RD","LEISURE LN",110,"E","N","2013-12-12",9245,"2012-09-23",1520,"018114",,"2","9","0","2",,"1","041","-","N",,0,0,,,0,,,,"Y",2,"A","-",21801,"A","N","A","H","-","A","D","0","Y","A","01",0,1,0,0,0,0,0,0,0,"-","-","UNINCORPORATED","EL DORADO","CA",-120.6679,38.6863
"5801454",-120.669762919,38.7513250973,2012,"0900","5","7","3","05",0,1,"B",,"Y",,,,1500,9,"D","C","A","LARSEN DR","BUMBLE BEE LN",0,,"Y","2013-12-12",9245,"2012-09-23",1310,"018114",,"1","9","0","3",,"2","002","-","N",,0,0,,,0,,,,"N",2,"A","-",21460,"A","N","A","H","-","A","D","0","Y","L","04",0,1,0,0,0,0,1,0,0,"-","-","UNINCORPORATED","EL DORADO","CA",-120.66963,38.75133
"5801080",-120.808208803,38.7348794362,2012,"0901","0","2","3","01",0,2,"A",,,,,"Y",1500,9,"C","C","A","COLOMA ST","HOLLY WY",180,"S","N","2013-12-11",901,"2012-09-11",1235,"248",,"5","2","0","0",,"0","PP1","-","N",,0,0,,,0,,,,"N",2,"A","-",23152,"A","N","A","H","-","A","A","0","Y","-","-",0,1,1,0,0,0,0,0,0,"-","-","PLACERVILLE","EL DORADO","CA",0,0
"5801063",-120.793068065,38.7237114841,2012,"0901","0","1","3","05",0,1,"A",,,,,"Y",2400,9,"F","-","A","CEDAR RAVINE RD","DARLINGTON AV",99,"S","N","2013-12-11",901,"2012-09-03",2323,"261","901","5","2","0","0",,"0","PP2","-","N",,0,0,,,0,,,,"Y",1,"A","-",21650,,"F","A","H","-","C","A","0","Y","-","-",0,1,0,0,0,0,0,0,0,"-","-","PLACERVILLE","EL DORADO","CA",0,0
"5800770",-120.736579814,38.941722044,2012,"0900","5","7","2","01",0,3,"A",,,,,"Y",1800,8,"E","I","A","WENTWORTH SPRINGS RD","HOMEWOOD DR",1945,"W","N","2013-11-08",9245,"2012-08-12",1630,"018624",,"2","9","0","3",,"2","002","-","N",,0,0,,,0,,,,"Y",1,"A","-",23152,"A","N","A","H","-","A","D","0","Y","A","07",1,2,0,0,0,0,0,0,0,"-","-","UNINCORPORATED","EL DORADO","CA",-120.73697,38.94161
"5800751",-119.967945547,38.9163136093,2012,"0900","5","2","3","03",0,1,"A","Y",,,,,1500,6,"G","B","E","CHINQUAPIN DR","GENOA AV",300,"S","N","2013-10-08",9246,"2012-06-26",1325,"14478",,"1","9","0","3",,"2","200","-","N",,0,0,,,0,,,,"N",2,"A","-",22350,,"F","A","H","-","A","A","0","Y","A","07",0,1,0,0,1,0,0,0,0,"-","-","UNINCORPORATED","EL DORADO","CA",-119.96737,38.91634
"5800120",-120.774001006,38.6801009895,2012,"0900","4","5","4","18",0,1,"A",,,"Y",,,1200,9,"E","H","A","PLEASANT VALLEY RD","COMBO CT",415,"E","N","2014-03-19",9245,"2012-09-07",1020,"14712",,"1","9","0","2",,"1","041","-","N",,0,0,,,0,,,,"Y",1,"C","-",0,,"N","A","H","-","A","D","0","Y","-","-",0,0,1,0,0,0,0,0,1,"-","-","UNINCORPORATED","EL DORADO","CA",-120.77417,38.68027
"5798088",-120.571068793,38.718050962,2012,"0900","5","5","3","08",0,3,"A",,,,,,2400,10,"E","I","A","MORMON EMIGRANT TRL","SLY PARK RD",1200,"E","N","2014-05-01",9245,"2012-10-19",2300,"018240",,"3","9","0","3",,"2","004","-","N",,0,0,,,0,,,,"Y",1,"A","-",22107,,"N","A","H","-","D","D","0","Y","D","22",0,1,2,0,0,0,0,0,0,"-","-","UNINCORPORATED","EL DORADO","CA",-120.56574,38.7159
"5797468",-120.820880522,38.693537684,2012,"0900","3","5","4","03",0,1,"A",,,,,,1800,8,"C","C","A","RT 49","SILVER DR",220,"W","N","2013-11-09",9245,"2012-08-31",1545,"16465",,"2","9","0","1",,"1","135","-","Y","ED",3,49,"-","-",11.42,"H","-","N","Y",3,"A","-",22350,,"N","-","A","H","A","D","0","Y","A","01",0,0,1,0,0,0,0,0,0,"-","-","UNINCORPORATED","EL DORADO","CA",-120.81965,38.69345
"5797464",-120.212976483,38.785442523,2012,"0900","2","7","3","05",0,1,"A",,,,,,2100,8,"E","J","A","RT 50","WRIGHTS LAKE RD",0,"E","N","2014-04-19",9245,"2012-08-26",1820,"18624","9245","2","9","0","1",,"1","170","-","Y","ED",3,50,"-","-",53.85,"H","-","W","Y",1,"A","-",21460,"A","N","A","H","-","A","D","0","Y","A","01",0,1,0,0,0,0,0,0,0,"-","-","UNINCORPORATED","EL DORADO","CA",-120.17857,38.78872
"5797460",-120.621172998,38.747675204,2012,"0900","4","7","4","09",0,1,"A",,,,,,1500,8,"D","C","A","SLY PARK RD","RT 50",0,,"Y","2013-11-09",9245,"2012-08-19",1315,"14712",,"1","9","0","2",,"1","043","-","Y","ED",3,50,"-","R",31.184,"R","4","E","N",2,"A","-",21802,"A","N","A","H","-","A","A","1","Y","A","08",0,0,1,0,0,0,0,0,0,"-","-","UNINCORPORATED","EL DORADO","CA",-120.57543,38.76078
"5797456",-120.542428809,38.763156825,2012,"0900","2","7","3","08",0,1,"A",,,,,"Y",900,8,"E","I","A","RT 50","RT 50 7225",450,"W","N","2013-11-09",9245,"2012-08-19",634,"15459",,"1","9","0","1",,"2","150","-","Y","ED",3,50,"-","-",33.6,"H","-","W","Y",1,"A","-",22107,,"N","A","H","-","A","D","1","Y","A","01",0,1,0,0,0,0,0,0,0,"-","-","UNINCORPORATED","EL DORADO","CA",-120.5481,38.76346
"5797448",-120.851012979,38.8376550859,2012,"0900","4","2","4","09",0,1,"A",,,,,,900,8,"D","C","A","GARDEN VALLEY RD","GARDEN PARK DR",0,,"Y","2013-11-09",9245,"2012-08-21",800,"16059",,"1","9","0","2",,"1","021","-","N",,0,0,,,0,,,,"N",2,"A","-",21801,"A","N","A","H","-","A","A","0","Y","A","01",0,0,1,0,0,0,0,0,0,"-","-","UNINCORPORATED","EL DORADO","CA",0,0
"5797444",-120.835213081,38.6861050827,2012,"0900","4","3","4","03",0,1,"A",,,,,,1800,8,"C","C","A","PLEASANT VALLEY RD","GRACE DR",0,,"Y","2013-11-09",9245,"2012-08-29",1740,"18653",,"2","9","0","2",,"1","037","-","N",,0,0,,,0,,,,"Y",2,"A","-",22350,,"N","A","H","-","A","D","0","Y","A","07",0,0,1,0,0,0,0,0,0,"-","-","UNINCORPORATED","EL DORADO","CA",-120.8352,38.68605
"5796740",-120.834625206,38.7132120131,2012,"0900","5","5","3","08",0,1,"A",,,,,,2400,8,"E","I","A","FORNI RD","WAMEGO RD",150,"E","N","2013-11-23",9245,"2012-08-31",2210,"018466",,"3","9","0","3",,"2","003","-","N",,0,0,,,0,,,,"N",1,"A","-",22107,,"N","A","H","-","D","D","0","Y","A","01",0,1,0,0,0,0,0,0,0,"-","-","UNINCORPORATED","EL DORADO","CA",-120.8332,38.71444
"5796739",-120.577583779,38.7630364864,2012,"0900","4","5","3","21",0,1,"A",,,,,,1500,8,"E","I","A","PONY EXPRESS TRL","FOREBAY RD",200,"E","N","2013-11-23",9245,"2012-08-24",1310,"012382",,"1","9","0","2",,"1","025","-","N",,0,0,,,0,,,,"Y",1,"A","-",22106,,"N","A","H","-","A","A","0","Y","A","01",0,1,0,0,0,0,0,0,0,"-","-","UNINCORPORATED","EL DORADO","CA",-120.57936,38.76321
"5796319",-120.788139946,38.7214870685,2012,"0901","0","2","3","01",0,1,"A",,,,,"Y",600,7,"E","J","A","WASHINGTON ST","CEDAR RAVINE RD",85,"N","N","2013-10-17",901,"2012-07-24",305,"274","0901","5","2","0","0",,"0","PP2","-","N",,0,0,,,0,,,,"Y",1,"A","-",23152,"A","N","A","H","-","C","A","0","Y","-","-",0,1,0,0,0,0,0,0,0,"-","-","PLACERVILLE","EL DORADO","CA",0,0
"5794463",-120.913889309,38.7885614317,2012,"0900","4","1","3","03",0,1,"A",,,,,,600,10,"E","I","A","LOTUS RD","RODAN LN",210,"S","N","2013-12-19",9245,"2012-10-15",525,"15609",,"3","9","0","2",,"1","013","-","N",,0,0,,,0,,,,"Y",1,"A","-",22350,,"N","A","H","-","D","D","0","Y","D","22",0,1,0,0,0,0,0,0,0,"-","-","UNINCORPORATED","EL DORADO","CA",-120.91329,38.7892
"5794455",-120.822864038,38.6991416941,2012,"0900","4","5","4","09",0,1,"A",,,,,,1500,9,"D","C","A","MISSOURI FLAT RD","INDUSTRIAL DR",200,"N","N","2014-04-23",9245,"2012-09-28",1440,"013028",,"2","9","0","2",,"1","037","-","N",,0,0,,,0,,,,"N",2,"A","-",21804,"A","N","A","H","-","A","D","0","Y","A","01",0,0,1,0,0,0,0,0,0,"-","-","UNINCORPORATED","EL DORADO","CA",-120.82251,38.6993
"5794451",-120.54998959,38.7105270577,2012,"0900","5","3","3","03",0,1,"A",,,,"Y",,1200,10,"D","C","A","MORMON EMIGRANT TRL","BONNETTI RD",485,"N","N","2013-12-23",9245,"2012-10-10",1015,"015262",,"1","9","0","3",,"2","004","-","N",,0,0,,,0,,,,"Y",2,"A","-",22350,,"N","A","H","-","A","A","0","Y","G","25",0,1,0,0,0,0,0,0,0,"-","-","UNINCORPORATED","EL DORADO","CA",-120.52999,38.72636
"5794443",-121.074913059,38.651665161,2012,"0900","2","1","4","03",0,1,"A",,,,,,900,10,"C","C","A","RT 50","EL DORADO HILLS BL",700,"W","N","2013-12-20",9245,"2012-10-15",715,"13929",,"1","9","0","1",,"2","110","-","Y","ED",3,50,"-","-",0.686,"R","2","W","N",2,"A","-",22350,,"N","A","H","-","B","D","1","Y","D","22",0,0,1,0,0,0,0,0,0,"-","-","UNINCORPORATED","EL DORADO","CA",0,0
"5793940",-120.838343029,38.712885184,2012,"0900","2","1","4","03",0,1,"A",,,,,,1500,9,"C","C","A","RT 50","MISSOURI FLAT RD",90,"E","N","2013-12-14",9245,"2012-09-03",1320,"015262",,"1","9","0","1",,"2","120","-","Y","ED",3,50,"-","R",15.078,"R","2","W","N",3,"A","-",22350,,"N","A","H","-","A","A","1","Y","D","22",0,0,1,0,0,0,0,0,0,"WF","-","UNINCORPORATED","EL DORADO","CA",-120.83955,38.71209
"5790715",-120.015480809,38.920473877,2012,"0902","0","2","2","01",0,2,"A",,"Y",,,"Y",1800,8,"H","G","A","RT 89","12TH ST",182,"N","N","2014-04-16",902,"2012-08-21",1658,"191","0902","5","3","0","0",,"0","WEST","-","Y","ED",3,89,"-","-",9.33,"H","-","N","Y",2,"A","-",23152,"A","F","A","H","-","A","A","0","Y","A","01",1,1,0,0,0,0,1,0,0,"-","-","SOUTH LAKE TAHOE","EL DORADO","CA",0,0
"5790711",0,0,2012,"0902","0","2","3","01",0,1,"A",,,,,"Y",1200,8,"E","I","A","JAMES AV","JAMES AV 2070",0,,"Y","2014-04-16",902,"2012-08-28",1020,"191","0902","5","3","0","0",,"0","WEST","-","N",,0,0,,,0,,,,"Y",1,"A","-",23152,"A","M","A","H","-","A","A","0","Y","A","01",0,1,0,0,0,0,0,0,0,"-","-","SOUTH LAKE TAHOE","EL DORADO","CA",0,0
"5790707",-119.966351843,38.945529053,2012,"0902","0","6","3","09",0,1,"A",,,,,,1500,8,"A","C","A","RT 50","JOHNSON BL",0,,"Y","2013-11-30",902,"2012-08-25",1300,"192","SLTPD","5","3","0","0",,"0","EAST","-","Y","ED",3,50,"-","-",78.77,"I","5","E","N",2,"A","-",21802,"A","N","A","D","-","A","A","0","Y","A","01",0,1,0,0,0,0,0,0,0,"-","-","SOUTH LAKE TAHOE","EL DORADO","CA",0,0
"5790703",-119.966351843,38.945529053,2012,"0902","0","1","4","09",0,1,"A",,,"Y",,,1500,8,"D","C","A","RT 50","JOHNSON BL",0,,"Y","2013-11-30",902,"2012-08-06",1430,"191","0902","5","3","0","0",,"0","EAST","-","Y","ED",3,50,"-","-",78.77,"I","5","E","Y",2,"A","-",21801,"A","N","A","H","-","A","A","0","Y","A","07",0,0,1,0,0,0,0,0,1,"-","-","SOUTH LAKE TAHOE","EL DORADO","CA",0,0
"5789188",-120.907525433,38.9423591961,2012,"0900","5","7","3","01",0,1,"A",,,"Y",,"Y",900,8,"F","A","A","SLIGER MINE RD","RT 193",15840,"N","N","2013-11-21",9245,"2012-08-12",730,"014712",,"1","9","0","3",,"2","002","-","N",,0,0,,,0,,,,"N",1,"A","-",23152,"A","N","A","H","-","D","D","0","Y","C","02",0,1,0,0,0,0,0,0,1,"-","-","UNINCORPORATED","EL DORADO","CA",-120.91548,38.92211
"5788317",-120.017646505,38.81696788,2012,"0902","3","5","3","08",0,1,"A",,,,,,900,8,"E","I","A","RT 89","PORTAL DR",450,"N","N","2013-11-25",9246,"2012-08-31",750,"018593",,"1","3","0","1",,"1","023","-","Y","ED",3,89,"-","-",6.13,"H","-","S","Y",1,"A","-",22107,,"N","A","H","-","A","D","0","Y","A","01",0,1,0,0,0,0,0,0,0,"-","-","SOUTH LAKE TAHOE","EL DORADO","CA",-120.01758,38.81699
"5788313",-120.121199834,38.804520374,2012,"0900","2","3","3","03",0,1,"A",,,"Y",,,1500,8,"F","A","A","RT 50","TWIN BRIDGES RD",528,"E","N","2014-04-19",9246,"2012-08-29",1400,"014471",,"2","9","0","1",,"1","020","-","Y","ED",3,50,"-","-",60.47,"H","-","W","Y",1,"A","-",22350,,"N","A","H","-","A","A","0","Y","C","02",0,1,0,0,0,0,0,0,1,"-","-","UNINCORPORATED","EL DORADO","CA",-120.07207,38.48664
"5788245",-119.999762838,38.8725051117,2012,"0900","4","1","3","09",0,1,"A",,,,,,2100,8,"B","C","A","ELKS CLUB DR","APPLE VALLEY DR",0,,"Y","2013-11-25",9246,"2012-08-27",1910,"016495",,"2","9","0","2",,"1","024","-","N",,0,0,,,0,,,,"Y",2,"A","-",21801,"A","N","A","H","-","A","D","0","Y","A","01",0,1,0,0,0,0,0,0,0,"-","-","UNINCORPORATED","EL DORADO","CA",-119.99986,38.87255
"5787915",-120.01038768,38.865331802,2012,"0900","2","7","3","08",0,1,"B",,,,,,1500,8,"F","A","A","RT 50","COUNTRY CLUB DR",50,"W","N","2013-11-25",9246,"2012-08-12",1455,"17846",,"2","9","0","1",,"1","022","-","Y","ED",3,50,"-","-",71.92,"H","-","W","Y",1,"A","-",22107,,"N","A","H","-","A","D","0","Y","A","07",0,1,0,0,0,0,0,0,0,"-","-","UNINCORPORATED","EL DORADO","CA",0,0
"5787903",-119.96644626,38.9057004741,2012,"0900","4","7","3","01",0,1,"B",,,"Y",,"Y",600,8,"B","C","A","PIONEER TRAIL","MARSHALL TRL",121,"S","N","2013-11-25",9246,"2012-08-05",540,"19064",,"3","9","0","2",,"1","024","-","N",,0,0,,,0,,,,"Y",2,"A","-",23152,"A","N","A","H","-","B","D","0","Y","A","01",0,1,0,0,0,0,0,0,1,"-","-","UNINCORPORATED","EL DORADO","CA",-119.96771,38.90552
"5787426",-121.069073059,38.6497951045,2012,"0900","4","7","4","09",0,2,"A",,,,,,1800,8,"A","C","A","LATROBE RD","TOWN CENTER BL",0,,"Y","2013-11-23",9245,"2012-08-19",1535,"13248",,"2","9","0","2",,"2","031","-","N",,0,0,,,0,,,,"Y",2,"A","-",21453,"C","F","A","H","-","A","A","0","Y","-","99",0,0,2,0,0,0,0,0,0,"-","-","UNINCORPORATED","EL DORADO","CA",0,0