"CASEID","POINT_X","POINT_Y","YEAR_","LOCATION","CHPTYPE","DAYWEEK","CRASHSEV","VIOLCAT","KILLED","INJURED","WEATHER1","PEDCOL","BICCOL","MCCOL","TRUCKCOL","ETOH","TIMECAT","MONTH_","CRASHTYP","INVOLVE","PED","PRIMARYRD","SECONDRD","DISTANCE","DIRECT","INTERSECT_","PROCDATE","JURIS","DATE_","TIME_","BADGE","JURIDIST","SHIFT","POP","SPECIAL","BEATTYPE","LAPDDIV","BEATCLAS","BEATNUMB","WEATHER2","STATEHW","CALTRANC","CALTRAND","STROUTE","ROUTESUF","POSTPRE","POSTMILE","LOCATYPE","RAMP","SIDEHW","TOWAWAY","PARTIES","PCF","VIOLCODE","VIOL","VIOLSUB","HITRUN","ROADSURF","RDCOND1","RDCOND2","LIGHTING","RIGHTWAY","CHPRDTYP","NOTPRIV","STFAULT","CHPFAULT","SEVINJ","OTHERINJ","COP","PEDKILL","PEDINJ","BICKILL","BICINJ","MCKILL","MCINJURE","RAMP1","RAMP2","CITY","COUNTY","STATE","X_CHP","Y_CHP"
"5787422",-120.875497487,38.698255889,2012,"0900","2","7","3","18",0,4,"A",,,,,,1500,8,"F","A","A","RT 50","GREENSTONE RD",3696,"E","N","2013-11-23",9245,"2012-08-26",1225,"13248",,"1","9","0","1",,"2","120","-","Y","ED",3,50,"-","R",12.87,"H","-","W","Y",1,"C","-",0,,"N","A","H","-","A","D","1","Y","-","-",0,1,3,0,0,0,0,0,0,"-","-","UNINCORPORATED","EL DORADO","CA",-120.87625,38.69771
"5783740",-121.063314876,38.655208577,2012,"0900","2","2","4","00",0,2,"A",,,,,,2400,8,"B","I","A","RT 50","EL DORADO HILLS BL",1755,"E","N","2014-04-19",9245,"2012-08-14",2330,"12833",,"3","9","0","1",,"2","110","-","Y","ED",3,50,"-","-",1.22,"H","-","E","N",1,"D","-",0,,"N","A","H","-","D","D","1","Y","-","-",0,0,2,0,0,0,0,0,0,"-","-","UNINCORPORATED","EL DORADO","CA",-121.06332,38.65515
"5783678",-121.003543098,38.6979850278,2012,"0900","4","4","3","12",0,2,"A",,,,,,1200,8,"D","C","A","GREEN VALLEY RD","CAMBRIDGE RD",0,,"Y","2013-11-26",9245,"2012-08-02",1100,"011511",,"1","9","0","2",,"2","011","-","N",,0,0,,,0,,,,"Y",2,"A","-",21453,"A","N","A","H","-","A","A","0","Y","A","01",0,1,1,0,0,0,0,0,0,"-","-","UNINCORPORATED","EL DORADO","CA",-121.00324,38.69799
"5782870",-120.503609978,38.761675428,2012,"0900","2","2","3","01",0,1,"A",,,,,"Y",2100,8,"E","I","A","RT 50","HAZEL VALLEY RD",1157,"E","N","2014-04-19",9245,"2012-08-28",2035,"13603",,"2","9","0","1",,"2","150","-","Y","ED",3,50,"-","-",35.87,"H","-","E","Y",1,"A","-",23152,"A","N","A","H","-","D","D","1","Y","A","01",0,1,0,0,0,0,0,0,0,"-","-","UNINCORPORATED","EL DORADO","CA",-120.50397,38.7615
"5781573",-121.001368362,38.6906262073,2012,"0900","5","6","3","01",0,1,"A",,,,,"Y",300,10,"E","I","A","CAMBRIDGE RD","STERLING WY",90,"S","N","2013-12-21",9245,"2012-10-06",225,"17737",,"3","9","0","3",,"2","001","-","N",,0,0,,,0,,,,"Y",2,"A","-",23152,"A","N","A","H","-","D","D","0","Y","D","22",0,1,0,0,0,0,0,0,0,"-","-","UNINCORPORATED","EL DORADO","CA",-121.0031,38.6908
"5780638",-119.946741666,38.9526102283,2012,"0902","0","6","3","10",0,1,"A","Y",,,,,1200,7,"G","B","C","PIONEER TR","MOSS RD",6,"W","N","2014-04-28",902,"2012-07-21",1150,"191","0902","5","3","0","0",,"0","EAST","-","N",,0,0,,,0,,,,"N",2,"A","-",21950,"A","F","A","H","-","A","A","0","Y","A","01",0,1,0,0,1,0,0,0,0,"-","-","SOUTH LAKE TAHOE","EL DORADO","CA",0,0
"5780634",0,0,2012,"0902","0","5","4","01",0,1,"A",,,,,"Y",2100,7,"C","C","A","LAKE AV","SAN JOSE AV",225,"E","N","2014-04-28",902,"2012-07-13",1849,,,"5","3","0","0",,"0",,"-","N",,0,0,,,0,,,,"N",2,"A","-",23152,,"N","A","H","-","A","A","0","Y","A","01",0,0,1,0,0,0,0,0,0,"-","-","SOUTH LAKE TAHOE","EL DORADO","CA",0,0
"5780601",0,0,2012,"0902","0","6","4","05",0,1,"A",,"Y",,,,1800,7,"D","G","A","LOS ANGELES AV","HARRISON AV",0,,"Y","2014-04-28",902,"2012-07-28",1602,"191","0902","5","3","0","0",,"0","EAST","-","N",,0,0,,,0,,,,"N",2,"A","-",21651,"A","N","A","H","-","A","A","0","Y","A","01",0,0,1,0,0,0,1,0,0,"-","-","SOUTH LAKE TAHOE","EL DORADO","CA",0,0
"5780358",0,0,2012,"0900","5","6","2","03",0,2,"A",,,,,,2400,7,"E","J","A","BEATTY DR","ALEXANDER LN",1056,"E","N","2013-10-19",9245,"2012-07-28",2245,"18466",,"3","9","0","3",,"2","001","-","N",,0,0,,,0,,,,"Y",1,"A","-",22350,,"N","A","H","-","D","D","0","Y","A","01",1,1,0,0,0,0,0,0,0,"-","-","UNINCORPORATED","EL DORADO","CA",-121.09519,38.68528
"5780346",0,0,2012,"0900","4","7","4","03",0,1,"A",,,"Y",,,1200,7,"F","A","A","SALMON FALLS RD","OLD BRIDGE RD",1584,"N","N","2013-10-19",9245,"2012-07-29",1105,"14712",,"1","9","0","2",,"2","012","-","N",,0,0,,,0,,,,"Y",1,"A","-",22350,,"N","A","H","-","A","D","0","Y","C","02",0,0,1,0,0,0,0,0,1,"-","-","UNINCORPORATED","EL DORADO","CA",-121.05014,38.75142
"5779382",-121.078762753,38.650369806,2012,"0900","2","2","4","03",0,1,"-",,,,,,900,10,"C","C","A","RT 50","EL DORADO HILLS BL",2000,"W","N","2013-12-21",9245,"2012-10-02",750,"13839",,"1","9","0","1",,"2","110","-","Y","ED",3,50,"-","-",0.48,"H","-","W","Y",3,"A","-",22350,,"N","A","H","-","A","D","1","Y","D","22",0,0,1,0,0,0,0,0,0,"-","-","UNINCORPORATED","EL DORADO","CA",-121.0771,38.65077
"5779378",-120.534886698,38.6375814657,2012,"0900","5","2","4","12",0,2,"A",,,,,,1500,7,"D","C","A","STRING CANYON RD","EVERGREEN DR",36,"S","N","2013-10-18",9245,"2012-07-17",1420,"013405",,"2","9","0","3",,"2","004","-","N",,0,0,,,0,,,,"Y",2,"A","-",22450,"A","N","A","H","-","A","D","0","Y","D","22",0,0,2,0,0,0,0,0,0,"-","-","UNINCORPORATED","EL DORADO","CA",0,0
"5779374",-120.917314366,38.906774219,2012,"0900","3","3","3","03",0,1,"A",,,"Y",,,900,10,"D","C","A","RT 193","COURAGEOUS RD",0,,"Y","2013-12-21",9245,"2012-10-10",715,"15262",,"1","9","0","1",,"1","122","-","Y","ED",3,193,"-","R",6.42,"H","-","W","N",2,"A","-",22350,,"N","A","H","-","A","A","0","Y","C","02",0,1,0,0,0,0,0,0,1,"-","-","UNINCORPORATED","EL DORADO","CA",-120.91741,38.90715
"5778598",-120.062029289,38.823200704,2012,"0900","2","2","4","07",0,1,"B",,,,,,1500,9,"B","C","A","RT 50","SIERRA BL",3696,"E","N","2014-04-19",9246,"2012-09-11",1220,"17372",,"1","9","0","1",,"1","021","-","Y","ED",3,50,"-","-",64.5,"H","-","W","N",2,"A","-",21658,"A","N","A","H","-","A","D","0","Y","D","23",0,0,1,0,0,0,0,0,0,"-","-","UNINCORPORATED","EL DORADO","CA",-120.07502,38.81974
"5775669",-120.725241456,38.5508289808,2012,"0900","5","5","3","01",0,1,"A",,,,,"Y",2400,9,"F","A","A","CEDAR CREEK RD","LAWRENCE RD",1320,"W","N","2013-12-11",9245,"2012-09-21",2200,"016629",,"3","9","0","3",,"2","004","-","N",,0,0,,,0,,,,"Y",1,"A","-",23152,"A","N","A","H","-","D","D","0","Y","D","22",0,1,0,0,0,0,0,0,0,"-","-","UNINCORPORATED","EL DORADO","CA",0,0
"5774829",-120.080552406,38.948293589,2012,"0900","3","5","2","01",0,2,"A",,,,,"Y",300,7,"A","C","A","RT 89","CASCADE RD",3168,"N","N","2013-10-24",9246,"2012-07-27",115,"19064",,"3","9","0","1",,"1","030","-","Y","ED",3,89,"-","-",14.4,"H","-","S","Y",2,"A","-",23152,"A","N","A","H","-","D","D","0","Y","A","07",1,1,0,0,0,0,0,0,0,"-","-","UNINCORPORATED","EL DORADO","CA",-120.07868,38.94939
"5774641",-119.95785286,38.9419051606,2012,"0902","0","1","2","-",0,1,"A",,"Y",,,,1200,6,"D","G","A","BLACKWOOD RD","TAMARACK AV",0,,"Y","2013-10-09",902,"2012-06-18",1147,"162","EL DO","5","3","0","0",,"0","021","-","N",,0,0,,,0,,,,"N",2,"-","-",0,,"N","A","H","-","A","A","0","Y","-","-",1,0,0,0,0,0,1,0,0,"-","-","SOUTH LAKE TAHOE","EL DORADO","CA",0,0
"5774563",-119.966351843,38.945529053,2012,"0902","0","1","2","03",0,1,"A",,"Y",,,"Y",1500,7,"F","A","A","LAKE TAHOE BL","JOHNSON BL",0,,"Y","2013-10-24",902,"2012-07-16",1454,"208",,"5","3","0","0",,"0","EAST","-","Y","ED",3,50,"-","-",78.77,"I","6","E","N",2,"A","-",22350,,"N","A","H","-","A","A","0","Y","L","04",1,0,0,0,0,0,1,0,0,"-","-","SOUTH LAKE TAHOE","EL DORADO","CA",0,0
"5774341",-120.022097682,38.9327783885,2012,"0902","0","1","4","-",0,1,"A",,,,,,1800,8,"B","E","A","VENICE DR","15TH ST",2112,"W","N","2013-12-09",902,"2012-08-27",1747,"191","0902","5","3","0","0",,"0","WEST","-","N",,0,0,,,0,,,,"Y",2,"A","-",0,,"N","A","H","-","A","A","0","Y","A","07",0,0,1,0,0,0,0,0,0,"-","-","SOUTH LAKE TAHOE","EL DORADO","CA",0,0
"5774332",-120.771273069,38.6784350642,2012,"0900","4","2","4","09",0,1,"A",,,,,,1500,9,"D","C","A","PLEASANT VALLEY RD","OAK HILL RD",0,,"Y","2013-12-09",9245,"2012-09-11",1435,"018114",,"2","9","0","2",,"1","041","-","N",,0,0,,,0,,,,"N",2,"A","-",21802,"A","N","A","H","-","A","D","0","Y","A","07",0,0,1,0,0,0,0,0,0,"-","-","UNINCORPORATED","EL DORADO","CA",-120.77111,38.6783
"5774316",-121.033523053,38.655145165,2012,"0900","2","6","4","03",0,1,"A",,,,,,1800,8,"C","C","A","RT 50","BASS LAKE RD",400,"W","N","2014-04-19",9245,"2012-08-25",1715,"18653",,"2","9","0","1",,"2","110","-","Y","ED",3,50,"-","R",3.15,"H","-","E","N",2,"A","-",22350,,"N","A","H","-","A","D","1","Y","D","22",0,0,1,0,0,0,0,0,0,"-","-","UNINCORPORATED","EL DORADO","CA",-121.03031,38.65494
"5772551",-120.838363029,38.712365184,2012,"0900","2","5","4","04",0,2,"A",,,,,,1200,8,"C","C","A","RT 50","MISSOURI FLAT RD",300,"E","N","2014-04-19",9245,"2012-08-31",1155,"13248",,"1","9","0","1",,"2","120","-","Y","ED",3,50,"-","R",15.12,"H","-","E","Y",2,"A","-",21703,,"N","A","H","-","A","D","1","Y","D","22",0,0,2,0,0,0,0,0,0,"-","-","UNINCORPORATED","EL DORADO","CA",0,0
"5771472",-119.970887779,38.797205896,2012,"0900","3","7","3","08",0,1,"A",,,,,,1500,8,"F","I","A","RT 89","ALPINE/EL DORADO COUNTY LINE",7392,"N","N","2013-11-16",9246,"2012-08-26",1415,"10056",,"2","9","0","1",,"1","023","-","Y","ED",3,89,"-","-",1.53,"H","-","N","Y",1,"A","-",22107,,"N","A","H","-","A","D","0","Y","D","23",0,1,0,0,0,0,0,0,0,"-","-","UNINCORPORATED","EL DORADO","CA",-119.96804,38.79723
"5767688",-121.07382097,38.652026367,2012,"0900","2","6","3","01",0,1,"A",,,,,"Y",2400,8,"C","C","A","RT 50","EL DORADO HILLS BL",700,"W","N","2014-04-19",9245,"2012-08-25",2230,"018240",,"3","9","0","1",,"2","110","-","Y","ED",3,50,"-","-",0.73,"H","-","W","Y",2,"A","-",23152,"A","N","A","H","-","D","D","1","Y","A","01",0,1,0,0,0,0,0,0,0,"-","-","UNINCORPORATED","EL DORADO","CA",-121.08719,38.64779
"5767113",-120.707598007,38.737050785,2012,"0900","2","5","2","09",0,5,"A",,,,,,1200,9,"D","C","A","RT 50","SIERRA BLANCA DR",0,,"Y","2014-04-19",9245,"2012-09-14",1123,"12382",,"1","9","0","1",,"2","140","-","Y","ED",3,50,"-","-",23.4,"I","5","W","Y",3,"A","-",21801,"A","N","A","H","-","A","A","1","Y","A","01",2,0,3,0,0,0,0,0,0,"-","-","UNINCORPORATED","EL DORADO","CA",-120.71064,38.73695
"5766813",-120.839525655,38.6820543981,2012,"0900","5","2","3","05",0,4,"A",,,,,,900,8,"A","C","A","KOKI LN","PLEASANT VALLEY RD",100,"S","N","2013-11-27",9245,"2012-08-28",745,"14712",,"1","9","0","3",,"2","004","-","N",,0,0,,,0,,,,"Y",2,"A","-",21460,"A","N","A","H","-","A","D","0","Y","D","22",0,2,2,0,0,0,0,0,0,"-","-","UNINCORPORATED","EL DORADO","CA",-120.83922,38.68216
"5765509",0,0,2012,"0900","5","2","3","05",0,1,"A",,,,,,900,8,"A","C","A","HAPPY VALLEY RD","HAPPY VALLEY CUTOFF RD",387,"E","N","2013-11-23",9245,"2012-08-21",800,"15459",,"1","9","0","3",,"2","004","-","N",,0,0,,,0,,,,"N",2,"A","-",21460,"A","N","A","H","-","A","D","0","Y","D","22",0,1,0,0,0,0,0,0,0,"-","-","UNINCORPORATED","EL DORADO","CA",-120.66428,38.65541
"5764198",-121.077743051,38.7141050524,2012,"0900","4","7","4","09",0,1,"A",,,,,,1500,9,"D","D","A","SALMON FALLS RD","LAKEHILLS DR",0,,"Y","2013-12-12",9245,"2012-09-16",1430,"18653",,"2","9","0","2",,"2","012","-","N",,0,0,,,0,,,,"Y",2,"A","-",21802,"A","N","A","H","-","A","A","0","Y","A","07",0,0,1,0,0,0,0,0,0,"-","-","UNINCORPORATED","EL DORADO","CA",-121.07805,38.71329
"5763503",-119.996622855,38.9123351771,2012,"0902","0","2","4","01",0,2,"A",,,,,"Y",2100,6,"B","C","A","SOUTH AV","3RD ST",0,,"Y","2013-10-05",902,"2012-06-12",1807,"211",,"5","3","0","0",,"0",,"-","N",,0,0,,,0,,,,"N",2,"A","-",23152,,"F","A","H","-","A","A","0","Y","A","01",0,0,2,0,0,0,0,0,0,"-","-","SOUTH LAKE TAHOE","EL DORADO","CA",0,0
"5763502",-119.97728106,38.94200727,2012,"0902","0","7","4","07",0,1,"A",,"Y",,,,1500,6,"-","G","A","LAKE TAHOE BL","TALLAC AV",100,"E","N","2014-02-05",902,"2012-06-03",1231,"191","0902","5","3","0","0",,"0","EAST","-","Y","ED",3,50,"-","-",78.05,"H","-","W","N",2,"A","-",21658,"A","F","A","H","-","A","A","0","Y","A","07",0,0,1,0,0,0,1,0,0,"-","-","SOUTH LAKE TAHOE","EL DORADO","CA",0,0
"5763248",-120.120861321,38.809012049,2012,"0900","2","4","3","03",0,1,"A",,"Y",,,,1200,9,"F","A","A","RT 50","PYRAMID CREEK TRACT",1584,"E","N","2013-12-07",9246,"2012-09-13",1105,"13182",,"1","9","0","1",,"1","020","-","Y","ED",3,50,"-","-",60.02,"H","-","W","N",1,"A","-",22350,,"N","A","H","-","A","D","0","Y","L","04",0,1,0,0,0,0,1,0,0,"-","-","UNINCORPORATED","EL DORADO","CA",-120.12179,38.80859
"5761918",-119.977157551,38.938012336,2012,"0902","0","4","4","12",0,1,"A",,"Y",,"Y",,1500,5,"B","G","A","LAKE TAHOE BL","LYONS AV",0,,"Y","2014-02-05",902,"2012-05-31",1405,"191","0902","5","3","0","0",,"0","EAST","-","Y","ED",3,50,"-","-",77.78,"H","-","E","N",2,"A","-",21453,"A","N","A","H","-","A","A","0","Y","L","04",0,0,1,0,0,0,1,0,0,"-","-","SOUTH LAKE TAHOE","EL DORADO","CA",0,0
"5761874",-119.991320729,38.92188525,2012,"0902","0","4","4","07",0,1,"B",,,,"Y",,900,3,"B","C","A","LAKE TAHOE BL","RIVER ST",528,"W","N","2013-12-11",902,"2012-03-15",624,,"0902","5","3","0","0",,"0","WEST","C","Y","ED",3,50,"-","-",76.37,"H","-","E","Y",2,"A","-",21658,"A","N","B","H","-","B","A","0","Y","F","25",0,0,1,0,0,0,0,0,0,"-","-","SOUTH LAKE TAHOE","EL DORADO","CA",0,0
"5760419",-120.667492947,38.7125450959,2012,"0900","5","7","4","05",0,1,"A",,,,,,1800,6,"D","D","A","SNOWS RD","GLORY HOLE DR",0,,"Y","2013-09-25",9245,"2012-06-24",1520,"13603",,"2","9","0","3",,"2","004","-","N",,0,0,,,0,,,,"Y",2,"A","-",21460,"A","N","A","H","-","A","A","0","Y","A","01",0,0,1,0,0,0,0,0,0,"-","-","UNINCORPORATED","EL DORADO","CA",-120.66873,38.71591
"5759623",0,0,2012,"0900","4","3","3","03",0,1,"A",,,,,,1500,9,"E","I","A","CARSON RD","HARNESS TRACT RD",195,"E","N","2013-11-20",9245,"2012-09-19",1250,"15262",,"1","9","0","2",,"1","024","-","N",,0,0,,,0,,,,"Y",1,"A","-",22350,,"N","A","H","-","A","A","0","Y","D","22",0,1,0,0,0,0,0,0,0,"-","-","UNINCORPORATED","EL DORADO","CA",-120.6705,38.749
"5759615",0,0,2012,"0900","4","2","4","06",0,1,"A",,,"Y",,,1500,7,"B","C","A","MOUNT AUKUM RD","NORTH FORK CONSUMNES RIVER",138,"E","N","2014-04-03",9245,"2012-07-10",1340,"13405",,"1","9","0","2",,"1","042","-","N",,0,0,,,0,,,,"N",2,"A","-",21750,,"N","A","H","-","A","D","0","Y","C","02",0,0,1,0,0,0,0,0,1,"-","-","UNINCORPORATED","EL DORADO","CA",0,0
"5759611",-121.071253002,38.6539550476,2012,"0900","4","4","3","12",0,1,"A",,,,,,1800,8,"D","C","A","EL DORADO HILLS BL","SARATOGA WY",0,,"Y","2013-11-20",9245,"2012-08-02",1510,"16629",,"2","9","0","2",,"2","012","-","N",,0,0,,,0,,,,"Y",2,"A","-",21453,"A","N","A","H","-","A","A","0","Y","D","22",0,1,0,0,0,0,0,0,0,"-","-","UNINCORPORATED","EL DORADO","CA",0,0
"5759607",-120.45042281,38.771516083,2012,"0900","2","6","3","18",0,1,"B","Y",,,,,300,8,"G","B","E","RT 50","ICE HOUSE RD",1200,"W","N","2013-11-20",9245,"2012-08-18",35,"18240",,"3","9","0","1",,"2","150","-","Y","ED",3,50,"-","-",39.54,"H","-","W","Y",2,"C","-",0,,"N","A","H","-","D","D","1","Y","-","-",0,1,0,0,1,0,0,0,0,"-","-","UNINCORPORATED","EL DORADO","CA",-120.45093,38.77353
"5759603",-121.068068318,38.7115692396,2012,"0900","4","5","4","05",0,1,"A",,,,,,2100,8,"F","A","A","GREEN VALLEY RD","LOCH WY",159,"W","N","2013-11-20",9245,"2012-08-10",1845,"16629",,"2","9","0","2",,"2","011","-","N",,0,0,,,0,,,,"Y",1,"A","-",21650,,"N","A","H","-","A","D","0","Y","D","22",0,0,1,0,0,0,0,0,0,"-","-","UNINCORPORATED","EL DORADO","CA",0,0
"5758893",0,0,2012,"0900","4","4","4","05",0,2,"A",,,,"Y",,1200,8,"A","C","A","SALMON FALLS RD","SALMON VALLEY LN",80,"S","N","2013-11-19",9245,"2012-08-16",1150,"13028",,"1","9","0","2",,"2","012","-","N",,0,0,,,0,,,,"N",3,"A","-",21460,"A","N","A","H","-","A","D","0","Y","A","01",0,0,2,0,0,0,0,0,0,"-","-","UNINCORPORATED","EL DORADO","CA",-121.06032,38.74372
"5758885",-120.943196146,38.6724760105,2012,"0900","4","4","4","09",0,1,"A",,,,,,1500,8,"D","C","A","PONDEROSA RD","MEDER RD",200,"S","N","2013-11-30",9245,"2012-08-09",1415,"17737",,"2","9","0","2",,"1","013","-","N",,0,0,,,0,,,,"Y",3,"A","-",21804,"A","N","A","H","-","A","D","0","Y","A","01",0,0,1,0,0,0,0,0,0,"-","-","UNINCORPORATED","EL DORADO","CA",-120.9431,38.6728
"5757971",-121.079972982,38.6865650346,2012,"0900","4","2","3","09",0,4,"A",,,,,,1200,7,"A","C","A","EL DORADO HILLS BL","GOVERNOR DR",0,,"Y","2014-02-04",9245,"2012-07-24",1048,"013248",,"1","9","0","2",,"2","012","-","N",,0,0,,,0,,,,"Y",2,"A","-",21453,"C","N","A","H","-","A","A","0","Y","D","22",0,2,2,0,0,0,0,0,0,"-","-","UNINCORPORATED","EL DORADO","CA",-121.07994,38.68665
"5755834",-119.989027754,38.880688535,2012,"0900","4","7","3","01",0,1,"A",,,,,"Y",2100,7,"E","I","A","PIONEER TR","HEKPA DR",60,"S","N","2013-10-24",9246,"2012-07-08",2020,"16150",,"2","9","0","2",,"1","024","-","N",,0,0,,,0,,,,"Y",1,"A","-",23152,"A","N","A","H","-","A","D","0","Y","A","01",0,1,0,0,0,0,0,0,0,"-","-","UNINCORPORATED","EL DORADO","CA",-119.98928,38.88022
"5754965",0,0,2012,"0900","4","1","4","03",0,1,"A",,,,,,2400,8,"C","C","A","GREEN VALLEY RD","SOPHIA PARKWAY",15,"W","N","2013-11-25",9245,"2012-08-06",2150,"012833",,"2","9","0","2",,"2","011","-","N",,0,0,,,0,,,,"N",2,"A","-",22350,,"N","A","H","-","C","A","0","Y","A","01",0,0,1,0,0,0,0,0,0,"-","-","UNINCORPORATED","EL DORADO","CA",-121.10715,38.70109
"5754961",-120.799112286,38.6938669315,2012,"0900","4","3","4","03",0,4,"A",,,,,,1800,7,"C","C","A","PLEASANT VALLEY RD","DOWNING LN",130,"W","N","2013-10-26",9245,"2012-07-18",1615,"13839",,"2","9","0","2",,"1","041","-","N",,0,0,,,0,,,,"Y",2,"A","-",22350,,"N","A","H","-","A","D","0","Y","A","07",0,0,4,0,0,0,0,0,0,"-","-","UNINCORPORATED","EL DORADO","CA",-120.7975,38.69321
"5754613",-120.712614465,38.738156992,2012,"0900","4","4","3","09",0,3,"A",,,,,,1200,8,"D","C","A","CARSON RD","GATLIN RD",30,"W","N","2013-11-21",9245,"2012-08-02",915,"011511",,"1","9","0","2",,"1","024","-","N",,0,0,,,0,,,,"Y",2,"A","-",21801,"A","N","A","H","-","A","D","0","Y","D","22",0,1,2,0,0,0,0,0,0,"-","-","UNINCORPORATED","EL DORADO","CA",-120.71228,38.7381
"5752159",-120.060266644,38.824215423,2012,"0900","2","5","4","01",0,1,"A",,,,,"Y",2400,7,"E","I","A","RT 50","AUDRIAN WY",950,"W","N","2013-11-02",9246,"2012-07-20",2230,"14471",,"3","9","0","1",,"1","021","-","Y","ED",3,50,"-","-",64.62,"H","-","E","Y",1,"A","-",23152,"A","N","A","H","-","D","D","0","Y","A","01",0,0,1,0,0,0,0,0,0,"-","-","UNINCORPORATED","EL DORADO","CA",-120.03696,38.49403
"5752155",-120.013139776,38.9054432049,2012,"0900","4","6","2","01",0,1,"A",,,,,"Y",900,7,"E","I","A","LAKE TAHOE BL","INDUSTRIAL AV",1056,"N","N","2013-11-02",9246,"2012-07-07",610,"13182",,"1","9","0","2",,"1","025","-","N",,0,0,,,0,,,,"Y",1,"A","-",23152,"A","N","A","H","-","A","D","0","Y","A","01",1,0,0,0,0,0,0,0,0,"-","-","UNINCORPORATED","EL DORADO","CA",-120.01326,38.90017
"5752151",-119.970151487,38.8989285923,2012,"0900","4","4","3","08",0,1,"B",,,,,,1200,7,"F","A","A","PIONEER TR","GOLDEN BEAR TRL",1584,"S","N","2013-11-02",9246,"2012-07-19",1055,"18593",,"1","9","0","2",,"1","024","-","N",,0,0,,,0,,,,"Y",1,"A","-",22107,,"N","A","H","-","A","D","0","Y","A","01",0,1,0,0,0,0,0,0,0,"-","-","UNINCORPORATED","EL DORADO","CA",-119.97023,38.8989
"5752137",-120.902534848,38.8160797701,2012,"0900","4","4","3","01",0,1,"A",,,"Y",,"Y",2100,7,"E","I","A","MARSHALL RD","SCOTT RD",528,"N","N","2013-10-30",9245,"2012-07-19",1915,"16056",,"2","9","0","2",,"1","021","-","N",,0,0,,,0,,,,"Y",1,"A","-",23152,"A","N","A","H","-","A","D","0","Y","C","02",0,1,0,0,0,0,0,0,1,"-","-","UNINCORPORATED","EL DORADO","CA",-120.89671,38.81519
"5752109",-120.35168816,38.764493108,2012,"0900","2","4","3","03",0,1,"B",,,"Y",,,1500,7,"F","A","A","RT 50","31 MILE STONE TRECK",5280,"W","N","2013-10-30",9245,"2012-07-19",1240,"16465",,"1","9","0","1",,"1","160","-","Y","ED",3,50,"-","-",45.6,"H","-","W","N",1,"A","-",22350,,"N","A","H","-","A","D","0","Y","C","02",0,1,0,0,0,0,0,0,1,"-","-","UNINCORPORATED","EL DORADO","CA",-120.35251,38.7647
"5752090",-119.971952946,38.9193851148,2012,"0900","4","7","3","01",0,1,"A",,,,,"Y",2400,7,"E","I","A","BLACK BART AV","MARTIN AV",0,,"Y","2013-10-31",9246,"2012-07-22",2245,"16150",,"3","9","0","2",,"1","026","-","N",,0,0,,,0,,,,"Y",1,"A","-",23152,"A","N","A","H","-","D","D","0","Y","A","01",0,1,0,0,0,0,0,0,0,"-","-","UNINCORPORATED","EL DORADO","CA",-119.97209,38.91959
"5750536",-120.396931711,38.773892325,2012,"0900","2","3","4","05",0,1,"A",,,,,,600,8,"E","I","A","RT 50","RANDALL TRACT BRG",207,"E","N","2014-04-19",9245,"2012-08-01",550,"16465",,"3","9","0","1",,"1","160","-","Y","ED",3,50,"-","-",42.74,"H","-","W","Y",1,"A","-",21650,,"N","A","H","-","A","D","0","Y","A","01",0,0,1,0,0,0,0,0,0,"-","-","UNINCORPORATED","EL DORADO","CA",-120.3958,38.77412
"5750532",-120.867394607,38.892399678,2012,"0900","3","5","3","01",0,1,"A",,,,,"Y",300,8,"E","I","A","RT 193","LONGVIEW LN",1315,"E","N","2013-11-22",9245,"2012-08-03",50,"12833",,"3","9","0","1",,"1","122","-","Y","ED",3,193,"-","-",9.96,"H","-","W","Y",1,"A","-",23152,"A","N","A","H","-","D","D","0","Y","A","07",0,1,0,0,0,0,0,0,0,"-","-","UNINCORPORATED","EL DORADO","CA",0,0
"5750433",-120.939283039,38.662285172,2012,"0900","5","1","4","01",0,2,"A",,,,,,300,7,"E","I","A","SHINGLE SPRINGS DR","RT 50",300,"N","N","2013-10-25",9245,"2012-07-30",35,"18466",,"3","9","0","3",,"2","003","-","Y","ED",3,50,"-","R",8.598,"R","4","W","Y",1,"A","-",23152,"A","N","B","H","-","D","D","1","Y","A","07",0,0,2,0,0,0,0,0,0,"-","EO","UNINCORPORATED","EL DORADO","CA",-120.91504,38.68017
"5750429",0,0,2012,"0900","5","6","3","01",0,1,"A",,,"Y",,"Y",2100,7,"E","J","A","FOREBAY RD","BALTIMORE RD",230,"S","N","2013-10-25",9245,"2012-07-21",2030,"18466",,"2","9","0","3",,"2","002","-","N",,0,0,,,0,,,,"N",1,"A","-",23152,"A","N","A","H","-","D","D","0","Y","C","02",0,1,0,0,0,0,0,0,1,"-","-","UNINCORPORATED","EL DORADO","CA",-120.59157,38.77207
"5750425",-120.9322163,38.7474014334,2012,"0900","4","5","3","08",0,1,"A",,,,,,900,7,"E","I","A","LOTUS RD","SPRINGVALE RD",500,"S","N","2014-01-16",9245,"2012-07-20",825,"13929",,"1","9","0","2",,"1","013","-","N",,0,0,,,0,,,,"Y",1,"A","-",22107,,"N","A","H","-","A","D","0","Y","A","07",0,1,0,0,0,0,0,0,0,"-","-","UNINCORPORATED","EL DORADO","CA",0,0