"CASEID","POINT_X","POINT_Y","YEAR_","LOCATION","CHPTYPE","DAYWEEK","CRASHSEV","VIOLCAT","KILLED","INJURED","WEATHER1","PEDCOL","BICCOL","MCCOL","TRUCKCOL","ETOH","TIMECAT","MONTH_","CRASHTYP","INVOLVE","PED","PRIMARYRD","SECONDRD","DISTANCE","DIRECT","INTERSECT_","PROCDATE","JURIS","DATE_","TIME_","BADGE","JURIDIST","SHIFT","POP","SPECIAL","BEATTYPE","LAPDDIV","BEATCLAS","BEATNUMB","WEATHER2","STATEHW","CALTRANC","CALTRAND","STROUTE","ROUTESUF","POSTPRE","POSTMILE","LOCATYPE","RAMP","SIDEHW","TOWAWAY","PARTIES","PCF","VIOLCODE","VIOL","VIOLSUB","HITRUN","ROADSURF","RDCOND1","RDCOND2","LIGHTING","RIGHTWAY","CHPRDTYP","NOTPRIV","STFAULT","CHPFAULT","SEVINJ","OTHERINJ","COP","PEDKILL","PEDINJ","BICKILL","BICINJ","MCKILL","MCINJURE","RAMP1","RAMP2","CITY","COUNTY","STATE","X_CHP","Y_CHP"
"5750421",-120.951960484,38.659944706,2012,"0900","2","1","3","08",0,1,"A",,,,,,2100,7,"E","I","A","RT 50","CAMERON PARK DR",4615,"E","N","2013-10-25",9245,"2012-07-30",2007,"12833",,"2","9","0","1",,"2","110","-","Y","ED",3,50,"-","-",7.46,"H","-","W","Y",1,"A","-",22107,,"N","A","H","-","B","D","1","Y","A","01",0,1,0,0,0,0,0,0,0,"-","-","UNINCORPORATED","EL DORADO","CA",-120.9529,38.6599
"5749812",-120.998422966,38.6985151116,2012,"0900","4","2","4","09",0,2,"A",,,,,,1200,7,"D","C","A","GREEN VALLEY RD","HASTINGS DR",0,,"Y","2013-10-18",9245,"2012-07-17",1145,"13248",,"1","9","0","2",,"2","011","-","N",,0,0,,,0,,,,"Y",2,"A","-",21802,"A","N","A","H","-","A","A","0","Y","D","22",0,0,2,0,0,0,0,0,0,"-","-","UNINCORPORATED","EL DORADO","CA",-120.99842,38.69854
"5747577",-121.018355006,38.909518222,2012,"0900","3","5","4","17",0,2,"A",,,,,,1500,7,"H","J","A","RT 49","ROCK QUARRY",800,"N","N","2014-05-06",9245,"2012-07-13",1445,"18624","9245","2","9","0","1",,"1","115","-","Y","ED",3,49,"-","-",36.3,"H","-","N","Y",2,"A","-",23114,"A","F","A","H","-","A","D","0","Y","E","22",0,0,2,0,0,0,0,0,0,"-","-","UNINCORPORATED","EL DORADO","CA",-121.01698,38.90852
"5747575",-120.98386893,38.657553417,2012,"0900","2","6","3","03",0,1,"A",,,,"Y",,900,7,"C","C","A","RT 50","CAMBRIDGE RD",3960,"E","N","2013-10-26",9245,"2012-07-28",715,"011511",,"1","9","0","1",,"2","110","-","Y","ED",3,50,"-","-",5.71,"H","-","E","Y",2,"A","-",22350,,"N","A","H","-","A","D","1","Y","A","08",0,1,0,0,0,0,0,0,0,"-","-","UNINCORPORATED","EL DORADO","CA",-120.98464,38.65726
"5745616",-120.802754291,38.7231523221,2012,"0901","0","5","4","03",0,1,"A",,,,,,900,5,"A","E","A","BIG CUT RD","FISKE ST",1200,"S","N","2013-09-26",901,"2012-05-25",810,"248",,"5","2","0","0",,"0","PP2","-","N",,0,0,,,0,,,,"N",2,"A","-",22350,,"N","A","H","-","A","D","0","Y","-","-",0,0,1,0,0,0,0,0,0,"-","-","PLACERVILLE","EL DORADO","CA",0,0
"5743418",-120.669711325,38.6691301342,2012,"0900","5","4","4","08",0,2,"A",,,,,,2100,7,"E","I","A","MT AKUM RD","PARAMOUNT PASS",35,"S","N","2013-11-08",9245,"2012-07-19",2030,"16056",,"2","9","0","3",,"2","004","-","N",,0,0,,,0,,,,"Y",1,"A","-",22107,,"N","A","H","-","D","D","0","Y","A","01",0,0,2,0,0,0,0,0,0,"-","-","UNINCORPORATED","EL DORADO","CA",0,0
"5743417",0,0,2012,"0900","5","6","2","22",0,1,"A",,,"Y",,,1500,7,"E","I","A","US FOREST SERVICE RD 8N58A","NORTH SOUTH RD",6336,"W","N","2013-10-23",9245,"2012-07-21",1200,"16056","906","1","9","0","3",,"2","004","-","N",,0,0,,,0,,,,"N",1,"B","-",0,,"N","A","H","-","A","D","0","Y","-","-",1,0,0,0,0,0,0,0,1,"-","-","UNINCORPORATED","EL DORADO","CA",-120.44268,38.57739
"5743416",-120.768105165,38.731029858,2012,"0900","2","7","4","08",0,2,"A",,,,,,300,7,"E","I","A","RT 50","SMITH FLAT RD",1056,"E","N","2014-04-19",9245,"2012-07-01",45,"017737",,"3","9","0","1",,"2","140","-","Y","ED",3,50,"-","-",19.85,"H","-","E","Y",1,"A","-",22107,,"N","A","H","-","D","D","1","Y","A","07",0,0,2,0,0,0,0,0,0,"-","-","UNINCORPORATED","EL DORADO","CA",-120.765,38.702
"5743415",-121.084673016,38.7188150185,2012,"0900","5","1","3","09",0,2,"A",,,,,,1200,7,"D","C","A","FRANCISCO DR","KENSINGTON DR",0,,"Y","2013-10-23",9245,"2012-07-23",1155,"013248",,"1","9","0","3",,"2","001","-","N",,0,0,,,0,,,,"Y",2,"A","-",21802,"A","N","A","H","-","A","A","0","Y","A","08",0,1,1,0,0,0,0,0,0,"-","-","UNINCORPORATED","EL DORADO","CA",-121.08458,38.17893
"5743414",-120.953454943,38.7227024895,2012,"0900","5","1","4","-",0,1,"A",,,,,,900,7,"E","I","A","DEER VALLEY RD","CHAMISE LN",200,"S","N","2013-10-23",9245,"2012-07-16",815,"013248",,"1","9","0","3",,"2","001","-","N",,0,0,,,0,,,,"Y",1,"A","-",0,,"N","A","H","-","A","D","0","Y","A","01",0,0,1,0,0,0,0,0,0,"-","-","UNINCORPORATED","EL DORADO","CA",-120.95339,38.72181
"5743413",0,0,2012,"0900","5","7","2","05",0,4,"A",,,,,,1800,7,"C","C","A","WENTWORTH SPRINGS RD","UNCLE TOMS RD",7920,"E","N","2013-10-23",9245,"2012-07-15",1615,"016451",,"2","9","0","3",,"2","002","-","N",,0,0,,,0,,,,"Y",2,"A","-",21460,"A","N","A","H","-","A","D","0","Y","A","07",1,1,2,0,0,0,0,0,0,"-","-","UNINCORPORATED","EL DORADO","CA",-120.47196,38.94524
"5743412",0,0,2012,"0900","5","7","3","09",0,1,"A",,"Y",,,,1200,7,"A","G","A","SERRANO PKWY","EDGEHILL DR",0,,"Y","2013-10-23",9245,"2012-07-08",1057,"013248",,"1","9","0","3",,"2","001","-","N",,0,0,,,0,,,,"Y",3,"A","-",21801,"A","N","A","H","-","A","D","0","Y","A","01",0,1,0,0,0,0,1,0,0,"-","-","UNINCORPORATED","EL DORADO","CA",-121.03874,38.68136
"5743309",-120.759958852,38.746473107,2012,"0900","4","2","4","05",0,1,"A",,,,,,1800,7,"E","I","A","CARSON RD","JACQUIER RD",214,"E","N","2013-11-05",9245,"2012-07-24",1730,"018114",,"2","9","0","2",,"1","024","-","N",,0,0,,,0,,,,"Y",1,"A","-",21650,,"N","A","H","-","A","D","0","Y","D","22",0,0,1,0,0,0,0,0,0,"-","-","UNINCORPORATED","EL DORADO","CA",-120.75966,38.74662
"5743307",-120.404769961,38.776025742,2012,"0900","2","1","4","05",0,1,"A",,,,,,2100,7,"E","I","A","RT 50","WHITEHALL CYN DR",50,"W","N","2013-11-05",9245,"2012-07-09",1850,"017756",,"2","9","0","1",,"1","160","-","Y","ED",3,50,"-","-",42.27,"H","-","E","Y",1,"A","-",21650,,"N","A","H","-","A","D","0","Y","D","22",0,0,1,0,0,0,0,0,0,"-","-","UNINCORPORATED","EL DORADO","CA",-120.40408,38.77563
"5742999",-120.825702348,38.7342998068,2012,"0901","0","2","3","21",0,1,"A","Y",,,,,1500,7,"G","B","E","COLD SPRINGS RD","STONE LN",218,"E","N","2013-11-06",901,"2012-07-24",1213,"237","0901","5","2","0","0",,"0","PP1","-","N",,0,0,,,0,,,,"N",2,"A","-",22106,,"N","A","H","-","A","D","0","Y","-","-",0,1,0,0,1,0,0,0,0,"-","-","PLACERVILLE","EL DORADO","CA",0,0
"5742995",-120.80831133,38.728248603,2012,"0901","0","1","4","03",0,1,"A",,,,,,1200,7,"C","C","A","RT 50","CANAL ST",166,"W","N","2013-11-06",901,"2012-07-02",954,"237","0901","5","2","0","0",,"0","PP1","-","Y","ED",3,50,"-","-",17.49,"H","-","E","N",2,"A","-",22350,,"N","A","H","-","A","A","0","Y","-","-",0,0,1,0,0,0,0,0,0,"-","-","PLACERVILLE","EL DORADO","CA",0,0
"5742987",-120.564298109,38.7597151656,2012,"0900","4","4","4","08",0,1,"A",,,,,,1500,7,"E","I","A","SLY PARK RD","TOBOGGAN RD",10,"S","N","2013-10-31",9245,"2012-07-26",1330,"16056",,"1","9","0","2",,"1","043","-","N",,0,0,,,0,,,,"Y",1,"A","-",22107,,"N","A","H","-","A","D","0","Y","A","01",0,0,1,0,0,0,0,0,0,"-","-","UNINCORPORATED","EL DORADO","CA",-120.56438,38.75959
"5736420",-120.995010634,38.6991189287,2012,"0900","4","5","3","09",0,1,"A",,,"Y",,,1500,6,"F","A","A","GREEN VALLEY RD","CAMERON PARK DR",175,"E","N","2013-09-28",9245,"2012-06-29",1240,"16629",,"1","9","0","2",,"2","011","-","N",,0,0,,,0,,,,"N",2,"A","-",21804,"A","F","A","H","-","A","D","0","Y","A","01",0,1,0,0,0,0,0,0,1,"-","-","UNINCORPORATED","EL DORADO","CA",0,0
"5736419",-121.020488991,38.6709353514,2012,"0900","5","4","2","03",0,2,"A",,,,,,1500,6,"E","I","A","HOLLOW OAK DR","SADDLEBACK DR",228,"E","N","2013-09-28",9245,"2012-06-21",1340,"16629",,"1","9","0","3",,"2","001","-","N",,0,0,,,0,,,,"Y",1,"A","-",22350,,"N","A","H","-","A","D","0","Y","A","01",1,1,0,0,0,0,0,0,0,"-","-","UNINCORPORATED","EL DORADO","CA",0,0
"5734813",-121.016068354,38.900992738,2012,"0900","3","3","4","03",0,1,"A",,,,,,1500,7,"C","C","A","RT 49","AARON COOL DR",2640,"N","N","2013-10-31",9245,"2012-07-18",1350,"17728",,"1","9","0","1",,"1","115","-","Y","ED",3,49,"-","-",35.52,"H","-","S","N",2,"A","-",22350,,"N","A","H","-","A","D","0","Y","A","01",0,0,1,0,0,0,0,0,0,"-","-","UNINCORPORATED","EL DORADO","CA",-121.0142,38.90327
"5734809",0,0,2012,"0900","5","4","4","08",0,2,"A",,,,,,2400,7,"E","I","A","BEATTY DR","ALEXANDRIA DR",500,"E","N","2013-10-31",9245,"2012-07-05",2125,"17737",,"2","9","0","3",,"2","001","-","N",,0,0,,,0,,,,"Y",1,"A","-",22107,,"N","A","H","-","D","D","0","Y","A","01",0,0,2,0,0,0,0,0,0,"-","-","UNINCORPORATED","EL DORADO","CA",-121.0952,38.6852
"5734801",-120.88956221,38.7711236431,2012,"0900","4","7","3","03",0,1,"A",,,"Y",,,1500,7,"B","C","A","COLD SPRINGS RD","GOLD HILL RD",4224,"N","N","2014-04-28",9245,"2012-07-08",1320,"13248",,"1","9","0","2",,"1","014","-","N",,0,0,,,0,,,,"N",2,"A","-",22350,,"N","A","H","-","A","D","0","Y","C","02",0,1,0,0,0,0,0,0,1,"-","-","UNINCORPORATED","EL DORADO","CA",0,0
"5734402",-120.560584965,38.7590091101,2012,"0900","4","2","4","01",0,1,"A",,,,,"Y",2100,7,"E","I","A","SLY PARK RD","MAYFLOWER RD",1056,"N","N","2013-10-26",9245,"2012-07-17",1915,"15459",,"2","9","0","2",,"1","043","-","N",,0,0,,,0,,,,"Y",1,"A","-",23152,"A","N","A","H","-","A","D","0","Y","A","01",0,0,1,0,0,0,0,0,0,"-","-","UNINCORPORATED","EL DORADO","CA",-120.56064,38.75917
"5734371",-121.007161232,38.7171614502,2012,"0900","5","4","4","08",0,1,"A",,,,,,2100,7,"B","I","A","STARBUCK RD","FERN CT",528,"S","N","2013-11-02",9245,"2012-07-12",1815,"017728",,"2","9","0","3",,"2","001","-","N",,0,0,,,0,,,,"Y",1,"A","-",22107,,"N","A","H","-","A","D","0","Y","A","01",0,0,1,0,0,0,0,0,0,"-","-","UNINCORPORATED","EL DORADO","CA",-120.00678,38.71849
"5732237",-121.002610845,38.6801081355,2012,"0900","5","5","3","05",0,2,"A",,,,,,1800,7,"F","A","A","WOODLEIGH LN","POINT WEST CT",450,"W","N","2013-10-26",9245,"2012-07-06",1620,"17728",,"2","9","0","3",,"2","001","-","N",,0,0,,,0,,,,"Y",1,"A","-",21650,,"N","A","H","-","A","D","0","Y","A","01",0,2,0,0,0,0,0,0,0,"-","-","UNINCORPORATED","EL DORADO","CA",-121.0026,38.68038
"5732089",-120.38342891,38.9741398227,2012,"0900","5","3","2","03",0,1,"A",,,"Y",,,1500,7,"E","I","A","WENTWORTH SPRINGS RD","ICE HOUSE RD",17952,"W","N","2013-10-25",9245,"2012-07-04",1300,"013839",,"1","9","0","3",,"2","002","-","N",,0,0,,,0,,,,"Y",1,"A","-",22350,,"N","A","H","-","A","D","0","Y","C","02",1,0,0,0,0,0,0,0,1,"-","-","UNINCORPORATED","EL DORADO","CA",-120.84296,38.70232
"5732085",-121.009561105,38.5872405668,2012,"0900","4","7","3","08",0,3,"A",,,,,,1500,7,"E","I","A","LATROBE RD","SUN RIDGE MEADOW RD",106,"N","N","2013-10-25",9245,"2012-07-08",1330,"018653",,"1","9","0","2",,"2","031","-","N",,0,0,,,0,,,,"Y",1,"A","-",22107,,"N","A","H","-","A","D","0","Y","A","01",0,1,2,0,0,0,0,0,0,"-","-","UNINCORPORATED","EL DORADO","CA",-121.01175,38.58952
"5732081",-120.702096433,38.7093744019,2012,"0900","4","5","3","05",0,3,"A",,,,,,1200,7,"A","C","A","NEWTOWN RD","GREEN CANYON RD",1,"S","N","2013-10-25",9245,"2012-07-13",1000,"13929",,"1","9","0","2",,"1","042","-","N",,0,0,,,0,,,,"Y",2,"A","-",21460,"A","N","A","H","-","A","D","0","Y","A","01",0,1,2,0,0,0,0,0,0,"-","-","UNINCORPORATED","EL DORADO","CA",0,0
"5731920",-120.823472281,38.6930774173,2012,"0900","5","7","4","09",0,2,"A",,,,,,1500,7,"B","C","A","MISSOURI FLAT RD","PLEASANT VALLEY RD",75,"N","N","2013-10-19",9245,"2012-07-08",1324,"16056",,"1","9","0","3",,"2","003","-","N",,0,0,,,0,,,,"Y",2,"A","-",21801,"A","N","A","H","-","A","D","0","Y","A","01",0,0,2,0,0,0,0,0,0,"-","-","UNINCORPORATED","EL DORADO","CA",-120.82377,38.69363
"5730252",-121.072473058,38.652185161,2012,"0900","4","2","4","03",0,1,"A",,,,,,900,7,"C","C","A","LATROBE RD","RT 50",40,"S","N","2013-10-23",9245,"2012-07-10",850,"13929",,"1","9","0","2",,"2","031","-","Y","ED",3,50,"-","-",0.832,"R","4","E","N",3,"A","-",22350,,"N","A","H","-","A","D","1","Y","A","01",0,0,1,0,0,0,0,0,0,"-","-","UNINCORPORATED","EL DORADO","CA",0,0
"5730248",-120.988182916,38.897742102,2012,"0900","3","6","4","08",0,1,"A",,,,,,2100,7,"A","I","A","RT 193","KRAMER RD",500,"W","N","2013-10-22",9245,"2012-07-07",1850,"17728",,"2","9","0","1",,"1","122","-","Y","ED",3,193,"-","R",1.96,"H","-","W","Y",1,"A","-",22107,,"N","A","H","-","A","D","0","Y","A","01",0,0,1,0,0,0,0,0,0,"-","-","UNINCORPORATED","EL DORADO","CA",-120.98679,38.8984
"5728831",-120.56529911,38.7595049634,2012,"0900","4","7","4","05",0,1,"A",,,,,,2100,7,"D","C","A","SLY PARK RD","MIDWAY AV",325,"N","N","2013-10-26",9245,"2012-07-08",1900,"15459",,"2","9","0","2",,"1","043","-","N",,0,0,,,0,,,,"Y",2,"A","-",21460,"A","N","A","H","-","A","D","0","Y","A","01",0,0,1,0,0,0,0,0,0,"-","-","UNINCORPORATED","EL DORADO","CA",-120.56721,38.75919
"5728815",-120.981253928,38.7024521472,2012,"0900","4","6","3","03",0,1,"A",,,"Y",,,1500,7,"C","C","A","GREEN VALLEY RD","WALNUT DR",175,"E","N","2013-10-26",9245,"2012-07-14",1330,"18114",,"1","9","0","2",,"2","011","-","N",,0,0,,,0,,,,"Y",2,"A","-",22350,,"N","A","H","-","A","D","0","Y","C","02",0,1,0,0,0,0,0,0,1,"-","-","UNINCORPORATED","EL DORADO","CA",-120.98069,38.70279
"5726640",-120.993805044,38.6672371156,2012,"0900","5","7","3","01",0,2,"A",,,,,"Y",2400,6,"E","I","A","KNOLLWOOD DR","LARKSPUR LN",21,"W","N","2013-09-28",9245,"2012-06-24",2357,"016059",,"3","9","0","3",,"2","003","-","N",,0,0,,,0,,,,"Y",1,"A","-",23152,"A","N","A","H","-","D","D","0","Y","A","01",0,1,1,0,0,0,0,0,0,"-","-","UNINCORPORATED","EL DORADO","CA",-120.99385,38.66711
"5725309",-121.065461059,38.6478061705,2012,"0900","5","2","4","11",0,1,"A","Y",,,,"Y",2400,7,"G","B","D","WHITE ROCK RD","MONTE VERDE DR",10,"E","N","2014-02-11",9245,"2012-07-03",2225,"17604",,"3","9","0","3",,"2","003","-","N",,0,0,,,0,,,,"N",2,"A","-",21954,"A","N","A","H","-","C","A","0","Y","N","60",0,0,1,0,1,0,0,0,0,"-","-","UNINCORPORATED","EL DORADO","CA",-121.0655,38.64774
"5723787",-120.82016442,38.745086083,2012,"0900","3","7","3","01",0,1,"A",,,"Y",,"Y",2100,7,"E","I","A","RT 49","JANE DR",425,"N","N","2013-11-04",9245,"2012-07-01",2020,"12833",,"2","9","0","1",,"1","115","-","Y","ED",3,49,"-","-",16.34,"H","-","N","Y",1,"A","-",23152,"A","N","A","H","-","A","D","0","Y","C","02",0,1,0,0,0,0,0,0,1,"-","-","UNINCORPORATED","EL DORADO","CA",-120.81939,38.74413
"5723783",-120.905426155,38.689775149,2012,"0900","2","1","4","03",0,1,"A",,,,,,2400,7,"C","C","A","RT 50","HONPIE RD",489,"S","N","2014-04-19",9245,"2012-07-02",2135,"013603",,"2","9","0","1",,"2","120","-","Y","ED",3,50,"-","R",11.13,"R","2","W","N",2,"A","-",22350,,"N","A","H","-","D","D","1","Y","A","01",0,0,1,0,0,0,0,0,0,"-","-","UNINCORPORATED","EL DORADO","CA",-120.90632,38.69202
"5723594",-120.945972469,38.67426187,2012,"0900","5","6","3","08",0,1,"A",,,"Y",,,1800,6,"F","A","A","MEDER RD","ELFWOOD LN",528,"W","N","2013-10-12",9245,"2012-06-30",1630,"17728",,"2","9","0","3",,"2","001","-","N",,0,0,,,0,,,,"N",1,"A","-",22107,,"N","A","H","-","A","D","0","Y","C","02",0,1,0,0,0,0,0,0,1,"-","-","UNINCORPORATED","EL DORADO","CA",-120.94485,38.67355
"5723590",-121.028141404,38.909814499,2012,"0900","3","7","3","08",0,1,"A",,,,,,1200,6,"E","I","A","RT 49","OLD FOREST HILL RD",0,"S","N","2014-01-23",9245,"2012-06-24",1100,"16629",,"1","9","0","1",,"1","115","-","Y","ED",3,49,"-","-",37.18,"H","-","S","Y",1,"A","-",22107,,"N","A","H","-","A","D","0","Y","A","01",0,1,0,0,0,0,0,0,0,"-","-","UNINCORPORATED","EL DORADO","CA",0,0
"5721801",-120.886352062,38.894186946,2012,"0900","3","3","2","01",0,1,"A",,,"Y",,"Y",1800,7,"E","I","A","RT 193","WEED PATCH CT",200,"E","N","2013-11-02",9245,"2012-07-04",1740,"16629",,"2","9","0","1",,"1","122","-","Y","ED",3,193,"-","-",8.83,"H","-","W","Y",1,"A","-",23152,"A","N","A","H","-","A","D","0","Y","C","02",1,0,0,0,0,0,0,0,1,"-","-","UNINCORPORATED","EL DORADO","CA",-120.89152,38.89766
"5721754",-121.069073059,38.6497951045,2012,"0900","4","1","4","12",0,1,"A",,,,,,1200,6,"D","C","A","LATROBE RD","TOWN CENTER BL",0,,"Y","2013-10-16",9245,"2012-06-25",1145,"13028",,"1","9","0","2",,"2","031","-","N",,0,0,,,0,,,,"N",3,"A","-",21453,"A","N","A","H","-","A","A","0","Y","A","07",0,0,1,0,0,0,0,0,0,"-","-","UNINCORPORATED","EL DORADO","CA",-121.06916,38.65206
"5721335",-120.900882517,38.8161700021,2012,"0900","4","1","3","05",0,1,"A",,,,,"Y",2100,7,"E","I","A","MARSHALL RD","SCOTT RD",54,"W","N","2013-10-29",9245,"2012-07-09",1855,"16461",,"2","9","0","2",,"1","021","-","N",,0,0,,,0,,,,"Y",1,"A","-",21650,,"N","A","H","-","A","D","0","Y","D","22",0,1,0,0,0,0,0,0,0,"-","-","UNINCORPORATED","EL DORADO","CA",-120.90125,38.81631
"5721331",-120.744627815,38.6786601953,2012,"0900","3","5","2","05",0,2,"A",,,,,,1800,7,"A","C","A","PLEASANT VALLEY RD","DEMYHIG LN",448,"E","N","2013-10-30",9245,"2012-07-06",1550,"16056",,"2","9","0","1",,"1","135","-","N",,0,0,,,0,,,,"Y",2,"A","-",21460,"A","N","A","H","-","A","D","0","Y","A","01",1,0,1,0,0,0,0,0,0,"-","-","UNINCORPORATED","EL DORADO","CA",-120.74501,38.67855
"5721327",0,0,2012,"0900","5","5","4","05",0,1,"A",,,,,,1500,7,"B","C","A","WRIGHTS LAKE RD","RT 50",2640,"S","N","2014-01-29",9245,"2012-07-06",1420,"16059",,"2","9","0","3",,"2","002","-","N",,0,0,,,0,,,,"Y",2,"A","-",21650,,"N","A","H","-","A","D","0","Y","D","22",0,0,1,0,0,0,0,0,0,"-","-","UNINCORPORATED","EL DORADO","CA",-120.20991,38.78707
"5720626",-120.660253794,38.7515507785,2012,"0900","5","7","4","03",0,1,"A",,,,,,1500,2,"D","C","A","CABLE RD","PLUBELL LN",10560,"N","N","2013-07-13",9245,"2012-02-05",1430,"13929",,"2","9","0","3",,"2","002","-","N",,0,0,,,0,,,,"Y",2,"A","-",22350,,"N","A","H","-","A","D","0","Y","A","07",0,0,1,0,0,0,0,0,0,"-","-","UNINCORPORATED","EL DORADO","CA",0,0
"5718841",-120.832002954,38.878428328,2012,"0900","3","3","2","04",0,1,"A",,,"Y",,,1200,5,"F","A","A","RT 193","BEAR CREEK RD",0,,"Y","2014-01-24",9245,"2012-05-23",1000,"13603",,"1","9","0","1",,"1","122","-","Y","ED",3,193,"-","-",14.36,"I","5","W","Y",2,"A","-",21703,,"N","A","H","-","A","-","0","Y","C","02",1,0,0,0,0,0,0,0,1,"-","-","UNINCORPORATED","EL DORADO","CA",-120.83008,38.88399
"5718385",-120.015508565,38.854229956,2012,"0900","2","7","3","09",0,1,"A",,,,,,1200,6,"A","C","A","RT 50","APACHE AV",200,"E","N","2014-01-23",9246,"2012-06-17",925,"14478",,"1","9","0","1",,"1","022","-","Y","ED",3,50,"-","-",71.05,"H","-","W","Y",2,"A","-",21801,"A","N","A","H","-","A","D","0","Y","A","07",0,1,0,0,0,0,0,0,0,"-","-","UNINCORPORATED","EL DORADO","CA",-120.09146,38.9491
"5718381",-120.043149578,38.9055894839,2012,"0900","5","5","3","17",0,1,"A",,"Y",,,,1800,6,"F","A","A","TAHOE MOUNTAIN RD","FALLEN LEAF RD",464,"E","N","2013-10-04",9246,"2012-06-15",1535,"15078",,"2","9","0","3",,"2","300","-","N",,0,0,,,0,,,,"N",1,"A","-",21662,,"N","A","H","-","A","D","0","Y","L","04",0,1,0,0,0,0,1,0,0,"-","-","UNINCORPORATED","EL DORADO","CA",-120.04307,38.90552
"5718377",-120.119412081,39.056478936,2012,"0900","3","2","3","03",0,1,"A",,,,,,1800,6,"C","C","A","RT 89","SUGAR PINE RD",608,"S","N","2014-01-27",9246,"2012-06-26",1740,"14471",,"2","9","0","1",,"1","031","-","Y","ED",3,89,"-","-",25.89,"H","-","S","Y",2,"A","-",22350,,"N","A","H","-","A","A","0","Y","A","01",0,1,0,0,0,0,0,0,0,"-","-","UNINCORPORATED","EL DORADO","CA",-120.07167,39.03409
"5692387",-120.66920128,38.6443692238,2012,"0900","5","5","4","06",0,1,"A",,,"Y",,,1800,6,"D","C","A","GRIZZLY FLAT RD","ROOSTER LN",1584,"S","N","2013-10-07",9245,"2012-06-29",1645,"16629",,"2","9","0","3",,"2","004","-","N",,0,0,,,0,,,,"Y",2,"A","-",21750,,"N","A","H","-","A","D","0","Y","C","02",0,0,1,0,0,0,0,0,1,"-","-","UNINCORPORATED","EL DORADO","CA",0,0
"5690677",-120.845373068,38.7222450829,2012,"0900","4","4","2","05",0,1,"A",,"Y",,,,1800,7,"A","G","A","GREEN VALLEY RD","LODE RD",0,,"Y","2013-11-07",9245,"2012-07-05",1630,"16629",,"2","9","0","2",,"2","011","-","N",,0,0,,,0,,,,"N",2,"A","-",21460,"A","N","A","H","-","A","D","0","Y","L","04",1,0,0,0,0,0,1,0,0,"-","-","UNINCORPORATED","EL DORADO","CA",-120.84538,38.7222
"5690676",-121.069073059,38.6497951045,2012,"0900","4","5","4","12",0,3,"A",,,,,,1500,6,"D","C","A","LATROBE RD","TOWN CENTER BL",0,,"Y","2013-10-07",9245,"2012-06-01",1335,"18466",,"1","9","0","2",,"2","031","-","N",,0,0,,,0,,,,"Y",2,"A","-",21453,"A","N","A","H","-","A","A","0","Y","D","22",0,0,3,0,0,0,0,0,0,"-","-","UNINCORPORATED","EL DORADO","CA",-121.06906,38.65009
"5690675",0,0,2012,"0900","4","5","2","09",0,2,"A",,,,,,900,6,"D","C","A","NORTH SHINGLE RD","LANDES LN",0,,"Y","2013-10-07",9245,"2012-06-29",650,"11511",,"1","9","0","2",,"1","013","-","N",,0,0,,,0,,,,"Y",2,"A","-",21802,"A","N","A","H","-","A","D","0","Y","A","01",1,1,0,0,0,0,0,0,0,"-","-","UNINCORPORATED","EL DORADO","CA",-120.9291,38.68358
"5690673",-120.887897603,38.6818238977,2012,"0900","5","1","2","05",0,3,"A",,,,,,1200,7,"E","I","A","GREENSTONE RD","STUDEBAKER RD",347,"S","N","2013-11-07",9245,"2012-07-02",930,"18114",,"1","9","0","3",,"2","003","-","N",,0,0,,,0,,,,"Y",1,"A","-",21650,,"N","A","H","-","A","D","0","Y","D","22",2,1,0,0,0,0,0,0,0,"-","-","UNINCORPORATED","EL DORADO","CA",-120.88799,38.682
"5681595",-120.867378745,38.8691447087,2012,"0900","5","3","3","03",0,1,"A",,,"Y",,,1800,6,"F","A","A","GREENWOOD RD","CONIFER LN",1056,"S","N","2013-10-05",9245,"2012-06-06",1620,"16056",,"2","9","0","3",,"2","002","-","N",,0,0,,,0,,,,"Y",1,"A","-",22350,,"N","A","H","-","A","D","0","Y","C","02",0,1,0,0,0,0,0,0,1,"-","-","UNINCORPORATED","EL DORADO","CA",-120.86763,38.86999
"5681591",-120.820568342,38.761348466,2012,"0900","3","2","3","01",0,1,"A",,,,,"Y",1800,6,"E","I","A","RT 193","MINERS SPRING RD",528,"N","N","2014-03-03",9245,"2012-06-12",1500,"16451",,"2","9","0","1",,"1","122","-","Y","ED",3,193,"-","-",24.98,"H","-","E","N",1,"A","-",23152,"A","N","A","H","-","A","D","0","Y","A","01",0,1,0,0,0,0,0,0,0,"-","-","UNINCORPORATED","EL DORADO","CA",-120.82134,38.76305
"5681539",-120.826591552,38.7343691084,2012,"0901","0","7","4","03",0,1,"A",,,,,,1200,6,"C","C","A","COLD SPRINGS RD","STONE LN",37,"W","N","2013-10-05",901,"2012-06-03",1046,"237","0901","5","2","0","0",,"0","PP1","-","N",,0,0,,,0,,,,"Y",2,"A","-",22350,,"N","A","H","-","A","D","0","Y","-","-",0,0,1,0,0,0,0,0,0,"-","-","PLACERVILLE","EL DORADO","CA",0,0