"CASEID","POINT_X","POINT_Y","YEAR_","LOCATION","CHPTYPE","DAYWEEK","CRASHSEV","VIOLCAT","KILLED","INJURED","WEATHER1","PEDCOL","BICCOL","MCCOL","TRUCKCOL","ETOH","TIMECAT","MONTH_","CRASHTYP","INVOLVE","PED","PRIMARYRD","SECONDRD","DISTANCE","DIRECT","INTERSECT_","PROCDATE","JURIS","DATE_","TIME_","BADGE","JURIDIST","SHIFT","POP","SPECIAL","BEATTYPE","LAPDDIV","BEATCLAS","BEATNUMB","WEATHER2","STATEHW","CALTRANC","CALTRAND","STROUTE","ROUTESUF","POSTPRE","POSTMILE","LOCATYPE","RAMP","SIDEHW","TOWAWAY","PARTIES","PCF","VIOLCODE","VIOL","VIOLSUB","HITRUN","ROADSURF","RDCOND1","RDCOND2","LIGHTING","RIGHTWAY","CHPRDTYP","NOTPRIV","STFAULT","CHPFAULT","SEVINJ","OTHERINJ","COP","PEDKILL","PEDINJ","BICKILL","BICINJ","MCKILL","MCINJURE","RAMP1","RAMP2","CITY","COUNTY","STATE","X_CHP","Y_CHP"
"5681535",-120.803052137,38.7259080382,2012,"0901","0","4","3","12",0,3,"A",,,,,,1200,6,"C","C","A","PACIFIC ST","SACRAMENTO ST",10,"N","N","2014-01-08",901,"2012-06-07",1145,"248","901","5","2","0","0",,"0","PP1","-","N",,0,0,,,0,,,,"Y",2,"A","-",22450,,"N","A","H","-","A","A","0","Y","-","-",0,1,2,0,0,0,0,0,0,"-","-","PLACERVILLE","EL DORADO","CA",0,0
"5681324",-120.801872566,38.7267851447,2012,"0901","0","7","4","03",0,1,"A",,,,,,1800,6,"A","J","A","PACIFIC ST","QUARTZ ALY",3,"E","N","2014-01-07",901,"2012-06-03",1704,"261","901","5","2","0","0",,"0","PP1","-","N",,0,0,,,0,,,,"N",1,"A","-",22350,,"N","A","H","-","A","A","0","Y","-","-",0,0,1,0,0,0,0,0,0,"-","-","PLACERVILLE","EL DORADO","CA",0,0
"5679565",-120.914648568,38.7876704816,2012,"0900","4","1","3","03",0,1,"B",,,,,,1200,6,"E","I","A","LOTUS RD","GRANITE CREEK RD",116,"N","N","2013-10-02",9245,"2012-06-04",905,"15262",,"1","9","0","2",,"1","013","C","N",,0,0,,,0,,,,"Y",1,"A","-",22350,,"N","B","H","-","A","A","0","Y","D","22",0,1,0,0,0,0,0,0,0,"-","-","UNINCORPORATED","EL DORADO","CA",-120.91411,38.78833
"5677962",-120.121199834,38.804520374,2012,"0900","2","7","4","01",0,1,"A",,,,,"Y",1800,7,"B","C","A","RT 50","TWIN BRIDGES RD",528,"E","N","2014-04-19",9246,"2012-07-01",1535,"14478",,"2","9","0","1",,"1","022","-","Y","ED",3,50,"-","-",60.47,"H","-","W","Y",2,"A","-",23152,"A","N","A","H","-","A","D","0","Y","A","08",0,0,1,0,0,0,0,0,0,"-","-","UNINCORPORATED","EL DORADO","CA",-120.12014,38.8113
"5674881",-121.039619888,38.654148145,2012,"0900","2","2","3","01",0,1,"A",,,,,"Y",2400,6,"F","A","A","RT 50","BASS LAKE RD",1555,"W","N","2014-01-23",9245,"2012-06-19",2240,"16059",,"3","9","0","1",,"2","110","-","Y","ED",3,50,"-","R",2.95,"H","-","E","Y",1,"A","-",23152,"A","N","A","D","-","C","D","1","Y","A","07",0,1,0,0,0,0,0,0,0,"-","-","UNINCORPORATED","EL DORADO","CA",-121.03655,38.65451
"5674667",-120.755384571,38.7709689162,2012,"0900","4","3","4","05",0,1,"A",,,,,,1500,5,"F","A","A","MOSQUITO RD","GREENBROOK DR",3960,"S","N","2013-08-29",9245,"2012-05-30",1305,"16465",,"1","9","0","2",,"1","023","-","N",,0,0,,,0,,,,"Y",1,"A","-",21650,,"N","A","H","-","A","D","0","Y","A","01",0,0,1,0,0,0,0,0,0,"-","-","UNINCORPORATED","EL DORADO","CA",-120.74931,38.77578
"5673767",-120.986216471,38.5622920111,2012,"0900","4","4","4","08",0,1,"A",,,,,,1800,6,"E","I","A","LATROBE RD","LATROBE TRIANGLE",528,"N","N","2013-10-16",9245,"2012-06-14",1720,"16629",,"2","9","0","2",,"2","031","-","N",,0,0,,,0,,,,"Y",1,"A","-",22107,,"N","A","H","-","A","D","0","Y","D","22",0,0,1,0,0,0,0,0,0,"-","-","UNINCORPORATED","EL DORADO","CA",-120.98544,38.56133
"5673724",-120.94265304,38.661365171,2012,"0900","4","2","4","12",0,2,"A",,,,,,900,6,"D","C","A","SOUTH SHINGLE RD","RT 50",0,,"Y","2014-01-23",9245,"2012-06-05",725,"013028",,"1","9","0","2",,"1","032","-","Y","ED",3,50,"-","R",8.378,"R","4","E","N",2,"A","-",21453,"A","N","A","H","-","A","A","1","Y","A","07",0,0,2,0,0,0,0,0,0,"-","EF","UNINCORPORATED","EL DORADO","CA",-120.93702,38.66147
"5673405",-120.827554316,38.7046301307,2012,"0900","5","2","4","03",0,2,"A",,,,,,1500,6,"C","C","A","GOLDEN CENTER DR","MISSOURI FLAT RD",40,"E","N","2013-10-05",9245,"2012-06-19",1410,"016465",,"2","9","0","3",,"2","003","-","N",,0,0,,,0,,,,"N",2,"A","-",22350,,"N","A","H","-","A","A","0","Y","A","01",0,0,2,0,0,0,0,0,0,"-","-","UNINCORPORATED","EL DORADO","CA",-120.82736,38.70492
"5673401",-120.760632924,38.6976951253,2012,"0900","4","5","3","09",0,3,"A",,,,,,2100,6,"-","C","A","CEDAR RAVINE RD","MINERAL WY",0,,"Y","2013-11-04",9245,"2012-06-08",1855,"16056",,"2","9","0","2",,"1","041","-","N",,0,0,,,0,,,,"Y",2,"A","-",21801,"A","N","A","H","-","A","-","0","Y","A","01",0,2,1,0,0,0,0,0,0,"-","-","UNINCORPORATED","EL DORADO","CA",-120.76078,38.69772
"5673397",-120.889363662,38.7086965847,2012,"0900","4","4","4","03",0,2,"A",,,,,,2100,6,"-","C","A","GREEN VALLEY RD","GREENSTONE RD",12,"E","N","2013-11-04",9245,"2012-06-14",2000,"16056",,"2","9","0","2",,"2","011","-","N",,0,0,,,0,,,,"Y",2,"A","-",22350,,"N","A","H","-","B","-","0","Y","A","01",0,0,2,0,0,0,0,0,0,"-","-","UNINCORPORATED","EL DORADO","CA",-120.8897,38.7087
"5673393",-120.732344495,38.737661778,2012,"0900","2","5","4","09",0,1,"A",,,,,,1800,6,"D","C","A","RT 50","STILL MEADOW RD",0,,"Y","2014-02-06",9245,"2012-06-15",1725,"16056",,"2","9","0","1",,"2","140","-","Y","ED",3,50,"-","R",22.056,"I","5","E","Y",2,"A","-",21802,"A","N","A","H","-","A","A","1","Y","A","08",0,0,1,0,0,0,0,0,0,"-","-","UNINCORPORATED","EL DORADO","CA",-120.73233,38.73753
"5673389",-120.410560734,38.7848738079,2012,"0900","4","7","3","03",0,1,"A",,,"Y",,,1500,6,"F","A","A","ICE HOUSE RD","WEBER MILL RD",3696,"S","N","2013-10-05",9245,"2012-06-17",1435,"015262",,"2","9","0","2",,"1","026","-","N",,0,0,,,0,,,,"Y",1,"A","-",22350,,"N","A","H","-","A","A","0","Y","C","02",0,1,0,0,0,0,0,0,1,"-","-","UNINCORPORATED","EL DORADO","CA",-120.42325,38.79192
"5673385",-121.071604073,38.6549025808,2012,"0900","4","5","4","03",0,1,"A",,,,,,900,6,"C","C","A","EL DORADO HILLS BL","SARATOGA WY",360,"N","N","2013-10-08",9245,"2012-06-15",755,"018466",,"1","9","0","2",,"2","012","-","N",,0,0,,,0,,,,"Y",2,"A","-",22350,,"N","A","H","-","A","D","0","Y","A","07",0,0,1,0,0,0,0,0,0,"-","-","UNINCORPORATED","EL DORADO","CA",-121.0719,38.65789
"5673381",0,0,2012,"0900","5","6","3","08",0,1,"A",,,"Y",,,1500,6,"F","A","A","WENTWORTH SPRINGS RD","BUCKEYE CT",40,"E","N","2013-10-05",9245,"2012-06-16",1215,"017728",,"1","9","0","3",,"2","002","-","N",,0,0,,,0,,,,"Y",1,"A","-",22107,,"N","A","H","-","A","D","0","Y","C","02",0,1,0,0,0,0,0,0,1,"-","-","UNINCORPORATED","EL DORADO","CA",-120.79641,38.9243
"5673377",-120.94265304,38.661365171,2012,"0900","2","7","2","05",0,1,"A",,,"Y",,,1500,6,"F","A","A","RT 50","PONDEROSA RD",500,"W","N","2014-02-10",9245,"2012-06-10",1300,"013028",,"1","9","0","1",,"2","110","-","Y","ED",3,50,"-","R",8.378,"R","2","E","N",1,"A","-",21660,,"N","A","H","-","A","D","1","Y","C","02",1,0,0,0,0,0,0,0,1,"-","-","UNINCORPORATED","EL DORADO","CA",-120.93941,38.6617
"5673373",-120.672861298,38.734386929,2012,"0900","2","3","4","18",0,1,"A",,,,,,900,6,"H","H","A","RT 50","SNOWS RD",800,"E","N","2014-01-23",9245,"2012-06-20",810,"015262",,"1","9","0","1",,"2","140","-","Y","ED",3,50,"-","-",25.43,"H","-","W","Y",1,"C","-",0,,"N","A","H","-","A","A","1","Y","-","-",0,0,1,0,0,0,0,0,0,"-","-","UNINCORPORATED","EL DORADO","CA",-120.6691,38.7344
"5673360",-120.57722194,38.7630599155,2012,"0900","4","6","3","01",0,1,"A",,,"Y",,"Y",1800,5,"F","A","A","PONY EXPRESS TRL","SLY PARK RD",200,"W","N","2013-09-07",9245,"2012-05-12",1525,"017728",,"2","9","0","2",,"1","025","-","N",,0,0,,,0,,,,"N",1,"A","-",23152,"A","N","A","H","-","A","D","0","Y","C","02",0,1,0,0,0,0,0,0,1,"-","-","UNINCORPORATED","EL DORADO","CA",0,0
"5673341",-120.871214296,38.7527411438,2012,"0900","4","3","2","01",0,1,"A",,,,,"Y",2100,6,"E","I","A","COLD SPRINGS RD","MOUNT SHASTA LN",110,"S","N","2013-10-02",9245,"2012-06-06",2000,"16059",,"2","9","0","2",,"1","014","-","N",,0,0,,,0,,,,"Y",1,"A","-",23152,"A","N","A","H","-","D","D","0","Y","D","22",1,0,0,0,0,0,0,0,0,"-","-","UNINCORPORATED","EL DORADO","CA",-120.87097,38.75279
"5673337",-120.55817469,38.7588361933,2012,"0900","5","6","4","08",0,1,"A",,,,,,1800,6,"A","I","A","RIDGECREST WY","DARBY LN",528,"E","N","2013-10-02",9245,"2012-06-16",1630,"16056",,"2","9","0","3",,"2","004","-","N",,0,0,,,0,,,,"Y",1,"A","-",22107,,"N","A","H","-","A","D","0","Y","D","22",0,0,1,0,0,0,0,0,0,"-","-","UNINCORPORATED","EL DORADO","CA",0,0
"5672202",-120.118732952,39.034965267,2012,"0900","3","6","4","03",0,2,"A",,,,,,900,6,"C","C","A","RT 89","VALLEY VIEW DR",581,"N","N","2014-01-27",9246,"2012-06-09",844,"15078",,"1","9","0","1",,"1","031","-","Y","ED",3,89,"-","-",24.43,"H","-","S","Y",2,"A","-",22350,,"N","A","H","-","A","D","0","Y","A","01",0,0,2,0,0,0,0,0,0,"-","-","UNINCORPORATED","EL DORADO","CA",-120.11832,39.03455
"5672194",-120.071425701,38.934003202,2012,"0900","3","7","3","03",0,1,"A",,"Y",,,,900,6,"F","A","A","RT 89","SPRING CREEK CMPGD",1584,"S","N","2014-01-30",9246,"2012-06-03",810,"13182",,"1","9","0","1",,"1","030","-","Y","ED",3,89,"-","-",12.92,"H","-","N","N",1,"A","-",22350,,"N","A","H","-","A","D","0","Y","L","04",0,1,0,0,0,0,1,0,0,"-","-","UNINCORPORATED","EL DORADO","CA",-120.07141,38.93405
"5672190",-120.11149019,38.80268525,2012,"0900","2","6","3","08",0,1,"A",,,"Y",,,1800,6,"F","A","A","RT 50","SAYLES CANYON TRACT",585,"W","N","2014-01-23",9246,"2012-06-02",1622,"18418",,"2","9","0","1",,"1","020","-","Y","ED",3,50,"-","-",61.29,"H","-","E","Y",1,"A","-",22107,,"N","A","H","-","A","D","0","Y","C","02",0,1,0,0,0,0,0,0,1,"-","-","UNINCORPORATED","EL DORADO","CA",-120.11168,38.80248
"5672071",-120.087918562,38.949342135,2012,"0900","3","1","2","03",0,1,"A",,,"Y",,,2100,5,"F","A","A","RT 89","CASCADE CREEK",279,"N","N","2014-01-30",9246,"2012-05-28",1923,"16150",,"2","9","0","1",,"1","030","-","Y","ED",3,89,"-","-",14.83,"H","-","N","Y",1,"A","-",22350,,"N","A","H","-","A","D","0","Y","C","02",1,0,0,0,0,0,0,0,1,"-","-","UNINCORPORATED","EL DORADO","CA",-120.0856,38.94786
"5670451",-120.902608546,38.8160593856,2012,"0900","4","5","4","03",0,1,"B",,,,,,1500,5,"F","A","A","MARSHALL RD","PROSPECTORS RD",50,"W","N","2013-09-07",9245,"2012-05-25",1420,"16629",,"2","9","0","2",,"1","021","-","N",,0,0,,,0,,,,"Y",1,"A","-",22350,,"N","A","H","-","A","D","0","Y","E","22",0,0,1,0,0,0,0,0,0,"-","-","UNINCORPORATED","EL DORADO","CA",0,0
"5668169",-120.708515906,38.6162312561,2012,"0900","5","1","3","01",0,1,"A",,,,,"Y",1800,6,"E","I","A","OUTINGDALE RD","CANDY LN",180,"E","N","2013-10-04",9245,"2012-06-11",1500,"15459",,"2","9","0","3",,"2","004","-","N",,0,0,,,0,,,,"Y",1,"A","-",23152,"A","N","A","H","-","A","D","0","Y","A","07",0,1,0,0,0,0,0,0,0,"-","-","UNINCORPORATED","EL DORADO","CA",-120.83034,38.72124
"5668165",-120.567466486,38.7591451654,2012,"0900","4","1","3","05",0,1,"B",,,,,,1800,6,"E","I","A","SLY PARK RD","MIDWAY AV",310,"W","N","2013-10-04",9245,"2012-06-04",1710,"16465",,"2","9","0","2",,"1","043","C","N",,0,0,,,0,,,,"Y",1,"A","-",21650,,"N","B","H","-","A","D","0","Y","A","07",0,1,0,0,0,0,0,0,0,"-","-","UNINCORPORATED","EL DORADO","CA",-120.56748,38.75914
"5668161",-121.075413048,38.706465006,2012,"0900","5","7","4","05",0,2,"A",,,,,,1800,6,"D","C","A","SILVA VALLEY PKY","GLENMORE WY",0,,"Y","2013-10-04",9245,"2012-06-03",1635,"14712",,"2","9","0","3",,"2","001","-","N",,0,0,,,0,,,,"Y",2,"A","-",21460,"A","N","A","H","-","A","D","0","Y","A","01",0,0,2,0,0,0,0,0,0,"-","-","UNINCORPORATED","EL DORADO","CA",-121.07562,38.70675
"5668160",-121.075089207,38.6649344435,2012,"0900","4","4","4","08",0,1,"A",,,,,,1200,5,"E","J","A","EL DORADO HILLS BL","WILSON BL",1320,"S","N","2013-08-30",9260,"2012-05-31",1120,"13708",,"1","9","0","2",,"2","201","-","N",,0,0,,,0,,,,"Y",1,"A","-",22107,,"N","A","H","-","A","D","0","Y","A","01",0,0,1,0,0,0,0,0,0,"-","-","UNINCORPORATED","EL DORADO","CA",0,0
"5668096",0,0,2012,"0900","5","7","3","08",0,1,"A",,,"Y",,"Y",1800,5,"E","I","A","SALMON FALLS RD","AMERICAN RIVER BR",150,"S","N","2013-08-30",9260,"2012-05-20",1730,"17550",,"2","9","0","3",,"2","002","-","N",,0,0,,,0,,,,"Y",1,"A","-",22107,,"N","A","H","-","A","D","0","Y","C","02",0,1,0,0,0,0,0,0,1,"-","-","UNINCORPORATED","EL DORADO","CA",0,0
"5663986",-120.03320713,38.8517524377,2012,"0900","4","7","3","01",0,2,"A",,,,,"Y",2100,6,"E","I","A","NORTH UPPER TRUCKEE RD","OTOMITES ST",78,"N","N","2013-10-11",9246,"2012-06-03",1835,"17612",,"2","9","0","2",,"1","025","-","N",,0,0,,,0,,,,"Y",1,"A","-",23152,"A","M","A","H","-","A","D","0","Y","A","01",0,2,0,0,0,0,0,0,0,"-","-","UNINCORPORATED","EL DORADO","CA",-120.01986,38.51109
"5663819",-120.123372733,38.805885055,2012,"0900","2","1","3","17",0,2,"A",,,,,,1800,5,"E","I","A","RT 50","TWIN BRIDGES RD",1,"E","N","2014-02-07",9246,"2012-05-21",1500,"14471",,"2","9","0","1",,"1","020","-","Y","ED",3,50,"-","-",60.3,"H","-","E","Y",1,"A","-",21662,,"N","A","H","-","A","A","0","Y","A","01",0,2,0,0,0,0,0,0,0,"-","-","UNINCORPORATED","EL DORADO","CA",-120.12293,38.80547
"5663818",-120.042335075,38.84218596,2012,"0900","2","4","4","03",0,1,"A",,,"Y",,,2400,5,"F","A","A","RT 50","CHIAPA DR",3696,"W","N","2014-01-23",9246,"2012-05-31",2350,"18476",,"3","9","0","1",,"1","021","-","Y","ED",3,50,"-","-",69.32,"H","-","E","Y",1,"A","-",22350,,"N","A","H","-","D","D","0","Y","C","02",0,0,1,0,0,0,0,0,1,"-","-","UNINCORPORATED","EL DORADO","CA",-120.04307,38.84137
"5662816",0,0,2012,"0900","5","3","3","01",0,1,"A",,,,,"Y",300,6,"C","C","A","GATEWAY DR","DEER TRAIL LN",528,"S","N","2013-10-05",9245,"2012-06-06",205,"15609",,"3","9","0","3",,"2","001","-","N",,0,0,,,0,,,,"Y",4,"A","-",23152,"A","M","A","H","-","D","D","0","Y","A","01",0,1,0,0,0,0,0,0,0,"-","-","UNINCORPORATED","EL DORADO","CA",-121.00504,38.69207
"5662663",-120.040982977,38.8712684974,2012,"0900","5","1","4","21",0,1,"A",,,,,,900,5,"B","E","A","ZUNI ST","SHOSHONE ST",85,"N","N","2013-09-10",9246,"2012-05-21",700,"010056",,"1","9","0","3",,"2","200","-","N",,0,0,,,0,,,,"N",2,"A","-",22106,,"N","A","H","-","A","D","0","Y","D","22",0,0,1,0,0,0,0,0,0,"-","-","UNINCORPORATED","EL DORADO","CA",-120.04103,38.07169
"5645148",-120.871214296,38.7527411438,2012,"0900","4","1","3","01",0,1,"A",,,,,"Y",300,5,"F","A","A","COLD SPRINGS RD","MOUNT SHASTA LN",110,"S","N","2013-08-31",9245,"2012-05-28",125,"17604",,"3","9","0","2",,"1","014","-","N",,0,0,,,0,,,,"Y",1,"A","-",23152,"A","N","A","H","-","D","D","0","Y","A","01",0,1,0,0,0,0,0,0,0,"-","-","UNINCORPORATED","EL DORADO","CA",-120.8712,38.75289
"5639505",0,0,2012,"0900","4","6","1","01",1,0,"A",,,,,"Y",2100,11,"E","I","A","MOSQUITO RD","MOSQUITO BR",192,"W","N","2013-02-07",9245,"2012-11-10",2015,"018240",,"2","9","0","2",,"1","023","-","N",,0,0,,,0,,,,"Y",1,"A","-",23152,"A","N","A","H","-","D","D","0","Y","D","22",0,0,0,0,0,0,0,0,0,"-","-","UNINCORPORATED","EL DORADO","CA",-120.7492,38.7758
"5639504",-120.975167779,38.7064276484,2012,"0900","4","7","1","05",2,3,"A",,,,,"Y",2100,11,"A","C","A","GREEN VALLEY RD","PEARL LN",405,"E","N","2013-02-07",9245,"2012-11-04",2050,"012833",,"2","9","0","2",,"2","011","-","N",,0,0,,,0,,,,"Y",2,"A","-",21460,"A","N","A","H","-","D","D","0","Y","A","01",0,1,2,0,0,0,0,0,0,"-","-","UNINCORPORATED","EL DORADO","CA",-120.97516,38.70641
"5639364",-120.917604084,38.904633413,2012,"0900","3","4","1","05",1,1,"A",,,,,,1800,8,"A","C","A","RT 193","ZDOLSEK PL",96,"N","N","2014-04-03",9245,"2012-08-23",1543,"016629",,"2","9","0","1",,"1","122","-","Y","ED",3,193,"-","R",6.57,"H","-","E","Y",2,"A","-",21460,"A","N","A","H","-","A","D","0","Y","D","22",1,0,0,0,0,0,0,0,0,"-","-","UNINCORPORATED","EL DORADO","CA",-120.91741,38.9051
"5639286",-120.665232045,38.7390100156,2012,"0900","4","4","1","01",1,1,"A",,,,,"Y",2400,9,"A","C","A","PONY EXPRESS TRL","CARSON RD",389,"E","N","2013-01-16",9245,"2012-09-13",2214,"016629",,"3","9","0","2",,"1","025","-","N",,0,0,,,0,,,,"Y",2,"A","-",23152,"A","N","A","H","-","D","D","0","Y","D","22",0,0,1,0,0,0,0,0,0,"-","-","UNINCORPORATED","EL DORADO","CA",-120.66489,38.73907
"5639285",-120.933422913,38.90455209,2012,"0900","3","5","1","05",1,0,"A",,,,,,2500,9,"E","I","A","RT 193","LOU ALLEN LN",1584,"W","N","2014-04-17",9245,"2012-09-14",2500,"013028",,"4","9","0","1",,"1","122","-","Y","ED",3,193,"-","R",5.1,"H","-","W","Y",1,"A","-",21650,,"N","A","H","-","D","D","0","Y","A","01",0,0,0,0,0,0,0,0,0,"-","-","UNINCORPORATED","EL DORADO","CA",-120.9334,38.90497
"5639284",-120.728729891,38.6750869445,2012,"0900","4","1","1","03",1,0,"B",,,,,,1800,6,"E","I","A","BUCKS BAR RD","PALACE LN",1848,"S","N","2014-04-01",9245,"2012-06-04",1610,"015459",,"2","9","0","2",,"1","042","-","N",,0,0,,,0,,,,"Y",1,"A","-",22350,,"N","B","H","-","A","D","0","Y","A","07",0,0,0,0,0,0,0,0,0,"-","-","UNINCORPORATED","EL DORADO","CA",-120.436,38.3917
"5639282",-120.717798154,38.7390665576,2012,"0900","4","6","1","05",1,0,"A",,,,,"Y",300,10,"E","I","A","CARSON RD","INDIAN LN",548,"W","N","2013-01-16",9245,"2012-10-06",215,"018240",,"3","9","0","2",,"1","024","-","N",,0,0,,,0,,,,"Y",1,"A","-",21650,,"N","A","H","-","D","D","0","Y","A","01",0,0,0,0,0,0,0,0,0,"-","-","UNINCORPORATED","EL DORADO","CA",-120.71884,38.73944
"5639279",-121.015923725,38.895014785,2012,"0900","3","7","1","08",1,0,"A",,,"Y",,"Y",300,7,"E","I","A","RT 49","AARON COOL DR",225,"N","N","2014-04-03",9245,"2012-07-08",140,"018240",,"3","9","0","1",,"1","115","-","Y","ED",3,49,"-","-",35.06,"H","-","N","Y",1,"A","-",22107,,"N","A","H","-","D","D","0","Y","C","02",0,0,0,0,0,0,0,1,0,"-","-","UNINCORPORATED","EL DORADO","CA",-121.01571,38.89188
"5639267",-119.952182945,38.9411351554,2012,"0902","0","6","1","01",1,3,"D",,,,,"Y",300,12,"D","C","A","PIONEER TR","SKI RUN BL",0,,"Y","2013-01-15",902,"2012-12-15",137,"208",,"5","3","0","0",,"0",,"-","N",,0,0,,,0,,,,"Y",2,"A","-",23152,"A","N","C","H","-","C","A","0","Y","A","01",0,1,2,0,0,0,0,0,0,"-","-","SOUTH LAKE TAHOE","EL DORADO","CA",0,0
"5639157",-120.028265848,38.824464996,2012,"0900","2","4","1","00",1,0,"F",,,,,"Y",2500,5,"E","I","A","RT 50","OLD MEYERS GRADE",120,"W","N","2013-01-02",9246,"2012-05-10",2500,"018418",,"4","9","0","1",,"1","021","-","Y","ED",3,50,"-","-",67.61,"H","-","E","Y",1,"D","-",0,,"N","-","G","-","-","D","0","Y","-","-",0,0,0,0,0,0,0,0,0,"-","-","UNINCORPORATED","EL DORADO","CA",-120.01711,38.49528
"5638589",-120.944071832,38.6432510892,2012,"0900","4","5","1","03",1,0,"A",,,,,"Y",2400,8,"E","I","A","SOUTH SHINGLE RD","EL CAMINITO RD",233,"N","N","2014-04-16",9245,"2012-08-03",2305,"017935",,"3","9","0","2",,"1","032","-","N",,0,0,,,0,,,,"Y",1,"A","-",22350,,"N","A","H","-","D","D","0","Y","D","22",0,0,0,0,0,0,0,0,0,"-","-","UNINCORPORATED","EL DORADO","CA",-120.94379,38.64308
"5638476",-120.122572374,39.022302258,2012,"0900","3","1","1","09",1,0,"A",,,"Y",,,1200,9,"D","C","A","RT 89","MOUNTAIN DR",0,,"Y","2012-10-03",9246,"2012-09-10",1140,"010056",,"1","9","0","1",,"1","031","-","Y","ED",3,89,"-","-",23.42,"I","5","S","Y",2,"A","-",21802,"A","N","A","H","-","A","A","0","Y","A","07",0,0,0,0,0,0,0,1,0,"-","-","UNINCORPORATED","EL DORADO","CA",-120.12292,39.02205
"5638393",-120.012012912,38.858265259,2012,"0902","0","2","1","-",1,0,"B","Y",,,,"Y",2400,8,"G","B","D","LAKE TAHOE BL","PIONEER TRL",0,,"Y","2014-04-15",902,"2012-08-14",2117,"193","0902","5","3","0","0",,"0","EAST","C","Y","ED",3,50,"-","-",71.4,"H","-","W","N",2,"A","-",0,,"N","B","H","-","D","A","0","Y","N","60",0,0,0,1,0,0,0,0,0,"-","-","SOUTH LAKE TAHOE","EL DORADO","CA",0,0
"5638058",0,0,2012,"0900","4","3","1","05",1,2,"A",,,,,"Y",2100,1,"A","C","A","MOUNT AUKUM RD","PARADISE RANCH RD",51,"S","N","2014-04-11",9245,"2012-01-04",1825,"017756",,"2","9","0","2",,"1","042","-","N",,0,0,,,0,,,,"Y",2,"A","-",21460,"A","N","A","H","-","D","D","0","Y","A","01",1,0,1,0,0,0,0,0,0,"-","-","UNINCORPORATED","EL DORADO","CA",-120.83036,38.72125
"5638057",-120.817729803,38.793585237,2012,"0900","3","3","1","05",1,0,"A",,,,,,900,1,"B","C","A","RT 193","KELSEY RD",250,"S","N","2012-08-02",9245,"2012-01-04",800,"015609",,"1","9","0","1",,"1","122","-","Y","ED",3,193,"-","-",20.84,"H","-","E","Y",2,"A","-",21460,"A","N","A","H","-","A","D","0","Y","A","07",0,0,0,0,0,0,0,0,0,"-","-","UNINCORPORATED","EL DORADO","CA",-120.9266,38.66512
"5636784",-120.876533033,38.840015052,2012,"0900","5","3","3","08",0,1,"A",,,,,,900,5,"A","I","A","MOUNT MURPHY RD","JOHNTOWN CREEK RD",0,,"Y","2013-09-04",9245,"2012-05-30",735,"16056",,"1","9","0","3",,"2","002","-","N",,0,0,,,0,,,,"N",1,"A","-",22107,,"N","A","H","-","A","D","0","Y","A","01",0,1,0,0,0,0,0,0,0,"-","-","UNINCORPORATED","EL DORADO","CA",-120.87636,38.84
"5636776",0,0,2012,"0900","5","6","3","03",0,2,"A",,,"Y",,,1800,5,"F","A","A","WENTWORTH SPRINGS RD","LOFTY PEAK LN",2640,"W","N","2013-09-04",9245,"2012-05-19",1600,"017089",,"2","9","0","3",,"2","002","-","N",,0,0,,,0,,,,"Y",1,"A","-",22350,,"N","A","H","-","A","D","0","Y","C","02",0,2,0,0,0,0,0,0,2,"-","-","UNINCORPORATED","EL DORADO","CA",0,0
"5634559",-120.894559962,38.803399507,2012,"0900","3","1","4","03",0,1,"A",,,"Y",,,1800,5,"F","A","A","RT 49","COLD SPRINGS RD",1056,"S","N","2014-01-23",9245,"2012-05-28",1505,"16451",,"2","9","0","1",,"1","115","-","Y","ED",3,49,"-","-",22.67,"H","-","N","Y",1,"A","-",22350,,"N","A","H","-","A","D","0","Y","C","02",0,0,1,0,0,0,0,0,1,"-","-","UNINCORPORATED","EL DORADO","CA",-120.88544,38.79526
"5634555",0,0,2012,"0900","5","5","4","01",0,1,"A",,,"Y",,"Y",2100,5,"E","I","A","10N83 FOREST SERVICE RD","NORTH SOUTH RD",550,"E","N","2013-09-16",9245,"2012-05-25",1815,"17737",,"2","9","0","3",,"2","002","-","N",,0,0,,,0,,,,"N",1,"A","-",23152,"A","N","A","H","-","A","D","0","Y","C","02",0,0,1,0,0,0,0,0,1,"-","-","UNINCORPORATED","EL DORADO","CA",-120.4352,38.6739
"5634304",0,0,2012,"0900","5","1","3","03",0,3,"A",,,,,,1200,5,"C","C","A","GREEN VALLEY RD","SOPHIA PARKWAY",110,"W","N","2013-09-24",9260,"2012-05-07",1030,"013708",,"1","9","0","3",,"2","203","-","N",,0,0,,,0,,,,"Y",3,"A","-",22350,,"N","A","H","-","A","A","0","Y","A","07",0,1,2,0,0,0,0,0,0,"-","-","UNINCORPORATED","EL DORADO","CA",0,0