"CASEID","POINT_X","POINT_Y","YEAR_","LOCATION","CHPTYPE","DAYWEEK","CRASHSEV","VIOLCAT","KILLED","INJURED","WEATHER1","PEDCOL","BICCOL","MCCOL","TRUCKCOL","ETOH","TIMECAT","MONTH_","CRASHTYP","INVOLVE","PED","PRIMARYRD","SECONDRD","DISTANCE","DIRECT","INTERSECT_","PROCDATE","JURIS","DATE_","TIME_","BADGE","JURIDIST","SHIFT","POP","SPECIAL","BEATTYPE","LAPDDIV","BEATCLAS","BEATNUMB","WEATHER2","STATEHW","CALTRANC","CALTRAND","STROUTE","ROUTESUF","POSTPRE","POSTMILE","LOCATYPE","RAMP","SIDEHW","TOWAWAY","PARTIES","PCF","VIOLCODE","VIOL","VIOLSUB","HITRUN","ROADSURF","RDCOND1","RDCOND2","LIGHTING","RIGHTWAY","CHPRDTYP","NOTPRIV","STFAULT","CHPFAULT","SEVINJ","OTHERINJ","COP","PEDKILL","PEDINJ","BICKILL","BICINJ","MCKILL","MCINJURE","RAMP1","RAMP2","CITY","COUNTY","STATE","X_CHP","Y_CHP"
"5631534",-121.004970519,38.6607173951,2012,"0900","5","3","4","03",0,1,"A",,,,,,1800,5,"C","C","A","COUNTRY CLUB DR","PLACITAS DR",15,"W","N","2013-08-30",9245,"2012-05-23",1720,"13028",,"2","9","0","3",,"2","001","-","N",,0,0,,,0,,,,"N",2,"A","-",22350,,"N","A","H","-","A","D","0","Y","A","07",0,0,1,0,0,0,0,0,0,"-","-","UNINCORPORATED","EL DORADO","CA",-121.00521,38.66024
"5631526",-120.978539989,38.829351885,2012,"0900","3","4","4","08",0,1,"A",,,,,,1200,5,"E","I","A","RT 49","LILYAMA RD",1056,"N","N","2014-01-30",9245,"2012-05-24",910,"16056",,"1","9","0","1",,"1","115","-","Y","ED",3,49,"-","-",28.12,"H","-","N","Y",1,"A","-",22107,,"N","A","H","-","A","D","0","Y","A","01",0,0,1,0,0,0,0,0,0,"-","-","UNINCORPORATED","EL DORADO","CA",-120.96924,38.82851
"5629371",-120.733882457,38.737886378,2012,"0900","2","5","4","05",0,1,"A",,,,,,900,4,"F","A","A","RT 50","STILL MEADOW RD",500,"W","N","2014-01-23",9245,"2012-04-27",610,"012382",,"1","9","0","1",,"2","140","-","Y","ED",3,50,"-","R",21.97,"H","-","W","Y",1,"A","-",21650,,"N","A","H","-","B","A","1","Y","A","07",0,0,1,0,0,0,0,0,0,"-","-","UNINCORPORATED","EL DORADO","CA",-120.73435,38.73802
"5628797",-120.806475096,38.728155188,2012,"0901","0","5","4","03",0,1,"A",,,,,,1500,5,"C","C","A","RT 50","CANAL ST",120,"E","N","2014-03-05",901,"2012-05-18",1310,"248",,"5","2","0","0",,"0","PP1","-","Y","ED",3,50,"-","-",17.54,"H","-","W","Y",2,"A","-",22350,,"N","A","H","-","A","A","0","Y","A","01",0,0,1,0,0,0,0,0,0,"-","-","PLACERVILLE","EL DORADO","CA",0,0
"5628793",-120.57828298,38.7629951528,2012,"0900","4","5","4","09",0,1,"A",,,,,,1200,5,"D","C","A","PONY EXPRESS TRL","FOREBAY RD",0,,"Y","2013-09-09",9245,"2012-05-18",1128,"012382",,"1","9","0","2",,"1","025","-","N",,0,0,,,0,,,,"Y",2,"A","-",21802,"A","N","A","H","-","A","A","0","Y","A","07",0,0,1,0,0,0,0,0,0,"-","-","UNINCORPORATED","EL DORADO","CA",-120.57833,38.76294
"5628789",-120.869233007,38.6807650904,2012,"0900","4","7","3","-",0,3,"A",,,,,,1500,5,"D","C","A","MOTHER LODE DR","PLEASANT VALLEY RD",0,,"Y","2013-09-09",9245,"2012-05-13",1445,"013028",,"2","9","0","2",,"1","039","-","N",,0,0,,,0,,,,"Y",2,"A","-",0,,"N","A","H","-","A","A","0","Y","A","01",0,2,1,0,0,0,0,0,0,"-","-","UNINCORPORATED","EL DORADO","CA",-120.86928,38.6806
"5627194",-120.876263002,38.8419050734,2012,"0900","4","4","3","09",0,2,"A",,,,,,900,5,"D","C","A","MARSHALL RD","MOUNT MURPHY RD",0,,"Y","2013-09-14",9245,"2012-05-10",738,"16059",,"1","9","0","2",,"1","021","-","N",,0,0,,,0,,,,"Y",2,"A","-",21802,"A","N","A","H","-","A","D","0","Y","A","07",0,1,1,0,0,0,0,0,0,"-","-","UNINCORPORATED","EL DORADO","CA",-120.87641,38.84176
"5625805",-120.932494373,38.7466870414,2012,"0900","4","6","3","01",0,1,"A",,,,,"Y",2100,5,"E","J","A","LOTUS RD","LOTUS CT",5,"N","N","2013-09-14",9245,"2012-05-19",1955,"18466",,"2","9","0","2",,"1","013","-","N",,0,0,,,0,,,,"Y",1,"A","-",23152,"A","N","A","H","-","B","D","0","Y","D","22",0,1,0,0,0,0,0,0,0,"-","-","UNINCORPORATED","EL DORADO","CA",-120.93225,38.74672
"5623797",-121.08234898,38.6641573467,2012,"0900","5","3","4","01",0,1,"B",,,,,"Y",1800,4,"C","E","A","RIDGEVIEW DR","WILSON BL",400,"N","N","2013-08-19",9260,"2012-04-25",1711,"12781",,"2","9","0","3",,"2","002","C","N",,0,0,,,0,,,,"Y",2,"A","-",23152,"A","N","B","H","-","A","D","0","Y","A","01",0,0,1,0,0,0,0,0,0,"-","-","UNINCORPORATED","EL DORADO","CA",0,0
"5623676",-120.951712991,38.6518150559,2012,"0900","5","3","3","09",0,1,"A",,,"Y",,,1500,5,"D","C","A","BUSINESS DR","PRODUCT DR",0,,"Y","2013-09-21",9245,"2012-05-16",1415,"17089",,"2","9","0","3",,"2","003","-","N",,0,0,,,0,,,,"Y",2,"A","-",21802,"A","N","A","H","-","A","A","0","Y","D","22",0,1,0,0,0,0,0,0,1,"-","-","UNINCORPORATED","EL DORADO","CA",-120.95181,38.6518
"5623566",-121.022363098,38.5999650057,2012,"0900","4","3","3","09",0,2,"A",,,,,,2100,5,"A","C","A","LATROBE RD","COTHRIN RANCH RD",0,,"Y","2013-09-11",9245,"2012-05-09",1835,"13028",,"2","9","0","2",,"2","031","-","N",,0,0,,,0,,,,"Y",2,"A","-",21801,"A","N","A","H","-","A","D","0","Y","D","23",0,1,1,0,0,0,0,0,0,"-","-","UNINCORPORATED","EL DORADO","CA",-121.02251,38.60023
"5623021",-120.777453793,38.7192676558,2012,"0900","4","6","2","05",0,3,"A",,,,,,1200,5,"A","C","A","CEDAR RAVINE RD","BUTTERFLY LN",586,"N","N","2013-09-14",9245,"2012-05-12",940,"013279",,"1","9","0","2",,"1","041","-","N",,0,0,,,0,,,,"Y",2,"A","-",21460,"A","N","A","H","-","A","A","0","Y","A","01",1,0,2,0,0,0,0,0,0,"-","-","UNINCORPORATED","EL DORADO","CA",0,0
"5621712",-121.069166157,38.6499876996,2012,"0900","4","3","4","03",0,4,"A",,,,,"Y",1500,5,"C","C","A","LATROBE RD","TOWN CENTER BL",75,"N","N","2013-10-29",9260,"2012-05-09",1455,"013708",,"2","9","0","2",,"2","201","-","N",,0,0,,,0,,,,"N",5,"A","-",22350,,"N","A","H","-","A","A","0","Y","A","01",0,0,4,0,0,0,0,0,0,"-","-","UNINCORPORATED","EL DORADO","CA",0,0
"5621708",-121.077824549,38.714009126,2012,"0900","4","7","3","01",0,2,"A",,,,,"Y",2400,5,"E","I","A","SALMON FALLS RD","LAKEHILLS DR",42,"S","N","2013-09-09",9260,"2012-05-20",2330,"018352",,"3","9","0","2",,"2","202","-","N",,0,0,,,0,,,,"Y",1,"A","-",23152,"A","N","A","H","-","D","A","0","Y","A","01",0,2,0,0,0,0,0,0,0,"-","-","UNINCORPORATED","EL DORADO","CA",-121.07786,38.71382
"5617417",-120.457045913,38.771551005,2012,"0900","2","7","4","03",0,1,"A",,,,,,1200,5,"F","A","A","RT 50","ICE HOUSE RD",3168,"W","N","2014-01-23",9245,"2012-05-06",920,"14712",,"1","9","0","1",,"2","150","-","Y","ED",3,50,"-","-",39.17,"H","-","W","Y",1,"A","-",22350,,"N","A","H","-","A","D","1","Y","A","01",0,0,1,0,0,0,0,0,0,"-","-","UNINCORPORATED","EL DORADO","CA",-120.46071,38.7757
"5617413",-121.014443074,38.858785183,2012,"0900","3","6","3","03",0,1,"A",,,"Y",,,2100,5,"E","I","A","RT 49","MEADOWVIEW ACRES RD",1087,"N","N","2014-02-07",9245,"2012-05-05",1810,"17089",,"2","9","0","1",,"1","115","-","Y","ED",3,49,"-","-",32.39,"H","-","S","Y",1,"A","-",22350,,"N","A","H","-","A","D","0","Y","C","02",0,1,0,0,0,0,0,0,1,"-","-","UNINCORPORATED","EL DORADO","CA",-121.01444,38.85914
"5617409",-120.571972969,38.7408456708,2012,"0900","4","5","4","05",0,1,"A",,,,,,1800,5,"E","I","A","SLY PARK RD","STARKES GRADE RD",528,"N","N","2013-09-18",9245,"2012-05-11",1520,"13279",,"2","9","0","2",,"1","043","-","N",,0,0,,,0,,,,"Y",1,"A","-",21650,,"N","A","H","-","A","A","0","Y","A","07",0,0,1,0,0,0,0,0,0,"-","-","UNINCORPORATED","EL DORADO","CA",0,0
"5616958",-120.889402959,38.708685113,2012,"0900","4","7","4","03",0,1,"A",,,,,,1500,5,"C","C","A","GREEN VALLEY RD","GREENSTONE RD",0,,"Y","2013-09-16",9245,"2012-05-13",1215,"014712",,"1","9","0","2",,"2","011","-","N",,0,0,,,0,,,,"Y",2,"A","-",22350,,"N","A","H","-","A","D","0","Y","A","07",0,0,1,0,0,0,0,0,0,"-","-","UNINCORPORATED","EL DORADO","CA",-120.88965,38.70859
"5616954",0,0,2012,"0900","4","5","3","01",0,1,"A",,,"Y",,"Y",1800,5,"F","A","A","MOUNT AUKUM RD","HIGGINS RD",2112,"S","N","2013-09-16",9245,"2012-05-11",1630,"016465",,"2","9","0","2",,"1","042","-","N",,0,0,,,0,,,,"Y",1,"A","-",23152,"A","N","A","H","-","A","D","0","Y","C","02",0,1,0,0,0,0,0,0,1,"-","-","UNINCORPORATED","EL DORADO","CA",-120.73614,38.57752
"5616882",-120.820250122,38.822327244,2012,"0900","3","6","4","08",0,1,"A",,,,,,1800,5,"E","I","A","RT 193","CATBIRD HILL LN",100,"S","N","2014-01-24",9245,"2012-05-12",1500,"017728",,"2","9","0","1",,"1","122","-","Y","ED",3,193,"-","-",18.65,"H","-","W","Y",1,"A","-",22107,,"N","A","H","-","A","D","0","Y","A","01",0,0,1,0,0,0,0,0,0,"-","-","UNINCORPORATED","EL DORADO","CA",-120.81747,38.82715
"5616865",0,0,2012,"0900","4","5","2","09",0,1,"A",,,"Y",,,1800,5,"B","C","A","PONY EXPRESS TRL","PIAZZA CT",163,"E","N","2013-12-10",9245,"2012-05-04",1635,"016465",,"2","9","0","2",,"1","025","-","N",,0,0,,,0,,,,"Y",2,"A","-",21804,"A","N","A","H","-","A","D","0","Y","A","07",1,0,0,0,0,0,0,0,1,"-","-","UNINCORPORATED","EL DORADO","CA",-120.59585,38.75661
"5615619",-121.038424254,38.914379198,2012,"0900","3","6","4","03",0,1,"A",,,"Y",,,1500,4,"F","A","A","RT 49","OLD FOREST HILL RD",1056,"S","N","2014-02-06",9245,"2012-04-28",1405,"16629",,"2","9","0","1",,"1","115","-","Y","ED",3,49,"-","-",38.08,"H","-","S","N",1,"A","-",22350,,"N","A","H","-","A","D","0","Y","C","02",0,0,1,0,0,0,0,0,1,"-","-","UNINCORPORATED","EL DORADO","CA",0,0
"5615576",-120.218748371,38.7898377349,2012,"0900","5","7","3","05",0,1,"A",,,,,,1200,5,"E","I","A","WRIGHTS LAKE RD","RT 50",5808,"N","N","2013-09-13",9245,"2012-05-13",1130,"15262",,"1","9","0","3",,"2","002","-","N",,0,0,,,0,,,,"Y",1,"A","-",21650,,"N","B","H","-","A","A","0","Y","D","22",0,1,0,0,0,0,0,0,0,"-","-","UNINCORPORATED","EL DORADO","CA",-120.21661,38.78865
"5615572",-120.285782947,38.773835231,2012,"0900","2","4","4","01",0,1,"A",,,,,"Y",1500,5,"E","I","A","RT 50","KYBURZ DR",2112,"E","N","2014-02-07",9245,"2012-05-10",1425,"12382",,"2","9","0","1",,"1","170","-","Y","ED",3,50,"-","-",49.53,"H","-","W","Y",1,"A","-",23152,"A","N","A","H","-","A","A","0","Y","D","22",0,0,1,0,0,0,0,0,0,"-","-","UNINCORPORATED","EL DORADO","CA",-120.28635,38.77352
"5615450",-120.814041866,38.69462616,2012,"0900","4","4","4","12",0,1,"B",,,,,,1500,4,"D","C","A","PLEASANT VALLEY RD","RT 49",0,,"Y","2014-01-23",9245,"2012-04-26",1240,"16059",,"1","9","0","2",,"1","041","-","Y","ED",3,49,"-","-",11.805,"I","5","S","Y",2,"A","-",21453,"A","N","B","H","-","A","A","0","Y","D","22",0,0,1,0,0,0,0,0,0,"-","-","UNINCORPORATED","EL DORADO","CA",-120.52016,38.72959
"5614460",-120.94265304,38.661365171,2012,"0900","2","7","3","01",0,1,"A",,,,,"Y",600,5,"F","A","A","RT 50","SHINGLE RD",200,"W","N","2014-01-23",9245,"2012-05-06",310,"018466",,"3","9","0","1",,"2","110","-","Y","ED",3,50,"-","R",8.378,"R","2","E","Y",1,"A","-",23152,"A","M","A","H","-","C","D","1","Y","A","01",0,1,0,0,0,0,0,0,0,"-","-","UNINCORPORATED","EL DORADO","CA",0,0
"5614456",-120.744463318,38.6834741262,2012,"0900","4","5","3","01",0,1,"A",,,,,"Y",2100,5,"E","I","A","CEDAR RAVINE RD","WOODLAND DR",727,"S","N","2013-09-10",9245,"2012-05-04",1935,"017089",,"2","9","0","2",,"1","041","-","N",,0,0,,,0,,,,"Y",1,"A","-",23152,"A","N","A","H","-","B","D","0","Y","A","01",0,1,0,0,0,0,0,0,0,"-","-","UNINCORPORATED","EL DORADO","CA",0,0
"5614326",-121.01378172,38.655401518,2012,"0900","2","6","3","01",0,1,"B",,,,,"Y",900,4,"E","I","A","RT 50","BASS LAKE RD",4224,"E","N","2014-01-28",9245,"2012-04-14",725,"11511",,"1","9","0","1",,"2","110","-","Y","ED",3,50,"-","R",4.06,"H","-","W","Y",1,"A","-",23152,"A","N","B","H","-","A","D","1","Y","A","01",0,1,0,0,0,0,0,0,0,"-","-","UNINCORPORATED","EL DORADO","CA",-121.01393,38.65542
"5613997",-120.010324943,38.865385235,2012,"0902","2","5","4","01",0,1,"A",,,,,"Y",2100,5,"E","I","A","RT 50","COUNTRY CLUB DR",0,,"Y","2014-01-23",9246,"2012-05-11",1820,"18593",,"2","3","0","1",,"1","022","-","Y","ED",3,50,"-","-",71.925,"I","5","W","Y",1,"A","-",23152,"A","N","A","H","-","A","D","0","Y","A","01",0,0,1,0,0,0,0,0,0,"-","-","SOUTH LAKE TAHOE","EL DORADO","CA",-120.01039,38.86543
"5613993",-120.040252773,38.934072301,2012,"0900","3","3","3","09",0,2,"A",,,"Y",,,1500,5,"D","C","A","RT 89","JAMESON BEACH RD",0,,"Y","2014-01-24",9246,"2012-05-16",1320,"17846",,"1","9","0","1",,"1","030","-","Y","ED",3,89,"-","-",11.15,"I","5","N","Y",2,"A","-",21801,"A","N","A","H","-","A","D","0","Y","A","07",0,1,1,0,0,0,0,0,2,"-","-","UNINCORPORATED","EL DORADO","CA",-120.04015,38.93423
"5613989",-120.015009892,38.812662134,2012,"0902","3","6","3","01",0,1,"A",,,,,"Y",600,5,"E","I","A","RT 89","GRASS LAKE RD",1056,"S","N","2014-01-24",9246,"2012-05-12",520,"18593",,"3","3","0","1",,"1","023","-","Y","ED",3,89,"-","-",5.8,"H","-","S","Y",1,"A","-",23152,"A","N","A","H","-","B","D","0","Y","A","07",0,1,0,0,0,0,0,0,0,"-","-","SOUTH LAKE TAHOE","EL DORADO","CA",-120.0151,38.81265
"5613985",-120.124119515,39.063672516,2012,"0900","3","2","3","08",0,2,"B",,,,,,1500,5,"E","I","A","RT 89","WILSON AV",211,"S","N","2014-01-30",9246,"2012-05-08",1345,"13182",,"1","9","0","1",,"1","031","-","Y","ED",3,89,"-","-",26.76,"H","-","N","Y",1,"A","-",22107,,"N","A","H","-","A","D","0","Y","A","01",0,2,0,0,0,0,0,0,0,"-","-","UNINCORPORATED","EL DORADO","CA",-120.12198,39.06067
"5611700",0,0,2012,"0900","4","3","4","03",0,3,"B",,,,,,900,4,"C","C","A","EL DORADO HILLS BL","SARATOGA WY",20,"S","N","2013-10-23",9260,"2012-04-11",815,"12781",,"1","9","0","2",,"2","201","C","N",,0,0,,,0,,,,"Y",3,"A","-",22350,,"N","B","H","-","A","A","0","Y","A","01",0,0,3,0,0,0,0,0,0,"-","-","UNINCORPORATED","EL DORADO","CA",0,0
"5611570",0,0,2012,"0900","4","7","3","03",0,1,"A",,,"Y",,,1200,5,"C","C","A","GREEN VALLEY RD","SHINGLE RD",10,"E","N","2013-09-21",9245,"2012-05-06",1045,"013839",,"1","9","0","2",,"2","011","-","N",,0,0,,,0,,,,"N",2,"A","-",22350,,"N","A","H","-","A","A","0","Y","C","02",0,1,0,0,0,0,0,0,1,"-","-","UNINCORPORATED","EL DORADO","CA",-120.93808,38.71539
"5611569",-120.850798614,38.7118689073,2012,"0900","4","2","3","09",0,2,"A",,,,,,900,5,"D","C","A","EL DORADO RD","SUNDANCE TRL",85,"N","N","2013-09-21",9245,"2012-05-08",825,"015262",,"1","9","0","2",,"2","011","-","N",,0,0,,,0,,,,"Y",2,"A","-",21804,"A","N","A","H","-","A","A","0","Y","A","01",0,1,1,0,0,0,0,0,0,"-","-","UNINCORPORATED","EL DORADO","CA",-120.85096,38.71169
"5611568",-120.969088974,38.6576162993,2012,"0900","4","2","4","09",0,1,"A",,,,,,1800,5,"D","C","A","CAMERON PARK DR","COACH LN",200,"S","N","2013-09-21",9245,"2012-05-08",1500,"018240",,"2","9","0","2",,"1","032","-","N",,0,0,,,0,,,,"Y",2,"A","-",21804,"A","N","A","H","-","A","D","0","Y","A","01",0,0,1,0,0,0,0,0,0,"-","-","UNINCORPORATED","EL DORADO","CA",-120.96834,38.65705
"5610722",-120.748001107,38.7961623715,2012,"0900","5","7","4","03",0,1,"A",,"Y",,,,1800,4,"E","A","A","ROCK CREEK RD","MOSQUITO CUTOFF RD",1584,"W","N","2013-11-01",9245,"2012-04-29",1505,"018466",,"2","9","0","3",,"2","002","-","N",,0,0,,,0,,,,"N",1,"A","-",22350,,"N","A","H","-","A","D","0","Y","L","04",0,0,1,0,0,0,1,0,0,"-","-","UNINCORPORATED","EL DORADO","CA",-120.75115,38.79003
"5609557",-120.831702313,38.5951411703,2012,"0900","5","5","4","05",0,1,"B",,,,,,1200,5,"E","I","A","SAND RIDGE RD","MORALES RANCH RD",400,"W","N","2013-09-07",9245,"2012-05-04",1100,"13279",,"1","9","0","3",,"2","004","-","N",,0,0,,,0,,,,"Y",1,"A","-",21650,,"N","A","H","-","A","D","0","Y","A","01",0,0,1,0,0,0,0,0,0,"-","-","UNINCORPORATED","EL DORADO","CA",0,0
"5604522",-121.099132398,38.7063103897,2012,"0900","5","3","4","08",0,1,"A",,,,,,1500,4,"C","C","A","GREEN VALLEY RD","MORMON ISLAND DR",100,"W","N","2013-08-21",9260,"2012-04-18",1430,"12781",,"2","9","0","3",,"2","203","-","N",,0,0,,,0,,,,"N",2,"A","-",22107,,"N","A","H","-","A","D","0","Y","A","01",0,0,1,0,0,0,0,0,0,"-","-","UNINCORPORATED","EL DORADO","CA",0,0
"5604501",-120.715042923,38.6932450533,2012,"0900","4","2","4","03",0,1,"A",,,,,,1800,5,"C","C","A","PLEASANT VALLEY RD","KINCADE DR",0,,"Y","2013-09-17",9245,"2012-05-08",1555,"13028",,"2","9","0","2",,"1","041","-","N",,0,0,,,0,,,,"Y",2,"A","-",22350,,"N","A","H","-","A","D","0","Y","E","22",0,0,1,0,0,0,0,0,0,"-","-","UNINCORPORATED","EL DORADO","CA",-120.71422,38.69351
"5603145",-120.844911974,38.8288434614,2012,"0900","4","1","3","03",0,1,"A",,,,,,2100,5,"E","I","A","GARDEN VALLEY RD","WATERWILLOW LN",840,"N","N","2013-09-10",9245,"2012-05-07",2030,"17604",,"2","9","0","2",,"1","021","-","N",,0,0,,,0,,,,"Y",1,"A","-",22350,,"M","A","H","-","D","D","0","Y","D","22",0,1,0,0,0,0,0,0,0,"-","-","UNINCORPORATED","EL DORADO","CA",-120.84478,38.82859
"5600674",-120.821213698,38.819885134,2012,"0900","3","6","3","03",0,2,"A",,,"Y",,,1500,4,"F","A","A","RT 193","GARDEN VALLEY RD",2640,"N","N","2014-01-28",9245,"2012-04-21",1415,"17728",,"2","9","0","1",,"1","122","-","Y","ED",3,193,"-","-",18.9,"H","-","E","N",2,"A","-",22350,,"N","A","H","-","A","D","0","Y","C","02",0,2,0,0,0,0,0,0,2,"-","-","UNINCORPORATED","EL DORADO","CA",-120.82071,38.8227
"5600650",-121.063802242,38.655051856,2012,"0900","2","7","3","08",0,2,"A",,,,,,2100,4,"E","I","A","RT 50","LATROBE RD",1584,"E","N","2013-10-23",9260,"2012-04-29",1955,"18316",,"2","9","0","1",,"2","503","-","Y","ED",3,50,"-","-",1.19,"H","-","E","Y",1,"A","-",22107,,"N","A","H","-","B","D","1","Y","A","01",0,1,1,0,0,0,0,0,0,"-","-","UNINCORPORATED","EL DORADO","CA",-121.03509,38.39171
"5600635",-121.06737715,38.7117591585,2012,"0900","5","5","4","03",0,1,"A",,,,,,1800,4,"C","C","A","GREEN VALLEY RD","LOCH WY",50,"E","N","2013-08-10",9260,"2012-04-27",1600,"14633",,"2","9","0","3",,"2","203","-","N",,0,0,,,0,,,,"Y",2,"A","-",22350,,"N","A","H","-","A","D","0","Y","A","01",0,0,1,0,0,0,0,0,0,"-","-","UNINCORPORATED","EL DORADO","CA",-121.06752,38.71153
"5600623",-121.072744425,38.6915319381,2012,"0900","5","3","4","03",0,1,"A",,,,,,1500,4,"C","C","A","SILVA VALLEY RD","DARWIN WY",300,"S","N","2013-08-10",9260,"2012-04-25",1405,"12781",,"2","9","0","3",,"2","002","-","N",,0,0,,,0,,,,"Y",2,"A","-",22350,,"N","A","H","-","A","D","0","Y","A","01",0,0,1,0,0,0,0,0,0,"-","-","UNINCORPORATED","EL DORADO","CA",0,0
"5600616",-120.777964096,38.6855755093,2012,"0900","4","6","3","08",0,1,"A",,,,,,1800,4,"E","I","A","PLEASANT VALLEY RD","KEARNS RD",528,"E","N","2013-08-10",9245,"2012-04-21",1615,"17728",,"2","9","0","2",,"1","037","-","N",,0,0,,,0,,,,"Y",1,"A","-",22107,,"N","A","H","-","A","D","0","Y","A","01",0,1,0,0,0,0,0,0,0,"-","-","UNINCORPORATED","EL DORADO","CA",-120.77763,38.68551
"5600612",-120.557218826,38.7555995588,2012,"0900","4","5","3","05",0,1,"A",,,,,,1500,4,"F","A","A","SLY PARK RD","PARK CREEK RD",612,"N","N","2013-08-10",9245,"2012-04-27",1235,"13279",,"1","9","0","2",,"1","043","-","N",,0,0,,,0,,,,"Y",1,"A","-",21650,,"N","A","H","-","A","A","0","Y","A","01",0,1,0,0,0,0,0,0,0,"-","-","UNINCORPORATED","EL DORADO","CA",-120.5683,38.73132
"5600608",-120.939381107,38.662259213,2012,"0900","2","5","4","07",0,1,"A",,,,,,2400,4,"D","C","A","RT 50","PONDEROSA RD",150,"E","N","2014-01-23",9245,"2012-04-20",2220,"18653",,"3","9","0","1",,"2","120","-","Y","ED",3,50,"-","R",8.59,"H","-","W","Y",2,"A","-",21658,"A","N","A","G","-","C","D","1","Y","A","07",0,0,1,0,0,0,0,0,0,"-","-","UNINCORPORATED","EL DORADO","CA",-120.93593,38.66295
"5600604",-120.972993044,38.659335169,2012,"0900","4","6","4","12",0,1,"A",,,,,,900,4,"D","C","A","CAMERON PARK DR","RT 50",0,,"Y","2014-01-23",9245,"2012-04-28",850,"11511",,"1","9","0","2",,"1","032","-","Y","ED",3,50,"-","-",6.464,"R","4","E","Y",2,"A","-",21453,"A","N","A","H","-","A","A","1","Y","A","07",0,0,1,0,0,0,0,0,0,"-","EF","UNINCORPORATED","EL DORADO","CA",-120.96917,38.65903
"5600579",-121.07673679,38.650772404,2012,"0900","2","7","4","03",0,1,"A",,,,,,1800,4,"C","C","A","RT 50","LATROBE RD",15,"W","N","2013-10-23",9260,"2012-04-29",1550,"14749",,"2","9","0","1",,"2","503","-","Y","ED",3,50,"-","-",0.598,"R","1","E","N",2,"A","-",22350,,"N","A","H","-","A","A","1","Y","A","07",0,0,1,0,0,0,0,0,0,"TO","-","UNINCORPORATED","EL DORADO","CA",0,0
"5600575",0,0,2012,"0900","4","4","4","08",0,1,"A",,"Y",,,,2100,4,"B","G","A","EL DORADO HILLS BL","SARATOGA WY",150,"S","N","2013-08-10",9260,"2012-04-19",1915,"13708",,"2","9","0","2",,"2","201","-","N",,0,0,,,0,,,,"N",2,"A","-",22107,,"N","A","H","-","B","D","0","Y","A","01",0,0,1,0,0,0,1,0,0,"-","-","UNINCORPORATED","EL DORADO","CA",0,0
"5600567",-121.086162943,38.7138367686,2012,"0900","4","6","2","01",0,1,"A",,,,,"Y",2100,4,"E","I","A","FRANCISCO DR","MARINA PARK DR",163,"S","N","2013-08-10",9260,"2012-04-21",2003,"18316",,"2","9","0","2",,"2","202","-","N",,0,0,,,0,,,,"Y",1,"A","-",23152,"A","N","A","H","-","B","D","0","Y","A","07",1,0,0,0,0,0,0,0,0,"-","-","UNINCORPORATED","EL DORADO","CA",-121.0861,38.71382
"5599399",-120.118210129,39.054909319,2012,"0900","3","6","4","08",0,1,"A",,,,,,1500,4,"E","I","A","RT 89","SUGAR PINE RD",1056,"S","N","2014-01-27",9246,"2012-04-21",1250,"17846",,"1","9","0","1",,"1","031","-","Y","ED",3,89,"-","-",25.8,"H","-","N","Y",1,"A","-",22107,,"N","A","H","-","A","D","0","Y","A","07",0,0,1,0,0,0,0,0,0,"-","-","UNINCORPORATED","EL DORADO","CA",-120.11728,39.05385
"5599387",-119.95930986,38.9120641995,2012,"0900","5","3","4","01",0,1,"B",,,,,"Y",2400,4,"F","A","A","COLD CREEK TRL","AMADOR WY",11,"W","N","2013-08-10",9246,"2012-04-11",2325,"18916",,"3","9","0","3",,"2","200","-","N",,0,0,,,0,,,,"Y",1,"A","-",23152,"A","N","C","H","-","D","D","0","Y","A","07",0,0,1,0,0,0,0,0,0,"-","-","UNINCORPORATED","EL DORADO","CA",-119.95292,38.91202
"5597652",-120.964040183,38.659418607,2012,"0900","2","7","4","01",0,2,"A",,,,,,300,4,"A","C","A","RT 50","CAMERON PARK DR",742,"E","N","2014-01-24",9245,"2012-04-22",45,"18240",,"3","9","0","1",,"2","110","-","Y","ED",3,50,"-","-",6.73,"H","-","E","Y",2,"A","-",23152,"A","N","A","H","-","D","D","1","Y","A","01",0,0,2,0,0,0,0,0,0,"-","-","UNINCORPORATED","EL DORADO","CA",-120.9646,38.6596
"5597648",-120.587533411,38.7603053814,2012,"0900","4","6","3","01",0,1,"A",,,,,"Y",2100,4,"C","C","A","PONY EXPRESS TRL","BONANZA ST",200,"E","N","2013-08-10",9245,"2012-04-21",1820,"17728",,"2","9","0","2",,"1","025","-","N",,0,0,,,0,,,,"N",2,"A","-",23152,"A","M","A","H","-","A","D","0","Y","D","22",0,1,0,0,0,0,0,0,0,"-","-","UNINCORPORATED","EL DORADO","CA",-120.58736,38.76046
"5596122",-120.238396319,38.783115854,2012,"0900","2","1","3","03",0,1,"A",,,,"Y",,1200,4,"F","A","A","RT 50","RIVERSIDE TRACT",3168,"E","N","2014-03-06",9245,"2012-04-09",915,"13405",,"1","9","0","1",,"1","170","-","Y","ED",3,50,"-","R",52.38,"H","-","W","Y",2,"A","-",22350,,"N","A","H","-","A","D","0","Y","G","25",0,1,0,0,0,0,0,0,0,"-","-","UNINCORPORATED","EL DORADO","CA",-120.27663,38.77734