"CASEID","POINT_X","POINT_Y","YEAR_","LOCATION","CHPTYPE","DAYWEEK","CRASHSEV","VIOLCAT","KILLED","INJURED","WEATHER1","PEDCOL","BICCOL","MCCOL","TRUCKCOL","ETOH","TIMECAT","MONTH_","CRASHTYP","INVOLVE","PED","PRIMARYRD","SECONDRD","DISTANCE","DIRECT","INTERSECT_","PROCDATE","JURIS","DATE_","TIME_","BADGE","JURIDIST","SHIFT","POP","SPECIAL","BEATTYPE","LAPDDIV","BEATCLAS","BEATNUMB","WEATHER2","STATEHW","CALTRANC","CALTRAND","STROUTE","ROUTESUF","POSTPRE","POSTMILE","LOCATYPE","RAMP","SIDEHW","TOWAWAY","PARTIES","PCF","VIOLCODE","VIOL","VIOLSUB","HITRUN","ROADSURF","RDCOND1","RDCOND2","LIGHTING","RIGHTWAY","CHPRDTYP","NOTPRIV","STFAULT","CHPFAULT","SEVINJ","OTHERINJ","COP","PEDKILL","PEDINJ","BICKILL","BICINJ","MCKILL","MCINJURE","RAMP1","RAMP2","CITY","COUNTY","STATE","X_CHP","Y_CHP"
"5595746",-120.849226569,38.599800916,2012,"0900","3","3","4","03",0,2,"C",,,,,,2100,4,"B","C","A","RT 49","AARON COOL DR",4224,"N","N","2014-01-23",9245,"2012-04-25",1915,"16451",,"2","9","0","1",,"1","115","-","Y","ED",3,49,"-","-",3.582,"H","-","N","N",2,"A","-",22350,,"N","B","H","-","D","D","0","Y","D","22",0,0,2,0,0,0,0,0,0,"-","-","UNINCORPORATED","EL DORADO","CA",-121.02758,39.90944
"5592852",-121.033327892,38.909809021,2012,"0900","3","4","4","03",0,1,"B",,,,,,1200,4,"E","I","A","RT 49","AARON COOL DR",3,"N","N","2014-01-23",9245,"2012-04-26",900,"16056",,"1","9","0","1",,"1","115","-","Y","ED",3,49,"-","-",37.62,"H","-","N","Y",1,"A","-",22350,,"N","B","H","-","A","D","0","Y","A","01",0,0,1,0,0,0,0,0,0,"-","-","UNINCORPORATED","EL DORADO","CA",-121.03391,38.90974
"5591823",-120.887911602,38.6988779007,2012,"0900","5","6","4","01",0,1,"A",,,,,,1800,4,"E","I","A","GREENSTONE RD","GOLD LEAF LN",243,"S","N","2013-08-19",9245,"2012-04-14",1549,"17089",,"2","9","0","3",,"2","001","-","N",,0,0,,,0,,,,"N",1,"A","-",23152,"A","N","A","H","-","A","D","0","Y","A","01",0,0,1,0,0,0,0,0,0,"-","-","UNINCORPORATED","EL DORADO","CA",0,0
"5588667",0,0,2012,"0900","5","1","4","08",0,1,"B",,,,,,2400,4,"E","I","A","SERRANO PKWY","VILLAGE DR",210,"E","N","2013-10-18",9260,"2012-04-09",2235,"015583",,"3","9","0","3",,"2","002","-","N",,0,0,,,0,,,,"Y",1,"A","-",22107,,"N","A","H","-","C","D","0","Y","A","07",0,0,1,0,0,0,0,0,0,"-","-","UNINCORPORATED","EL DORADO","CA",-121.03388,38.40192
"5588651",-121.024673051,38.655365165,2012,"0900","4","3","4","09",0,1,"A",,,,,,1800,4,"D","C","A","BASS LAKE RD","RT 50",0,,"Y","2014-02-03",9260,"2012-04-04",1725,"012781",,"2","9","0","2",,"2","201","-","Y","ED",3,50,"-","R",3.412,"R","4","W","Y",2,"A","-",21802,"A","N","A","H","-","A","A","0","Y","A","07",0,0,1,0,0,0,0,0,0,"-","TO","UNINCORPORATED","EL DORADO","CA",0,0
"5588556",0,0,2012,"0900","5","4","4","03",0,2,"B",,,,,,1800,4,"C","C","A","HARVARD WY","EL DORADO HILLS BL",50,"E","N","2013-09-19",9260,"2012-04-12",1500,"012781",,"2","9","0","3",,"2","002","-","N",,0,0,,,0,,,,"N",3,"A","-",22350,,"N","B","H","-","A","A","0","Y","A","01",0,0,2,0,0,0,0,0,0,"-","-","UNINCORPORATED","EL DORADO","CA",0,0
"5588534",-120.887230365,38.6994398462,2012,"0900","5","4","3","03",0,1,"B",,,,,,2100,4,"E","I","A","GREENSTONE RD","GOLD LEAF LN",40,"N","N","2013-08-24",9245,"2012-04-12",1825,"016465",,"2","9","0","3",,"2","001","C","N",,0,0,,,0,,,,"Y",1,"A","-",22350,,"N","B","H","-","A","D","0","Y","A","01",0,1,0,0,0,0,0,0,0,"-","-","UNINCORPORATED","EL DORADO","CA",-120.8872,38.69937
"5588530",-120.8186618,38.6936643404,2012,"0900","4","6","4","08",0,2,"A",,,,,,300,4,"E","I","A","PLEASANT VALLEY RD","SILVER RD",200,"E","N","2013-08-24",9245,"2012-04-14",115,"018653",,"3","9","0","2",,"1","041","-","N",,0,0,,,0,,,,"Y",1,"A","-",22107,,"N","B","G","-","C","D","0","Y","A","01",0,0,2,0,0,0,0,0,0,"-","-","UNINCORPORATED","EL DORADO","CA",-120.81843,38.69359
"5583998",0,0,2012,"0900","4","5","4","03",0,1,"C",,,,,,900,4,"E","I","A","BUCKS BAR RD","MINI BAR TRL",4752,"S","N","2013-08-19",9245,"2012-04-13",615,"16056",,"1","9","0","2",,"1","042","-","N",,0,0,,,0,,,,"Y",1,"A","-",22350,,"N","B","H","-","B","D","0","Y","A","01",0,0,1,0,0,0,0,0,0,"-","-","UNINCORPORATED","EL DORADO","CA",-120.70662,38.65307
"5583997",-120.772008298,38.6787986287,2012,"0900","4","3","4","01",0,1,"B",,,,,,2400,4,"E","I","A","PLEASANT VALLEY RD","OAK HILL RD",250,"W","N","2013-08-16",9245,"2012-04-11",2330,"018240",,"3","9","0","2",,"1","041","-","N",,0,0,,,0,,,,"Y",1,"A","-",23152,"A","N","A","H","-","D","D","0","Y","A","01",0,0,1,0,0,0,0,0,0,"-","-","UNINCORPORATED","EL DORADO","CA",-120.77387,38.68014
"5583994",0,0,2012,"0900","5","6","3","01",0,1,"A",,,"Y",,"Y",2100,4,"F","A","A","CORNADA CT","LAS TUNAS WY",800,"S","N","2013-08-19",9245,"2012-04-07",1925,"017089",,"2","9","0","3",,"2","001","-","N",,0,0,,,0,,,,"Y",1,"A","-",23152,"A","N","A","H","-","A","D","0","Y","C","02",0,1,0,0,0,0,0,0,1,"-","-","UNINCORPORATED","EL DORADO","CA",-120.99003,38.69233
"5583974",-120.886553903,38.7106330778,2012,"0900","4","5","4","03",0,1,"B",,,,,,2100,4,"E","I","A","GREEN VALLEY RD","STONE MOUNTAIN RD",125,"E","N","2013-08-19",9245,"2012-04-13",1945,"017089",,"2","9","0","2",,"2","011","-","N",,0,0,,,0,,,,"Y",1,"A","-",22350,,"N","B","H","-","A","D","0","Y","A","01",0,0,1,0,0,0,0,0,0,"-","-","UNINCORPORATED","EL DORADO","CA",-120.88653,38.71057
"5583354",-120.801658027,38.6949017405,2012,"0900","4","5","3","05",0,5,"A",,,,,,2100,4,"B","C","A","PLEASANT VALLEY RD","KARL DR",60,"W","N","2013-08-17",9245,"2012-04-06",1805,"13028",,"2","9","0","2",,"1","041","-","N",,0,0,,,0,,,,"Y",2,"A","-",21460,"A","N","A","H","-","A","D","0","Y","D","22",0,1,4,0,0,0,0,0,0,"-","-","UNINCORPORATED","EL DORADO","CA",-120.79861,38.69336
"5581179",-120.765731408,38.7447526935,2012,"0900","4","1","4","08",0,1,"B",,,,,,1500,3,"F","A","A","CARSON RD","KINGSGATE RD",142,"E","N","2013-08-01",9245,"2012-03-26",1218,"15609",,"1","9","0","2",,"1","024","-","N",,0,0,,,0,,,,"Y",1,"A","-",22107,,"N","B","H","-","A","D","0","Y","A","01",0,0,1,0,0,0,0,0,0,"-","-","UNINCORPORATED","EL DORADO","CA",-120.7655,38.74489
"5578351",-120.933396093,38.7291275671,2012,"0900","4","7","2","18",0,1,"A",,,,,,2400,4,"H","H","A","LOTUS RD","STAGECOACH RD",200,"S","N","2013-08-24",9245,"2012-04-22",2137,"15609",,"2","9","0","2",,"1","013","-","N",,0,0,,,0,,,,"Y",1,"C","-",0,,"N","A","H","-","D","D","0","Y","-","-",1,0,0,0,0,0,0,0,0,"-","-","UNINCORPORATED","EL DORADO","CA",-120.93332,38.72907
"5578105",-120.580129754,38.7628924071,2012,"0900","4","1","3","01",0,1,"B",,,,,"Y",300,3,"E","I","A","PONY EXPRESS TRL","FOREBAY RD",528,"W","N","2013-08-05",9245,"2012-03-26",1,"017935",,"3","9","0","2",,"1","025","-","N",,0,0,,,0,,,,"Y",1,"A","-",23152,"A","N","B","H","-","C","D","0","Y","A","01",0,1,0,0,0,0,0,0,0,"-","-","UNINCORPORATED","EL DORADO","CA",0,0
"5577407",-120.814299522,38.694553328,2012,"0900","4","3","4","08",0,1,"A",,"Y",,,,2100,4,"H","G","A","RT 49","FOWLER LN",110,"W","N","2014-01-28",9245,"2012-04-04",1800,"17089",,"2","9","0","2",,"1","037","-","Y","ED",3,49,"-","-",11.79,"H","-","N","N",2,"A","-",22107,,"N","A","H","-","A","A","0","Y","L","04",0,0,1,0,0,0,1,0,0,"-","-","UNINCORPORATED","EL DORADO","CA",-120.81381,38.69455
"5576467",0,0,2012,"0900","5","6","3","08",0,1,"A",,,,,"Y",300,4,"E","I","A","SUFFOLK WY","BRITTANY WY",262,"W","N","2013-08-27",9260,"2012-04-07",48,"18352",,"3","9","0","3",,"2","002","-","N",,0,0,,,0,,,,"Y",1,"A","-",22107,,"M","A","H","-","C","D","0","Y","A","01",0,1,0,0,0,0,0,0,0,"-","-","UNINCORPORATED","EL DORADO","CA",-121.09512,38.69792
"5575710",-120.870554432,38.699761882,2012,"0900","2","1","3","03",0,1,"A",,,,"Y",,1500,3,"C","C","A","RT 50","EL DORADO RD",4224,"W","N","2013-10-04",9245,"2012-03-26",1305,"13248",,"1","9","0","1",,"2","120","-","Y","ED",3,50,"-","R",13.21,"H","-","E","Y",2,"A","-",22350,,"N","A","H","-","A","D","1","Y","D","22",0,1,0,0,0,0,0,0,0,"-","-","UNINCORPORATED","EL DORADO","CA",-120.87083,38.69981
"5575702",-120.939283039,38.662285172,2012,"0900","2","2","4","03",0,1,"B",,,,,,2400,4,"A","C","A","RT 50","NORTH SHINGLE RD",215,"E","N","2014-01-23",9245,"2012-04-03",2145,"012833",,"2","9","0","1",,"2","120","C","Y","ED",3,50,"-","R",8.598,"R","2","W","N",2,"A","-",22350,,"N","B","H","-","D","D","1","Y","D","22",0,0,1,0,0,0,0,0,0,"-","-","UNINCORPORATED","EL DORADO","CA",-120.95738,38.66371
"5575506",0,0,2012,"0900","4","2","3","01",0,1,"B",,,,,"Y",2400,4,"E","I","A","COLD SPRINGS RD","GOLD HILL RD",3010,"S","N","2013-10-15",9245,"2012-04-03",2240,"15609",,"3","9","0","2",,"1","014","C","N",,0,0,,,0,,,,"Y",1,"A","-",23152,"A","N","B","H","-","D","D","0","Y","A","01",0,1,0,0,0,0,0,0,0,"-","-","UNINCORPORATED","EL DORADO","CA",-120.88605,38.76883
"5575490",-120.732344495,38.737661778,2012,"0900","2","6","4","09",0,4,"A",,,,,,1500,4,"D","C","A","RT 50","STILL MEADOW RD",0,,"Y","2014-01-23",9245,"2012-04-07",1215,"16056",,"1","9","0","1",,"2","140","-","Y","ED",3,50,"-","R",22.056,"I","5","E","Y",2,"A","-",21802,"A","N","A","H","-","A","A","1","Y","A","01",0,0,4,0,0,0,0,0,0,"-","-","UNINCORPORATED","EL DORADO","CA",-120.7322,38.73752
"5564617",0,0,2012,"0900","5","5","4","03",0,2,"C",,,,,,2100,3,"C","C","A","SERRANO PKY","TERRACINA DR",37,"E","N","2013-08-01",9260,"2012-03-16",1835,"18590",,"2","9","0","3",,"2","002","-","N",,0,0,,,0,,,,"Y",2,"A","-",22350,,"N","B","H","-","A","A","0","Y","A","01",0,0,2,0,0,0,0,0,0,"-","-","UNINCORPORATED","EL DORADO","CA",-121.03093,38.40437
"5564528",0,0,2012,"0900","4","7","3","08",0,1,"B",,,,,,900,3,"E","I","A","SOPHIA PKWY","MELINA DR",1320,"S","N","2013-08-03",9260,"2012-03-25",840,"14749",,"1","9","0","2",,"2","201","-","N",,0,0,,,0,,,,"Y",1,"A","-",22107,,"N","B","H","-","A","D","0","Y","A","07",0,1,0,0,0,0,0,0,0,"-","-","UNINCORPORATED","EL DORADO","CA",0,0
"5564524",-121.075703011,38.7078550215,2012,"0900","4","6","3","08",0,3,"B",,,,,,1200,3,"F","A","A","SILVA VALLEY PKWY","SHORTLIDGE CT",0,,"Y","2013-08-03",9260,"2012-03-24",1130,"14749",,"1","9","0","2",,"2","201","-","N",,0,0,,,0,,,,"Y",1,"A","-",22107,,"N","A","H","-","A","D","0","Y","A","07",0,3,0,0,0,0,0,0,0,"-","-","UNINCORPORATED","EL DORADO","CA",0,0
"5564355",0,0,2012,"0900","4","3","4","09",0,2,"B",,,,,,1200,3,"D","C","A","GARDEN VALLEY RD","GARDEN VALLEY RD 5101",0,,"Y","2013-07-20",9245,"2012-03-28",930,"15609",,"1","9","0","2",,"1","021","C","N",,0,0,,,0,,,,"Y",2,"A","-",21804,"A","N","B","H","-","A","A","0","Y","A","01",0,0,2,0,0,0,0,0,0,"-","-","UNINCORPORATED","EL DORADO","CA",-120.93789,38.71528
"5561902",-120.02817533,38.823477996,2012,"0900","2","5","2","08",0,2,"D",,,,,,600,3,"E","I","A","RT 50","ECHO SUMMIT CAL TRANS YARD",5280,"E","N","2013-10-04",9246,"2012-03-23",337,"018916",,"3","9","0","1",,"1","021","-","Y","ED",3,50,"-","-",67.54,"H","-","E","Y",1,"A","-",22107,,"N","C","H","-","D","D","0","Y","A","07",1,0,1,0,0,0,0,0,0,"-","-","UNINCORPORATED","EL DORADO","CA",-120.02745,38.81849
"5561894",-120.03232007,38.830914448,2012,"0900","2","3","3","17",0,2,"D",,,,,,1200,3,"F","A","A","RT 50","OLD MEYERS GRADE",2640,"E","N","2013-10-22",9246,"2012-03-28",1000,"018593",,"1","9","0","1",,"1","021","-","Y","ED",3,50,"-","-",68.13,"H","-","E","Y",1,"A","-",21662,,"N","C","H","-","A","A","0","Y","A","07",0,2,0,0,0,0,0,0,0,"-","-","UNINCORPORATED","EL DORADO","CA",0,0
"5561676",0,0,2012,"0901","0","3","4","05",0,1,"C","Y",,,,"Y",900,3,"G","B","E","BROADWAY DR","BROADWAY DR 1676",500,"E","N","2013-10-10",901,"2012-03-14",840,"256","PPD","5","2","0","0",,"0","PP2","-","N",,0,0,,,0,,,,"N",2,"A","-",21650,,"N","B","H","-","A","D","0","Y","-","-",0,0,1,0,1,0,0,0,0,"-","-","PLACERVILLE","EL DORADO","CA",0,0
"5561672",-120.799610269,38.730340533,2012,"0901","0","1","4","03",0,1,"A",,,,,,1200,3,"C","C","A","RT 50","BEDFORD AV",32,"W","N","2013-09-25",901,"2012-03-12",1039,"237","0901","5","2","0","0",,"0","PP1","-","Y","ED",3,50,"-","-",18.02,"H","-","E","N",2,"A","-",22350,,"N","A","H","-","A","A","0","Y","-","-",0,0,1,0,0,0,0,0,0,"-","-","PLACERVILLE","EL DORADO","CA",0,0
"5560562",-121.030096296,38.6573392273,2012,"0900","5","6","3","03",0,1,"B",,,,,,2100,4,"F","A","A","BASS LAKE RD","COUNTRY CLUB DR",300,"N","N","2013-10-11",9260,"2012-04-14",1835,"00001",,"2","9","0","3",,"2","002","-","N",,0,0,,,0,,,,"Y",1,"A","-",22350,,"N","B","H","-","A","D","0","Y","D","22",0,1,0,0,0,0,0,0,0,"-","-","UNINCORPORATED","EL DORADO","CA",-121.0304,38.65755
"5558705",-119.974184215,38.8911090814,2012,"0900","4","5","4","08",0,1,"D",,,,,,2100,3,"E","I","A","PIONEER TR","JICARILLA DR",1056,"N","N","2013-07-27",9246,"2012-03-16",2010,"18418",,"2","9","0","2",,"1","024","-","N",,0,0,,,0,,,,"Y",1,"A","-",22107,,"N","C","H","-","D","D","0","Y","A","07",0,0,1,0,0,0,0,0,0,"-","-","UNINCORPORATED","EL DORADO","CA",0,0
"5558697",-120.022275591,38.85094187,2012,"0900","3","6","4","03",0,1,"A",,,,,,1800,3,"C","C","A","RT 89","RT 50",0,,"Y","2013-10-03",9246,"2012-03-10",1540,"18593",,"2","9","0","1",,"1","023","-","Y","ED",3,89,"-","-",8.54,"H","-","N","N",2,"A","-",22350,,"N","A","H","-","A","A","0","Y","A","01",0,0,1,0,0,0,0,0,0,"-","-","UNINCORPORATED","EL DORADO","CA",-120.02231,38.85095
"5558647",-120.784630601,38.6889858267,2012,"0900","4","3","4","03",0,2,"C",,,,,,1500,3,"C","C","A","PLEASANT VALLEY RD","DIAM DR",30,"W","N","2013-07-25",9245,"2012-03-14",1450,"018114",,"2","9","0","2",,"1","041","-","N",,0,0,,,0,,,,"Y",2,"A","-",22350,,"N","B","H","-","A","D","0","Y","A","01",0,0,2,0,0,0,0,0,0,"-","-","UNINCORPORATED","EL DORADO","CA",-120.78466,38.68895
"5557728",-120.798991862,38.730480072,2012,"0901","0","2","3","03",0,2,"C",,,,,,1800,3,"C","C","A","RT 50","BEDFORD AV",6,"W","N","2013-09-26",901,"2012-03-27",1654,"237","0901","5","2","0","0",,"0","PP2","-","Y","ED",3,50,"-","-",18.04,"H","-","W","Y",2,"A","-",22350,,"N","B","H","-","A","A","0","Y","-","-",0,1,1,0,0,0,0,0,0,"-","-","PLACERVILLE","EL DORADO","CA",0,0
"5557727",-120.799758252,38.7322748266,2012,"0901","0","5","3","01",0,1,"A",,,,,"Y",900,3,"F","I","A","SPRING ST","PLEASANT ST",8,"W","N","2013-07-25",901,"2012-03-30",620,"248","0901","5","2","0","0",,"0","PP1","-","N",,0,0,,,0,,,,"Y",1,"A","-",23152,"A","N","A","H","-","D","D","0","Y","-","-",0,1,0,0,0,0,0,0,0,"-","-","PLACERVILLE","EL DORADO","CA",0,0
"5555880",-120.806491918,38.731859572,2012,"0901","0","3","4","05",0,1,"C",,,,,,900,3,"A","C","A","BEE ST","COLOMA ST",64,"W","N","2013-09-27",901,"2012-03-28",757,"237","0901","5","2","0","0",,"0","PP1","-","Y","ED",3,49,"-","-",15.163,"I","6","S","Y",2,"A","-",21650,,"N","B","H","-","A","D","0","Y","-","-",0,0,1,0,0,0,0,0,0,"-","-","PLACERVILLE","EL DORADO","CA",0,0
"5554461",-121.004193048,38.655825167,2012,"0900","2","6","3","01",0,1,"A",,,,,"Y",300,3,"E","I","A","RT 50","CAMBRIDGE RD",575,"W","N","2013-10-04",9245,"2012-03-31",237,"013028",,"3","9","0","1",,"2","110","-","Y","ED",3,50,"-","-",4.733,"R","2","E","Y",1,"A","-",23152,"A","N","A","H","-","D","D","1","Y","D","22",0,1,0,0,0,0,0,0,0,"TO","-","UNINCORPORATED","EL DORADO","CA",-120.9999,38.6557
"5554332",-121.040553006,38.5409850054,2012,"0900","4","1","4","12",0,1,"B",,,,,,600,4,"D","C","A","LATROBE RD","SOUTH SHINGLE RD",0,,"Y","2013-08-13",9245,"2012-04-02",520,"012833",,"3","9","0","2",,"2","031","-","N",,0,0,,,0,,,,"Y",2,"A","-",22450,"A","N","A","H","-","D","A","0","Y","A","01",0,0,1,0,0,0,0,0,0,"-","-","UNINCORPORATED","EL DORADO","CA",-120.9827,38.55779
"5551549",-119.96810247,38.945559492,2012,"0902","0","6","4","17",0,1,"A",,"Y",,,,1800,1,"H","G","A","LAKE TAHOE BL","TAKELA DR",144,"E","N","2013-09-16",902,"2012-01-14",1519,"162","EL DO","5","3","0","0",,"0","022","-","Y","ED",3,50,"-","-",78.68,"H","-","W","N",2,"A","-",21200,,"N","A","H","-","A","D","0","Y","L","04",0,0,1,0,0,0,1,0,0,"-","-","SOUTH LAKE TAHOE","EL DORADO","CA",0,0
"5548085",-120.929424329,38.6125707766,2012,"0900","4","3","4","01",0,1,"B",,,,,"Y",1800,2,"E","I","A","FRENCH CREEK RD","HOLLY DR",2640,"S","N","2013-06-28",9245,"2012-02-29",1610,"17089",,"2","9","0","2",,"1","032","C","N",,0,0,,,0,,,,"N",1,"A","-",23152,"A","M","B","H","-","A","D","0","Y","A","01",0,0,1,0,0,0,0,0,0,"-","-","UNINCORPORATED","EL DORADO","CA",0,0
"5548050",-120.112132922,38.802415247,2012,"0900","2","1","3","03",0,1,"B",,,,,,900,2,"E","I","A","RT 50","SAYLES CANYON RD",785,"W","N","2013-09-20",9246,"2012-02-27",835,"010056",,"1","9","0","1",,"1","020","D","Y","ED",3,50,"-","-",61.25,"H","-","W","Y",1,"A","-",22350,,"N","C","E","-","A","D","0","Y","A","07",0,1,0,0,0,0,0,0,0,"-","-","UNINCORPORATED","EL DORADO","CA",-120.1125,38.80231
"5548046",-120.031654128,38.829614162,2012,"0900","2","1","3","03",0,1,"B",,,,,,1200,2,"C","C","A","RT 50","JOHNSON PASS RD",1584,"E","N","2013-10-04",9246,"2012-02-20",1015,"014476",,"1","9","0","1",,"1","021","-","Y","ED",3,50,"-","-",68.03,"H","-","W","Y",3,"A","-",22350,,"N","B","H","-","A","D","0","Y","A","07",0,1,0,0,0,0,0,0,0,"-","-","UNINCORPORATED","EL DORADO","CA",-120.03152,38.82921
"5548042",-120.066872931,38.934995262,2012,"0900","3","6","3","01",0,1,"A",,,,,,900,2,"E","I","A","RT 89","BALDWIN BEACH RD",530,"N","N","2013-10-04",9246,"2012-02-25",840,"018593",,"1","9","0","1",,"1","030","-","Y","ED",3,89,"-","-",12.66,"H","-","N","Y",1,"A","-",23152,"A","N","A","H","-","A","D","0","Y","A","01",0,1,0,0,0,0,0,0,0,"-","-","UNINCORPORATED","EL DORADO","CA",0,0
"5547405",-121.067433375,38.7114834393,2012,"0900","5","2","3","08",0,1,"A",,,,,,2100,2,"E","I","A","LOCH WY","GREEN VALLEY RD",90,"S","N","2013-07-08",9260,"2012-02-28",1855,"018316",,"2","9","0","3",,"2","002","-","N",,0,0,,,0,,,,"Y",1,"A","-",22107,,"N","A","H","-","C","D","0","Y","A","01",0,1,0,0,0,0,0,0,0,"-","-","UNINCORPORATED","EL DORADO","CA",-121.06758,38.71158
"5545608",-120.636593889,38.6340612157,2012,"0900","5","2","4","08",0,1,"B",,,,,,2100,2,"E","I","A","GRIZZLY FLAT RD","ROOSTER LN",12778,"S","N","2013-07-08",9245,"2012-02-28",1915,"18624","9345","2","9","0","3",,"2","004","-","N",,0,0,,,0,,,,"Y",1,"A","-",22107,,"N","A","H","-","D","D","0","Y","A","07",0,0,1,0,0,0,0,0,0,"-","-","UNINCORPORATED","EL DORADO","CA",-120.64239,38.6348
"5545194",-120.95984046,38.7288098234,2012,"0900","5","5","3","01",0,1,"B",,,,,,300,1,"E","I","A","DEER VALLEY RD","HILLSIDE DR",130,"S","N","2013-06-22",9245,"2012-01-20",200,"011511",,"3","9","0","3",,"2","001","C","N",,0,0,,,0,,,,"Y",1,"A","-",23152,"A","N","B","H","-","D","D","0","Y","A","07",0,1,0,0,0,0,0,0,0,"-","-","UNINCORPORATED","EL DORADO","CA",-120.95995,38.72894
"5544658",-120.116824301,39.008032252,2012,"0900","3","5","4","17",0,1,"A",,,,,,1200,4,"E","I","A","RT 89","THREE RING RD",121,"N","N","2014-01-22",9246,"2012-04-06",925,"017372",,"1","9","0","1",,"1","031","-","Y","ED",3,89,"-","-",21.46,"H","-","N","Y",1,"A","-",21662,"A","N","C","H","-","A","A","0","Y","D","22",0,0,1,0,0,0,0,0,0,"-","-","UNINCORPORATED","EL DORADO","CA",-120.11314,39.00294
"5544651",-120.972993044,38.659335169,2012,"0900","4","2","4","12",0,1,"B",,,,,,2100,3,"D","C","A","CAMERON PARK DR","RT 50",0,,"Y","2013-09-26",9245,"2012-03-13",1945,"17604",,"2","9","0","2",,"1","032","C","Y","ED",3,50,"-","-",6.464,"R","4","E","Y",2,"A","-",21453,"A","N","B","H","-","C","A","1","Y","A","07",0,0,1,0,0,0,0,0,0,"-","TO","UNINCORPORATED","EL DORADO","CA",-120.96904,38.65893
"5544647",-120.927181742,38.7197090044,2012,"0900","4","6","4","03",0,1,"C",,,,,,2400,3,"F","A","A","GREEN VALLEY RD","LOTUS RD",2112,"E","N","2013-07-29",9245,"2012-03-17",2320,"18466",,"3","9","0","2",,"2","011","-","N",,0,0,,,0,,,,"Y",1,"A","-",22350,,"N","B","H","-","D","D","0","Y","A","01",0,0,1,0,0,0,0,0,0,"-","-","UNINCORPORATED","EL DORADO","CA",-120.98552,38.71848
"5544643",-120.541021683,38.763051277,2012,"0900","2","7","4","03",0,1,"D",,,,,,2100,3,"A","C","A","RT 50","FOREST RD",3696,"W","N","2013-10-21",9245,"2012-03-18",1820,"18114",,"2","9","0","1",,"2","150","-","Y","ED",3,50,"-","-",33.68,"H","-","E","Y",2,"A","-",22350,,"N","C","A","-","A","D","1","Y","A","08",0,0,1,0,0,0,0,0,0,"-","-","UNINCORPORATED","EL DORADO","CA",-120.54292,38.76322
"5543599",-121.015170474,38.6550743,2012,"0900","2","3","3","03",0,1,"B",,,,,,1200,3,"E","I","A","RT 50","BASS LAKE RD",3960,"E","N","2013-10-04",9245,"2012-03-28",955,"011511",,"1","9","0","1",,"2","110","C","Y","ED",3,50,"-","R",4.01,"H","-","E","Y",1,"A","-",22350,,"N","B","H","-","A","D","1","Y","D","22",0,1,0,0,0,0,0,0,0,"-","-","UNINCORPORATED","EL DORADO","CA",-121.01579,38.65493
"5543556",-120.012069918,38.859261724,2012,"0900","2","1","4","03",0,1,"B",,,,,,1800,3,"C","C","A","RT 50","PIONEER TRL",30,"W","N","2013-10-04",9246,"2012-03-19",1655,"010056",,"2","9","0","1",,"1","022","-","Y","ED",3,50,"-","-",71.47,"H","-","E","N",2,"A","-",22350,,"M","B","H","-","A","A","0","Y","D","22",0,0,1,0,0,0,0,0,0,"-","-","UNINCORPORATED","EL DORADO","CA",-120.01205,38.85919
"5542658",-120.812106963,38.703363339,2012,"0900","3","4","1","01",1,1,"B",,,,,"Y",600,3,"E","I","A","RT 49","TRUCK ST",208,"N","N","2012-05-18",9245,"2012-03-22",325,"018240",,"3","9","0","1",,"1","135","-","Y","ED",3,49,"-","-",12.51,"H","-","S","Y",1,"A","-",23152,"A","N","A","H","-","D","D","0","Y","A","07",0,1,0,0,0,0,0,0,0,"-","-","UNINCORPORATED","EL DORADO","CA",-120.81217,38.78332
"5542099",-120.775996876,38.7333704167,2012,"0901","0","7","1","05",1,0,"C",,,,,"Y",300,3,"E","I","A","BROADWAY DR","SCHNELL SCHOOL RD",1092,"E","N","2014-04-11",901,"2012-03-18",101,"240","0901","5","2","0","0",,"0","PP2","-","N",,0,0,,,0,,,,"Y",1,"A","-",21650,,"N","B","H","-","C","D","0","Y","A","01",0,0,0,0,0,0,0,0,0,"-","-","PLACERVILLE","EL DORADO","CA",0,0
"5539317",-120.937993057,38.715485046,2012,"0900","4","4","4","09",0,1,"A",,,,,,1500,3,"D","C","A","GREEN VALLEY RD","NORTH SHINGLE RD",0,,"Y","2013-08-07",9245,"2012-03-08",1235,"016629",,"1","9","0","2",,"2","011","-","N",,0,0,,,0,,,,"Y",2,"A","-",21804,"A","N","A","D","-","A","A","0","Y","A","07",0,0,1,0,0,0,0,0,0,"-","-","UNINCORPORATED","EL DORADO","CA",0,0
"5539216",0,0,2012,"0900","5","4","2","08",0,1,"C",,,,,,1800,3,"E","I","A","CAMAS CT","TIGER LILY LN",55,"W","N","2013-08-07",9245,"2012-03-15",1505,"017737",,"2","9","0","3",,"2","004","-","N",,0,0,,,0,,,,"Y",1,"A","-",22107,,"N","B","H","-","A","D","0","Y","A","01",1,0,0,0,0,0,0,0,0,"-","-","UNINCORPORATED","EL DORADO","CA",-120.613,38.7072