"CASEID","POINT_X","POINT_Y","YEAR_","LOCATION","CHPTYPE","DAYWEEK","CRASHSEV","VIOLCAT","KILLED","INJURED","WEATHER1","PEDCOL","BICCOL","MCCOL","TRUCKCOL","ETOH","TIMECAT","MONTH_","CRASHTYP","INVOLVE","PED","PRIMARYRD","SECONDRD","DISTANCE","DIRECT","INTERSECT_","PROCDATE","JURIS","DATE_","TIME_","BADGE","JURIDIST","SHIFT","POP","SPECIAL","BEATTYPE","LAPDDIV","BEATCLAS","BEATNUMB","WEATHER2","STATEHW","CALTRANC","CALTRAND","STROUTE","ROUTESUF","POSTPRE","POSTMILE","LOCATYPE","RAMP","SIDEHW","TOWAWAY","PARTIES","PCF","VIOLCODE","VIOL","VIOLSUB","HITRUN","ROADSURF","RDCOND1","RDCOND2","LIGHTING","RIGHTWAY","CHPRDTYP","NOTPRIV","STFAULT","CHPFAULT","SEVINJ","OTHERINJ","COP","PEDKILL","PEDINJ","BICKILL","BICINJ","MCKILL","MCINJURE","RAMP1","RAMP2","CITY","COUNTY","STATE","X_CHP","Y_CHP"
"5539212",-120.670777792,38.7401314346,2012,"0900","4","3","3","05",0,1,"A",,,,,,1200,3,"E","I","A","CARSON RD","PROUTY LN",10,"W","N","2013-08-07",9245,"2012-03-07",925,"012382",,"1","9","0","2",,"1","024","-","N",,0,0,,,0,,,,"Y",1,"A","-",21650,,"N","A","H","-","A","A","0","Y","A","01",0,1,0,0,0,0,0,0,0,"-","-","UNINCORPORATED","EL DORADO","CA",-120.67075,38.74013
"5537894",-120.851760746,38.615940104,2012,"0900","3","4","3","05",0,3,"A",,,,,,1500,2,"A","C","A","RT 49","POST RD",2640,"S","N","2013-10-04",9245,"2012-02-23",1420,"16059",,"2","9","0","1",,"1","135","-","Y","ED",3,49,"-","-",4.88,"H","-","S","Y",2,"A","-",21460,"A","N","A","H","-","A","D","0","Y","A","01",0,2,1,0,0,0,0,0,0,"-","-","UNINCORPORATED","EL DORADO","CA",-120.85205,38.61532
"5535703",-119.983692847,38.9270351864,2012,"0902","0","7","4","22",0,2,"A",,,,,,1800,2,"A","C","A","LAKE TAHOE BL","CARSON AV",0,,"N","2013-07-25",902,"2012-02-19",1740,,,"5","3","0","0",,"0",,"-","N",,0,0,,,0,,,,"N",3,"B","-",0,,"N","A","H","-","B","A","0","Y","A","01",0,0,2,0,0,0,0,0,0,"-","-","SOUTH LAKE TAHOE","EL DORADO","CA",0,0
"5535695",-119.988621422,38.923659598,2012,"0902","0","6","4","09",0,2,"B",,,,,,1500,2,"D","C","A","LAKE TAHOE BL","LODI AV",0,,"Y","2013-09-25",902,"2012-02-18",1412,"211",,"5","3","0","0",,"0",,"-","Y","ED",3,50,"-","-",76.56,"I","5","E","Y",2,"A","-",21802,"A","N","A","H","-","A","A","0","Y","A","07",0,0,2,0,0,0,0,0,0,"-","-","SOUTH LAKE TAHOE","EL DORADO","CA",0,0
"5532386",-121.019091657,38.7988171645,2012,"0900","4","1","4","01",0,1,"A",,,,,"Y",1800,2,"A","C","A","SALMON FALLS RD","PEACOCK WY",950,"S","N","2013-07-15",9245,"2012-02-27",1620,"016629",,"2","9","0","2",,"2","012","-","N",,0,0,,,0,,,,,2,"A","-",23152,"A","N","A","H","-","A","D","0","Y","A","01",0,0,1,0,0,0,0,0,0,"-","-","UNINCORPORATED","EL DORADO","CA",-121.01872,38.79849
"5530769",-121.001896328,38.6578166868,2012,"0900","5","1","3","11",0,1,"A","Y",,,,,1200,3,"G","B","D","GREENWOOD LN","MERRYCHASE DR",226,"N","N","2013-08-03",9245,"2012-03-05",1146,"16451",,"1","9","0","3",,"2","001","-","N",,0,0,,,0,,,,"N",2,"A","-",21954,"A","N","A","H","-","A","D","0","Y","N","60",0,1,0,0,1,0,0,0,0,"-","-","UNINCORPORATED","EL DORADO","CA",-121.00186,38.6578
"5530720",-120.969914958,38.6581574904,2012,"0900","5","4","3","11",0,1,"B","Y",,,,,1800,3,"G","B","D","COACH LN","CAMERON PARK DR",229,"W","N","2013-07-29",9245,"2012-03-01",1715,"017089",,"2","9","0","3",,"2","003","-","N",,0,0,,,0,,,,"N",2,"A","-",21954,"A","N","B","H","-","A","D","0","Y","N","60",0,1,0,0,1,0,0,0,0,"-","-","UNINCORPORATED","EL DORADO","CA",-120.96985,38.65826
"5530696",-120.841523011,38.7126451363,2012,"0900","4","4","4","12",0,1,"B",,,,,,1500,3,"D","C","A","MISSOURI FLAT RD","PLAZA DR",0,,"Y","2013-07-29",9245,"2012-03-01",1415,"017089",,"2","9","0","2",,"2","011","-","N",,0,0,,,0,,,,"N",2,"A","-",21453,"A","N","B","H","-","A","A","0","Y","A","01",0,0,1,0,0,0,0,0,0,"-","-","UNINCORPORATED","EL DORADO","CA",-120.84135,38.71251
"5526013",0,0,2012,"0900","5","3","4","18",0,1,"A",,,"Y",,,1500,3,"E","I","A","SERRANO PKWY","BOUNDARY OAKS DR",1056,"W","N","2013-07-27",9260,"2012-03-07",1340,"012781",,"1","9","0","3",,"2","002","-","N",,0,0,,,0,,,,"N",1,"C","-",0,,"N","A","H","-","A","D","0","Y","-","-",0,0,1,0,0,0,0,0,1,"-","-","UNINCORPORATED","EL DORADO","CA",0,0
"5526005",-120.837403029,38.714165185,2012,"0900","4","5","3","09",0,1,"A","Y",,,,,2400,3,"G","B","B","MISSOURI FLAT RD","RT 50",12,"N","N","2013-10-04",9245,"2012-03-02",2250,"013028",,"3","9","0","2",,"1","037","-","Y","ED",3,50,"-","R",15.211,"R","3","E","N",2,"A","-",21453,"B","F","A","H","-","C","A","1","Y","-","99",0,1,0,0,1,0,0,0,0,"-","EO","UNINCORPORATED","EL DORADO","CA",-120.83845,38.71076
"5525924",-120.035286381,38.843368936,2012,"0900","2","7","3","08",0,1,"A",,,,,,900,3,"F","A","A","RT 50","CHIAPA DR",1584,"W","N","2013-10-04",9246,"2012-03-04",810,"10056",,"1","9","0","1",,"1","021","-","Y","ED",3,50,"-","-",69.72,"H","-","E","Y",1,"A","-",22107,,"N","A","H","-","A","D","0","Y","D","22",0,1,0,0,0,0,0,0,0,"-","-","UNINCORPORATED","EL DORADO","CA",-120.03649,38.84308
"5524374",-120.623082177,38.6260203506,2012,"0900","5","5","4","05",0,1,"A",,,,,,2100,2,"E","I","A","GRIZZLY FLAT RD","KENDRA WY",700,"S","N","2013-07-06",9245,"2012-02-24",1930,"13028",,"2","9","0","3",,"2","004","-","N",,0,0,,,0,,,,"Y",1,"A","-",21650,,"N","A","H","-","A","D","0","Y","D","23",0,0,1,0,0,0,0,0,0,"-","-","UNINCORPORATED","EL DORADO","CA",-120.62456,38.62924
"5524370",-120.827328006,38.754341868,2012,"0900","3","2","4","08",0,1,"B",,,,,,300,3,"E","I","A","RT 49","ROYAL PARK DR",45,"N","N","2013-10-04",9245,"2012-03-13",25,"13405",,"3","9","0","1",,"1","115","C","Y","ED",3,49,"-","-",17.19,"H","-","N","Y",1,"A","-",22107,,"N","B","H","-","D","D","0","Y","D","22",0,0,1,0,0,0,0,0,0,"-","-","UNINCORPORATED","EL DORADO","CA",0,0
"5524007",0,0,2012,"0900","5","3","3","08",0,1,"A",,,,,,1200,2,"E","J","A","GRIZZLY FLAT RD","MEHWALD LN",250,"E","N","2013-08-16",9245,"2012-02-15",1030,"13248",,"1","9","0","3",,"2","004","-","N",,0,0,,,0,,,,"Y",1,"A","-",22107,,"N","A","H","-","A","D","0","Y","A","07",0,1,0,0,0,0,0,0,0,"-","-","UNINCORPORATED","EL DORADO","CA",-120.63666,38.63405
"5523861",-120.717780162,38.6803625474,2012,"0900","5","3","4","00",0,1,"A",,,,,,1500,3,"A","C","A","SPRINGER RD","FRANK BAILEY LN",80,"W","N","2013-07-30",9245,"2012-03-07",1315,"17737",,"1","9","0","3",,"2","004","-","N",,0,0,,,0,,,,"N",2,"D","-",0,,"N","A","E","-","A","D","0","Y","-","-",0,0,1,0,0,0,0,0,0,"-","-","UNINCORPORATED","EL DORADO","CA",-120.7179,38.6804
"5523653",-120.781027101,38.7367309082,2012,"0901","0","1","3","05",0,1,"A",,,,,,2100,1,"F","I","A","CARSON RD","PARK AV",250,"E","N","2013-06-27",901,"2012-01-30",2014,"264","0901","5","2","0","0",,"0","PP2","-","N",,0,0,,,0,,,,"Y",1,"A","-",21650,,"N","A","H","-","D","D","0","Y","-","-",0,1,0,0,0,0,0,0,0,"-","-","PLACERVILLE","EL DORADO","CA",0,0
"5521738",-120.799133744,38.730491668,2012,"0901","0","6","4","08",0,1,"B",,,,,,1500,2,"D","C","A","BEDFORD AV","RT 50",78,"N","N","2013-09-25",901,"2012-02-18",1344,"237","0901","5","2","0","0",,"0","PP1","-","Y","ED",3,50,"-","-",18.032,"I","6","W","N",2,"A","-",22103,,"N","A","H","-","A","A","0","Y","M","94",0,0,1,0,0,0,0,0,0,"-","-","PLACERVILLE","EL DORADO","CA",0,0
"5521734",-120.827952994,38.7346151015,2012,"0901","0","3","4","09",0,1,"A",,,,,,2100,2,"D","C","A","COLD SPRINGS RD","PIERROZ RD",0,,"Y","2013-07-05",901,"2012-02-08",1805,"237","0901","5","2","0","0",,"0","PP1","-","N",,0,0,,,0,,,,"Y",2,"A","-",21802,"A","N","A","H","-","C","A","0","Y","D","22",0,0,1,0,0,0,0,0,0,"-","-","PLACERVILLE","EL DORADO","CA",0,0
"5521732",-120.85195002,38.621612879,2012,"0900","3","3","3","08",0,1,"A",,,,,,900,2,"E","J","A","RT 49","CRYSTAL BL",6336,"S","N","2013-10-04",9245,"2012-02-15",815,"13248",,"1","9","0","1",,"1","135","-","Y","ED",3,49,"-","-",5.28,"H","-","S","Y",1,"A","-",22107,,"N","B","H","-","A","D","0","Y","A","01",0,1,0,0,0,0,0,0,0,"-","-","UNINCORPORATED","EL DORADO","CA",0,0
"5519490",-120.944260149,38.899019922,2012,"0900","5","1","4","04",0,2,"A",,,,,,1200,2,"C","C","A","RT 193","PENOBSCOT RD",686,"N","N","2013-09-18",9245,"2012-02-27",1135,"018624","9245","1","9","0","3",,"2","002","-","Y","ED",3,193,"-","R",4.29,"H","-","E","Y",2,"A","-",21703,,"N","A","H","-","A","D","0","Y","A","01",0,0,2,0,0,0,0,0,0,"-","-","UNINCORPORATED","EL DORADO","CA",-120.94898,38.89956
"5519486",-120.756733911,38.7713997365,2012,"0900","4","2","4","05",0,1,"A",,,,,,1500,2,"B","C","A","MOSQUITO RD","VOLZ LN",2640,"E","N","2013-07-02",9245,"2012-02-28",1240,"016451",,"1","9","0","2",,"1","023","-","N",,0,0,,,0,,,,"Y",2,"A","-",21650,,"N","A","H","-","A","D","0","Y","A","01",0,0,1,0,0,0,0,0,0,"-","-","UNINCORPORATED","EL DORADO","CA",-120.75697,38.77144
"5518621",-120.307969505,38.771251542,2012,"0900","2","1","3","05",0,4,"B",,,,,,1800,2,"A","C","A","RT 50","SUGAR LOAF AV",624,"W","N","2013-09-16",9245,"2012-02-20",1705,"18624","9245","2","9","0","1",,"1","170","-","Y","ED",3,50,"-","-",48.19,"H","-","W","Y",2,"A","-",21460,"A","N","A","H","-","A","D","0","Y","A","01",0,1,3,0,0,0,0,0,0,"-","-","UNINCORPORATED","EL DORADO","CA",0,0
"5518617",-120.292078022,38.773200005,2012,"0900","2","4","3","03",0,2,"A",,,,,,1200,2,"C","C","A","RT 50","KYBURZ DR",0,,"Y","2013-09-12",9245,"2012-02-23",1150,"13279",,"1","9","0","1",,"1","160","-","Y","ED",3,50,"-","-",49.14,"H","-","E","Y",2,"A","-",22350,,"N","A","H","-","A","A","0","Y","A","01",0,2,0,0,0,0,0,0,0,"-","-","UNINCORPORATED","EL DORADO","CA",0,0
"5518613",-121.063103203,38.6381083923,2012,"0900","4","3","4","03",0,1,"B",,,,,,2400,2,"C","C","A","LATROBE RD","SUNCAST LN",475,"N","N","2013-06-28",9245,"2012-02-29",2125,"12833",,"2","9","0","2",,"2","031","-","N",,0,0,,,0,,,,"Y",2,"A","-",22350,,"N","A","H","-","D","D","0","Y","A","01",0,0,1,0,0,0,0,0,0,"-","-","UNINCORPORATED","EL DORADO","CA",-121.06271,38.6379
"5516406",-120.811344526,38.70132978,2012,"0900","3","1","4","08",0,1,"A",,,,,,900,3,"C","C","A","RT 49","BRADLEY DR",30,"S","N","2013-10-04",9245,"2012-03-05",755,"014712",,"1","9","0","1",,"1","135","-","Y","ED",3,49,"-","-",12.36,"H","-","N","Y",2,"A","-",22107,,"N","A","H","-","A","D","0","Y","A","07",0,0,1,0,0,0,0,0,0,"-","-","UNINCORPORATED","EL DORADO","CA",-120.81149,38.70218
"5515659",-120.81603506,38.69411376,2012,"0900","3","3","4","04",0,2,"A",,,,,,1500,3,"C","C","A","RT 49","DIAMOND MEADOWS WY",15,"W","N","2013-10-04",9245,"2012-03-07",1215,"18114",,"1","9","0","1",,"1","135","-","Y","ED",3,49,"-","-",11.69,"H","-","N","N",4,"A","-",21703,,"N","A","H","-","A","D","0","Y","D","22",0,0,2,0,0,0,0,0,0,"-","-","UNINCORPORATED","EL DORADO","CA",-120.81563,38.69423
"5515645",0,0,2012,"0900","5","2","4","12",0,1,"A",,,,,,1800,2,"D","C","A","GREEN VALLEY RD","BROWNS RAVINE RD",0,,"Y","2013-07-05",9260,"2012-02-14",1610,"12781",,"2","9","0","3",,"2","203","-","N",,0,0,,,0,,,,"Y",2,"A","-",21453,"A","N","A","H","-","A","A","0","Y","D","22",0,0,1,0,0,0,0,0,0,"-","-","UNINCORPORATED","EL DORADO","CA",0,0
"5515633",0,0,2012,"0900","5","4","4","08",0,2,"B",,,,,,1200,3,"A","C","A","BASS LAKE RD","MADERA WY",500,"N","N","2013-08-06",9260,"2012-03-01",1030,"12781",,"1","9","0","3",,"2","002","C","N",,0,0,,,0,,,,"Y",2,"A","-",22107,,"N","B","H","-","A","D","0","Y","D","22",0,0,2,0,0,0,0,0,0,"-","-","UNINCORPORATED","EL DORADO","CA",0,0
"5515626",0,0,2012,"0900","5","2","4","03",0,1,"A",,,,,,1800,2,"C","C","A","GREEN VALLEY RD","BROWNS RAVINE RD",30,"E","N","2013-07-05",9260,"2012-02-21",1700,"12781",,"2","9","0","3",,"2","203","-","N",,0,0,,,0,,,,"Y",2,"A","-",22350,,"N","A","H","-","A","A","0","Y","D","22",0,0,1,0,0,0,0,0,0,"-","-","UNINCORPORATED","EL DORADO","CA",0,0
"5514993",-120.311984726,38.770221648,2012,"0900","2","1","2","08",0,2,"D",,,,,,1200,2,"A","C","A","RT 50","WILDWOOD WY",300,"W","N","2013-10-04",9245,"2012-02-27",1055,"13248",,"1","9","0","1",,"1","160","-","Y","ED",3,50,"-","-",47.96,"H","-","W","N",2,"A","-",22107,,"N","C","H","-","A","D","0","Y","A","01",1,0,1,0,0,0,0,0,0,"-","-","UNINCORPORATED","EL DORADO","CA",-120,38
"5509248",-119.979077116,38.8877753785,2012,"0900","4","6","2","05",0,2,"A",,,,,,1800,2,"A","C","A","PIONEER TR","SUSQUEHANA DR",540,"N","N","2013-07-16",9246,"2012-02-04",1650,"18418",,"2","9","0","2",,"1","024","-","N",,0,0,,,0,,,,"Y",2,"A","-",21650,,"N","A","H","-","A","A","0","Y","A","01",1,1,0,0,0,0,0,0,0,"-","-","UNINCORPORATED","EL DORADO","CA",-119.97907,38.88774
"5508597",0,0,2012,"0900","4","3","3","01",0,1,"A",,,,,"Y",2400,2,"E","I","A","SALMON FALLS RD","ESTATES DR",102,"S","N","2013-07-17",9260,"2012-02-15",2220,"18590",,"3","9","0","2",,"2","202","-","N",,0,0,,,0,,,,"Y",1,"A","-",23152,"A","N","A","H","-","D","D","0","Y","A","07",0,1,0,0,0,0,0,0,0,"-","-","UNINCORPORATED","EL DORADO","CA",-121.02455,38.45219
"5508387",-120.937729157,38.6628232384,2012,"0900","4","2","4","03",0,2,"A",,,,,,1800,2,"C","C","A","PONDEROSA RD","MOTHER LODE DR",500,"N","N","2013-07-19",9245,"2012-02-14",1530,"016629",,"2","9","0","2",,"1","013","-","N",,0,0,,,0,,,,"N",3,"A","-",22350,,"N","A","H","-","A","D","0","Y","A","01",0,0,2,0,0,0,0,0,0,"-","-","UNINCORPORATED","EL DORADO","CA",-120.93757,38.66259
"5508383",-120.851528317,38.903828185,2012,"0900","3","3","4","03",0,1,"A",,,,,,900,2,"E","I","A","RT 193","GABBY LN",165,"W","N","2013-10-04",9245,"2012-02-15",730,"013839",,"1","9","0","1",,"1","122","-","Y","ED",3,193,"-","-",11.27,"H","-","W","Y",1,"A","-",22350,,"N","C","H","-","A","D","0","Y","A","01",0,0,1,0,0,0,0,0,0,"-","-","UNINCORPORATED","EL DORADO","CA",-120.85528,38.89975
"5508379",-120.933213038,38.664645173,2012,"0900","4","4","3","11",0,1,"A","Y",,,,,1500,2,"D","B","D","PONDEROSA RD","RT 50",0,,"Y","2013-09-20",9245,"2012-02-16",1435,"011511",,"2","9","0","2",,"1","013","-","Y","ED",3,50,"-","R",8.763,"R","1","W","N",2,"A","-",21954,"A","N","A","H","-","A","A","1","Y","N","60",0,1,0,0,1,0,0,0,0,"-","-","UNINCORPORATED","EL DORADO","CA",-120.9816,38.66362
"5508235",-120.853663584,38.601735366,2012,"0900","3","5","4","03",0,1,"E",,,,,,600,1,"E","I","A","RT 49","MICA ST",6,"S","N","2013-09-16",9245,"2012-01-27",435,"018624","9245","3","9","0","1",,"1","135","-","Y","ED",3,49,"-","-",3.89,"H","-","N","Y",1,"A","-",22350,,"N","B","H","-","D","D","0","Y","A","01",0,0,1,0,0,0,0,0,0,"-","-","UNINCORPORATED","EL DORADO","CA",-120.85374,38.60103
"5508133",-119.96130997,38.9065271879,2012,"0900","5","6","3","-",0,1,"B",,,,,,2100,2,"C","E","A","HIGH MEADOWS TRL","SIERRA HOUSE TRL",227,"E","N","2013-07-06",9246,"2012-02-18",1830,"17612",,"2","9","0","3",,"2","200","-","N",,0,0,,,0,,,,"Y",2,"A","-",0,,"N","A","H","-","C","D","0","Y","D","22",0,1,0,0,0,0,0,0,0,"-","-","UNINCORPORATED","EL DORADO","CA",-119.9619,38.90534
"5508129",-120.113291531,38.802762729,2012,"0900","2","5","3","01",0,4,"A",,,,,"Y",1200,2,"B","C","A","RT 50","CAMP SACRAMENTO",1320,"E","N","2013-09-18",9246,"2012-02-17",921,"18006",,"1","9","0","1",,"1","020","-","Y","ED",3,50,"-","-",61.18,"H","-","W","Y",3,"A","-",23152,"A","N","A","H","-","A","D","0","Y","A","01",0,3,1,0,0,0,0,0,0,"-","-","UNINCORPORATED","EL DORADO","CA",0,0
"5508121",-120.110569283,38.991100191,2012,"0900","3","5","3","03",0,1,"B",,,,,,900,1,"E","I","A","RT 89","DL BLISS STATE PARK",150,"N","N","2013-09-16",9246,"2012-01-20",635,"18006",,"1","9","0","1",,"1","031","C","Y","ED",3,89,"-","-",19.34,"H","-","N","Y",1,"A","-",22350,,"N","B","H","-","A","D","0","Y","D","22",0,1,0,0,0,0,0,0,0,"-","-","UNINCORPORATED","EL DORADO","CA",-120.10299,38.97776
"5507605",-120.444426407,38.768919413,2012,"0900","2","7","2","03",0,1,"A",,,,,,1800,2,"E","J","A","RT 50","ICE HOUSE RD",739,"E","N","2013-10-04",9245,"2012-02-19",1535,"18624","9245","2","9","0","1",,"2","150","-","Y","ED",3,50,"-","-",39.95,"H","-","E","Y",1,"A","-",22350,,"N","A","H","-","A","D","0","Y","D","22",1,0,0,0,0,0,0,0,0,"-","-","UNINCORPORATED","EL DORADO","CA",-120.44442,38.76889
"5506825",-120.826125134,38.6772662733,2012,"0900","5","2","4","21",0,1,"A","Y",,,,,1800,2,"G","B","E","CAPPELLA DR","ORION DR",150,"W","N","2013-07-18",9245,"2012-02-07",1600,"16629",,"2","9","0","3",,"2","004","-","N",,0,0,,,0,,,,"N",2,"A","-",22106,,"N","A","H","-","A","D","0","Y","A","07",0,0,1,0,1,0,0,0,0,"-","-","UNINCORPORATED","EL DORADO","CA",-120.8262,38.67724
"5506821",-120.763760465,38.6779167251,2012,"0900","4","1","4","03",0,1,"B",,,,,,1800,2,"C","C","A","PLEASANT VALLEY RD","WESTLEY RD",5,"W","N","2013-07-18",9245,"2012-02-06",1515,"16629",,"2","9","0","2",,"1","041","-","N",,0,0,,,0,,,,"Y",2,"A","-",22350,,"N","A","H","-","A","D","0","Y","A","01",0,0,1,0,0,0,0,0,0,"-","-","UNINCORPORATED","EL DORADO","CA",-120.76371,38.67794
"5506817",-120.498546378,38.764989658,2012,"0900","2","7","4","08",0,3,"A",,,,,,1800,2,"E","I","A","RT 50","PEAVINE RIDGE RD",3168,"E","N","2013-09-18",9245,"2012-02-05",1535,"16629",,"2","9","0","1",,"2","150","-","Y","ED",3,50,"-","-",36.25,"H","-","E","Y",1,"A","-",22107,,"N","A","H","-","A","D","1","Y","A","07",0,0,3,0,0,0,0,0,0,"-","-","UNINCORPORATED","EL DORADO","CA",-120.49862,38.76455
"5506500",-120.675647806,38.6935113872,2012,"0900","4","6","4","01",0,1,"B",,,,,"Y",300,1,"F","A","A","PLEASANT VALLEY RD","NEWTOWN RD",20,"E","N","2013-06-12",9245,"2012-01-21",215,"12382",,"3","9","0","2",,"1","041","C","N",,0,0,,,0,,,,"N",1,"A","-",23152,"A","N","B","H","-","D","A","0","Y","A","07",0,0,1,0,0,0,0,0,0,"-","-","UNINCORPORATED","EL DORADO","CA",-120.67574,38.69345
"5502368",-120.933568192,38.664174177,2012,"0900","2","6","3","08",0,1,"A",,,,,,1500,2,"F","A","A","RT 50","PONDEROSA RD",1056,"E","N","2013-09-18",9245,"2012-02-04",1445,"17089",,"2","9","0","1",,"2","120","-","Y","ED",3,50,"-","R",8.76,"H","-","E","Y",1,"A","-",22107,,"N","A","H","-","A","D","1","Y","A","01",0,1,0,0,0,0,0,0,0,"-","-","UNINCORPORATED","EL DORADO","CA",-120.93273,38.66481
"5502364",-120.889402959,38.708685113,2012,"0900","5","5","4","09",0,2,"A",,,,,,1800,2,"D","C","A","GREENSTONE RD","GREEN VALLEY RD",0,,"Y","2013-07-10",9245,"2012-02-03",1600,"17089",,"2","9","0","3",,"2","001","-","N",,0,0,,,0,,,,"Y",2,"A","-",21802,"A","N","A","H","-","A","A","0","Y","A","07",0,0,2,0,0,0,0,0,0,"-","-","UNINCORPORATED","EL DORADO","CA",-120.88964,38.70865
"5502356",-120.824333126,38.692612655,2012,"0900","3","5","4","03",0,1,"A",,,,,,1800,2,"C","C","A","RT 49","MISSOURI FLAT RD",80,"W","N","2013-09-25",9245,"2012-02-03",1515,"17089",,"2","9","0","1",,"1","135","-","Y","ED",3,49,"-","-",11.22,"H","-","N","N",2,"A","-",22350,,"N","A","H","-","A","A","0","Y","A","07",0,0,1,0,0,0,0,0,0,"-","-","UNINCORPORATED","EL DORADO","CA",-120.82392,38.69271
"5501984",0,0,2012,"0900","5","7","4","18",0,1,"B",,,,,,1800,1,"E","I","A","SERRANO PKWY","VILA FLOR PL",90,"E","N","2013-07-25",9260,"2012-01-22",1525,"016429",,"2","9","0","3",,"2","002","C","N",,0,0,,,0,,,,"N",1,"C","-",0,,"N","B","H","-","A","D","0","Y","-","-",0,0,1,0,0,0,0,0,0,"-","-","UNINCORPORATED","EL DORADO","CA",0,0
"5501948",0,0,2012,"0900","5","5","2","03",0,1,"A",,,"Y",,,1800,1,"F","A","A","SOPHIA PARKWAY","ELMORES WY",50,"N","N","2013-06-07",9260,"2012-01-27",1635,"14633",,"2","9","0","3",,"2","002","-","N",,0,0,,,0,,,,"Y",1,"A","-",22350,,"N","A","H","-","A","D","0","Y","C","02",1,0,0,0,0,0,0,0,1,"-","-","UNINCORPORATED","EL DORADO","CA",-121.10666,38.70112
"5501310",-120.569803378,38.723550189,2012,"0900","4","5","2","01",0,2,"A",,,,,,1200,2,"E","I","A","SLY PARK RD","BELLA VISTA DR",3696,"S","N","2013-07-09",9245,"2012-02-10",1110,"013279",,"1","9","0","2",,"1","043","-","N",,0,0,,,0,,,,"Y",1,"A","-",23152,"A","N","A","H","-","A","A","0","Y","A","01",1,0,1,0,0,0,0,0,0,"-","-","UNINCORPORATED","EL DORADO","CA",0,0
"5501306",-120.848724945,38.761120722,2012,"0900","3","7","4","05",0,1,"A",,,,,,900,2,"E","I","A","RT 49","WALLACE RD",528,"N","N","2013-09-18",9245,"2012-02-12",640,"014712",,"1","9","0","1",,"1","115","-","Y","ED",3,49,"-","-",18.62,"H","-","N","Y",2,"A","-",21460,"A","N","A","H","-","D","D","0","Y","A","01",0,0,1,0,0,0,0,0,0,"-","-","UNINCORPORATED","EL DORADO","CA",-120.84418,38.75796
"5501302",-120.928284313,38.7208683974,2012,"0900","4","2","4","03",0,1,"C",,,,,,1800,2,"A","C","A","GREEN VALLEY RD","LOTUS RD",1584,"E","N","2013-07-09",9245,"2012-02-07",1525,"16056",,"2","9","0","2",,"2","011","-","N",,0,0,,,0,,,,"Y",2,"A","-",22350,,"N","B","H","-","A","D","0","Y","A","01",0,0,1,0,0,0,0,0,0,"-","-","UNINCORPORATED","EL DORADO","CA",-120.92533,38.71845
"5501065",-120.570681511,38.731784409,2012,"0900","4","1","3","08",0,1,"B",,,,,,1500,2,"E","I","A","SLY PARK RD","BELA VISTA DR",528,"S","N","2013-07-16",9245,"2012-02-06",1230,"15459",,"1","9","0","2",,"1","043","-","N",,0,0,,,0,,,,"Y",1,"A","-",22107,,"N","A","H","-","A","D","0","Y","A","01",0,1,0,0,0,0,0,0,0,"-","-","UNINCORPORATED","EL DORADO","CA",-120.57063,38.7318
"5495734",-121.051318849,38.658624948,2012,"0900","2","2","3","01",0,1,"A",,,,,,2400,1,"F","A","A","RT 50","SILVA VALLEY PKWY",4224,"E","N","2013-09-11",9260,"2012-01-10",2330,"18316",,"3","9","0","1",,"2","503","-","Y","ED",3,50,"-","R",2.45,"H","-","W","Y",1,"A","-",23152,"A","N","A","H","-","C","D","1","Y","A","01",0,1,0,0,0,0,0,0,0,"-","-","UNINCORPORATED","EL DORADO","CA",-121.02372,38.39271
"5495657",-120.597721331,38.7662369089,2012,"0900","5","1","4","05",0,1,"A",,,,,"Y",600,1,"E","I","A","BLAIR RD","APPLE CREEK CT",150,"S","N","2013-06-15",9245,"2012-01-16",330,"018466",,"3","9","0","3",,"2","002","-","N",,0,0,,,0,,,,"Y",1,"A","-",21650,,"N","A","H","-","D","D","0","Y","A","01",0,0,1,0,0,0,0,0,0,"-","-","UNINCORPORATED","EL DORADO","CA",-120.59738,38.76622
"5495645",-120.700255382,38.65261759,2012,"0900","4","5","4","03",0,1,"B",,,,,,2100,1,"C","C","A","BUCKS BAR RD","YOSEMITE PL",450,"N","N","2013-07-13",9245,"2012-01-13",2035,"018624","9245","2","9","0","2",,"1","042","-","N",,0,0,,,0,,,,"N",2,"A","-",22350,,"N","A","H","-","D","A","0","Y","A","07",0,0,1,0,0,0,0,0,0,"-","-","UNINCORPORATED","EL DORADO","CA",-120.70184,38.65353
"5494304",-120.419481229,38.775324568,2012,"0900","2","3","3","01",0,1,"A",,,,,"Y",300,1,"E","I","A","RT 50","ICE HOUSE RD",10560,"E","N","2013-09-16",9245,"2012-01-11",100,"17604",,"3","9","0","1",,"1","160","-","Y","ED",3,50,"-","-",41.44,"H","-","W","Y",1,"A","-",23152,"A","N","A","H","-","D","D","0","Y","A","07",0,1,0,0,0,0,0,0,0,"-","-","UNINCORPORATED","EL DORADO","CA",-120.41606,38.77495