"CASEID","POINT_X","POINT_Y","YEAR_","LOCATION","CHPTYPE","DAYWEEK","CRASHSEV","VIOLCAT","KILLED","INJURED","WEATHER1","PEDCOL","BICCOL","MCCOL","TRUCKCOL","ETOH","TIMECAT","MONTH_","CRASHTYP","INVOLVE","PED","PRIMARYRD","SECONDRD","DISTANCE","DIRECT","INTERSECT_","PROCDATE","JURIS","DATE_","TIME_","BADGE","JURIDIST","SHIFT","POP","SPECIAL","BEATTYPE","LAPDDIV","BEATCLAS","BEATNUMB","WEATHER2","STATEHW","CALTRANC","CALTRAND","STROUTE","ROUTESUF","POSTPRE","POSTMILE","LOCATYPE","RAMP","SIDEHW","TOWAWAY","PARTIES","PCF","VIOLCODE","VIOL","VIOLSUB","HITRUN","ROADSURF","RDCOND1","RDCOND2","LIGHTING","RIGHTWAY","CHPRDTYP","NOTPRIV","STFAULT","CHPFAULT","SEVINJ","OTHERINJ","COP","PEDKILL","PEDINJ","BICKILL","BICINJ","MCKILL","MCINJURE","RAMP1","RAMP2","CITY","COUNTY","STATE","X_CHP","Y_CHP"
"90205666",-120.8147544,38.7732175,2016,"0900","3","7","3","01",0,1,"A",,,,,"Y",1800,6,"E","I","A","SR-193","ROCK CREEK RD",325,"S","N","2016-06-20",9245,"2016-06-12",1623,"015607",,"2","9","0","1",,"1","122","-","Y",,0,0,,,0,,,,"Y",1,"A","-",23152,"A","N","A","H","-","A","D","0","Y","A","01",0,1,0,0,0,0,0,0,0,"-","-","UNINCORPORATED","EL DORADO","CA",-120.4756,38.4359
"90205278",-120.3871426,39.0059523,2016,"0900","5","3","2","08",0,1,"B",,,"Y",,,1500,6,"F","A","A","WENTWORTH SPRINGS ROAD","ICE HOUSE ROAD",34320,"W","N","2016-06-20",9245,"2016-06-08",1300,"013929",,"1","9","0","3",,"2","002","-","N",,0,0,,,0,,,,"Y",1,"A","-",22107,,"N","A","H","-","A","D","0","Y","C","02",1,0,0,0,0,0,0,0,1,"-","-","UNINCORPORATED","EL DORADO","CA",-120.48062,38.93197
"90204225",-121.0294542,38.67038,2016,"0900","5","5","2","01",0,1,"A",,,,,"Y",2100,6,"F","A","A","BASS LAKE RD","HAWK VIEW ROAD",313,"S","N","2016-06-17",9245,"2016-06-10",2005,"018502",,"2","9","0","3",,"2","001","-","N",,0,0,,,0,,,,"Y",1,"A","-",23152,"F","M","A","H","-","A","D","0","Y","D","22",1,0,0,0,0,0,0,0,0,"-","-","UNINCORPORATED","EL DORADO","CA",-121.03095,38.67018
"90203999",-120.5757138,38.7198661,2016,"0900","5","3","1","08",1,0,"A",,,,,,1200,5,"E","I","A","SLY PARK ROAD","MORMON EMIGRANT TRL",388,"S","N","2016-06-17",9245,"2016-05-25",1025,"013463",,"1","9","0","3",,"2","004","-","N",,0,0,,,0,,,,"Y",1,"A","-",22107,,"N","A","H","-","A","D","0","Y","A","01",0,0,0,0,0,0,0,0,0,"-","-","UNINCORPORATED","EL DORADO","CA",-120.57717,38.71977
"90203306",-120.8588575,38.6815362,2016,"0900","4","5","4","03",0,2,"A",,,,,,1500,6,"C","C","A","PLEASANT VALLEY RD","SLATE CREEK RD",135,"E","N","2016-06-16",9245,"2016-06-10",1230,"017897",,"1","9","0","2",,"1","037","-","N",,0,0,,,0,,,,"Y",2,"A","-",22350,,"N","A","H","-","A","D","0","Y","A","07",0,0,2,0,0,0,0,0,0,"-","-","UNINCORPORATED","EL DORADO","CA",-120.85926,38.68154
"90203138",-120.995413,38.661315,2016,"0900","5","2","4","03",0,1,"A",,,,,,1800,6,"C","C","A","CAMBRIDGE RD","CHELSEA RD",0,,"Y","2016-06-16",9245,"2016-06-07",1705,"015607",,"2","9","0","3",,"2","001","-","N",,0,0,,,0,,,,"N",2,"A","-",22350,,"N","A","H","-","A","D","0","Y","A","01",0,0,1,0,0,0,0,0,0,"-","-","UNINCORPORATED","EL DORADO","CA",-120.9946,38.6611
"90202980",-120.9398628,38.6513488,2016,"0900","5","5","3","03",0,1,"A",,,"Y",,,300,6,"F","I","A","SOUTH SHINGLE ROAD","MONARCH LN",24,"S","N","2016-06-16",9245,"2016-06-10",205,"018782",,"3","9","0","3",,"2","003","-","N",,0,0,,,0,,,,"Y",1,"A","-",22350,,"N","A","H","-","D","D","0","Y","C","02",0,1,0,0,0,0,0,0,1,"-","-","UNINCORPORATED","EL DORADO","CA",-120.94032,38.6511
"90202630",-120.720633,38.600115,2016,"0900","4","2","4","09",0,2,"A",,,,,,1500,6,"D","C","A","MOUNT AUKUM RD","BUZZARDS GULCH RD",0,,"Y","2016-06-21",9245,"2016-06-07",1330,"012315",,"1","9","0","2",,"1","042","-","N",,0,0,,,0,,,,"Y",2,"A","-",21801,"A","N","A","H","-","A","D","0","Y","A","01",0,0,2,0,0,0,0,0,0,"-","-","UNINCORPORATED","EL DORADO","CA",-120.72395,38.59822
"90202294",-119.9641279,38.9070258,2016,"0900","4","1","4","03",0,1,"A",,,,,,1500,6,"C","C","A","PIONEER TR","FAIR MEADOW TRAIL",35,"S","N","2016-06-30",9246,"2016-06-06",1340,"010056",,"1","9","0","2",,"1","024","-","N",,0,0,,,0,,,,"N",3,"A","-",22350,,"N","A","H","-","A","D","0","Y","D","22",0,0,1,0,0,0,0,0,0,"-","-","UNINCORPORATED","EL DORADO","CA",-119.9642,38.90695
"90201610",0,0,2016,"0900","2","7","3","08",0,1,"A",,,,,,900,6,"E","I","A","US-50 W/B","MILL RUN",92,"W","N","2016-06-14",9245,"2016-06-12",710,"012315",,"1","9","0","1",,"2","150","-","Y",,0,0,,,0,,,,"Y",1,"A","-",22107,,"N","A","H","-","B","D","0","Y","A","01",0,1,0,0,0,0,0,0,0,"-","-","UNINCORPORATED","EL DORADO","CA",-120.5204,38.75989
"90201313",0,0,2016,"0900","2","4","3","03",0,1,"A",,,,,,1800,6,"E","I","A","US-50","STILL MEADOW RD",2640,"W","N","2016-06-14",9245,"2016-06-02",1550,"018624","9245","2","9","0","1",,"2","140","-","Y",,0,0,,,0,,,,"Y",1,"A","-",22350,,"N","A","H","-","A","D","0","Y","A","01",0,1,0,0,0,0,0,0,0,"-","-","UNINCORPORATED","EL DORADO","CA",-120.73877,38.73831
"90200999",-120.995328,38.6980925,2016,"0900","4","2","3","01",0,1,"A",,,,,,1800,5,"A","C","A","CAMERON PARK DRIVE","GREEN VALLEY RD",338,"S","N","2016-06-14",9245,"2016-05-31",1540,"017756",,"2","9","0","2",,"1","015","-","N",,0,0,,,0,,,,"Y",2,"A","-",23152,"E","N","A","H","-","A","D","0","Y","A","01",0,1,0,0,0,0,0,0,0,"-","-","UNINCORPORATED","EL DORADO","CA",-120.9953,38.698
"90199153",-120.9952831,38.69679,2016,"0900","4","3","4","03",0,2,"A",,,,,,900,6,"C","C","A","CAMERON PARK DR","WINTERHAVEN DR",75,"S","N","2016-06-10",9245,"2016-06-01",851,"017897",,"1","9","0","2",,"1","015","-","N",,0,0,,,0,,,,"Y",2,"A","-",22350,,"N","A","H","-","A","D","0","Y","A","07",0,0,2,0,0,0,0,0,0,"-","-","UNINCORPORATED","EL DORADO","CA",-120.99533,38.69737
"90199131",-120.8927025,38.7792359,2016,"0900","5","1","4","18",0,1,"A",,,,,,1200,5,"F","A","A","COLD SPRINGS RD","THOMPSON HILL RD",7,"S","N","2016-06-10",9245,"2016-05-30",1025,"013463",,"1","9","0","3",,"2","002","-","N",,0,0,,,0,,,,"Y",1,"C","-",0,,"N","A","H","-","A","D","0","Y","-","-",0,0,1,0,0,0,0,0,0,"-","-","UNINCORPORATED","EL DORADO","CA",-120.89269,38.77916
"90199000",-120.9727682,38.6602989,2016,"0900","5","3","4","04",0,1,"B",,,,,,1800,6,"C","C","A","COUNTRY CLUB DRIVE","LOS SANTOS DRIVE",110,"W","N","2016-06-10",9245,"2016-06-01",1735,"015263",,"2","9","0","3",,"2","001","-","N",,0,0,,,0,,,,"Y",2,"A","-",21703,,"N","A","H","-","A","D","0","Y","A","07",0,0,1,0,0,0,0,0,0,"-","-","UNINCORPORATED","EL DORADO","CA",-120.58147,38.3937
"90198995",-120.9728817,38.7379614,2016,"0900","5","2","3","08",0,1,"A",,,,,,600,5,"E","I","A","DEER VALLEY ROAD","PINCHEM CREEK DRIVE",110,"S","N","2016-06-10",9245,"2016-05-31",315,"015263",,"3","9","0","3",,"2","001","-","N",,0,0,,,0,,,,"Y",1,"A","-",22107,,"N","A","H","-","D","D","0","Y","A","01",0,1,0,0,0,0,0,0,0,"-","-","UNINCORPORATED","EL DORADO","CA",-120.58223,38.44165
"90198993",-120.0861102,38.9496088,2016,"0900","3","6","3","03",0,1,"A",,"Y",,,,1200,6,"A","C","A","SR-89","CASCADE LAKE RD",1056,"N","N","2016-06-10",9246,"2016-06-04",1150,"017757",,"1","9","0","1",,"1","030","-","Y",,0,0,,,0,,,,"N",2,"A","-",22350,,"N","A","H","-","A","D","0","Y","L","04",0,1,0,0,0,0,1,0,0,"-","-","UNINCORPORATED","EL DORADO","CA",-120.08746,38.95137
"90198984",0,0,2016,"0900","4","5","3","03",0,1,"A",,,"Y",,,1500,6,"C","C","A","LAKE TAHOE BLVD (EASTBOUND)","SAWMILL RD",130,"W","N","2016-06-10",9246,"2016-06-03",1422,"017757",,"2","9","0","2",,"1","025","-","N",,0,0,,,0,,,,"Y",2,"A","-",22350,,"N","A","H","-","A","D","0","Y","D","22",0,1,0,0,0,0,0,0,1,"-","-","UNINCORPORATED","EL DORADO","CA",-120.02724,38.88809
"90198854",-120.675703,38.6935451,2016,"0900","4","1","4","12",0,1,"A",,,,,,1500,5,"D","C","A","PLEASANT VALLEY ROAD","NEWTOWN ROAD",0,,"Y","2016-06-10",9245,"2016-05-30",1340,"013342",,"1","9","0","2",,"1","041","-","N",,0,0,,,0,,,,"Y",2,"A","-",22450,"A","N","A","H","-","A","A","0","Y","A","01",0,0,1,0,0,0,0,0,0,"-","-","UNINCORPORATED","EL DORADO","CA",-120.67574,38.69358
"90198744",0,0,2016,"0900","5","6","4","18",0,1,"A",,,,,,1500,5,"E","I","A","SILVA VALLEY PKY","TIMBERLINE RIDGE DR",144,"S","N","2016-06-10",9245,"2016-05-28",1415,"018502",,"2","9","0","3",,"2","001","-","N",,0,0,,,0,,,,"Y",1,"C","-",0,,"N","A","H","-","A","D","0","Y","-","-",0,0,1,0,0,0,0,0,0,"-","-","UNINCORPORATED","EL DORADO","CA",-121.07586,38.70764
"90198731",0,0,2016,"0900","2","5","3","03",0,3,"A",,,,,,1500,5,"C","C","A","US 50 E/B","CAMERON PARK DRIVE",431,"W","N","2016-06-10",9245,"2016-05-27",1350,"013929",,"1","9","0","1",,"2","110","-","Y",,0,0,,,0,,,,"Y",3,"A","-",22350,,"N","A","H","-","A","D","0","Y","A","01",0,1,2,0,0,0,0,0,0,"-","-","UNINCORPORATED","EL DORADO","CA",-120.97018,38.65911
"90198727",-120.9659526,38.5857952,2016,"0900","4","7","3","08",0,1,"A",,,"Y",,,1500,5,"F","A","A","S SHINGLE ROAD","SILVER OAKS LN",250,"N","N","2016-06-10",9245,"2016-05-29",1310,"013463",,"1","9","0","2",,"1","032","-","N",,0,0,,,0,,,,"Y",1,"A","-",22107,,"N","A","H","-","A","D","0","Y","C","02",0,1,0,0,0,0,0,0,1,"-","-","UNINCORPORATED","EL DORADO","CA",-120.96604,38.58576
"90197990",0,0,2016,"0900","3","5","3","08",0,1,"A",,,,,,2100,5,"E","I","A","SR-49 (PLEASANT VALLEY RD.)","OAKDELL RD",240,"E","N","2016-06-09",9245,"2016-05-27",1810,"018799",,"2","9","0","1",,"1","135","-","Y",,0,0,,,0,,,,"Y",1,"A","-",22107,,"N","A","H","-","A","D","0","Y","A","07",0,1,0,0,0,0,0,0,0,"-","-","UNINCORPORATED","EL DORADO","CA",-120.83739,38.68345
"90197965",0,0,2016,"0900","2","3","3","08",0,1,"A",,,"Y",,,1200,6,"F","A","A","US-50","TAMARACK PINES RD",690,"E","N","2016-06-09",9246,"2016-06-08",947,"016041",,"1","9","0","1",,"1","020","-","Y",,0,0,,,0,,,,"Y",1,"A","-",22107,,"N","A","H","-","A","D","0","Y","C","02",0,1,0,0,0,0,0,0,1,"-","-","UNINCORPORATED","EL DORADO","CA",-120.10048,38.80519
"90197910",0,0,2016,"0900","3","1","4","09",0,1,"A",,,,,,900,6,"D","C","A","STATE ROUTE 89","MEEKS BAY RESORT ENTRANCE",528,"S","N","2016-06-09",9246,"2016-06-06",820,"010056",,"1","9","0","1",,"1","031","-","Y",,0,0,,,0,,,,"Y",2,"A","-",21802,"A","N","A","H","-","A","D","0","Y","A","01",0,0,1,0,0,0,0,0,0,"-","-","UNINCORPORATED","EL DORADO","CA",-120.12588,39.03716
"90197422",-120.9617917,38.6532786,2016,"0900","5","4","3","01",0,1,"A",,,,,"Y",1800,5,"E","I","A","DUROCK RD","SHINGLE LIME MINE RD",1436,"W","N","2016-06-08",9245,"2016-05-26",1634,"018502",,"2","9","0","3",,"2","003","-","N",,0,0,,,0,,,,"Y",1,"A","-",23152,"A","N","A","H","-","A","D","0","Y","D","22",0,1,0,0,0,0,0,0,0,"-","-","UNINCORPORATED","EL DORADO","CA",-120.96125,38.65351
"90197375",-120.8618208,38.6944639,2016,"0900","5","4","2","01",0,1,"A",,,,,"Y",1800,5,"E","I","A","EL DORADO RD","SILVER LODE DR",453,"N","N","2016-06-08",9245,"2016-05-26",1630,"018466",,"2","9","0","3",,"2","003","-","N",,0,0,,,0,,,,"Y",1,"A","-",23152,"A","N","A","H","-","A","D","0","Y","A","01",1,0,0,0,0,0,0,0,0,"-","-","UNINCORPORATED","EL DORADO","CA",-120.86189,38.69443
"90197272",-120.7380777,38.6796616,2016,"0900","4","3","3","08",0,1,"A","Y",,,,,1200,5,"C","E","F","PLEASANT VALLEY ROAD","BUCKS BAR RD",117,"W","N","2016-06-08",9245,"2016-05-25",923,"012382",,"1","9","0","2",,"1","041","-","N",,0,0,,,0,,,,"Y",3,"A","-",22107,,"N","A","H","-","A","A","0","Y","A","01",0,1,0,0,1,0,0,0,0,"-","-","UNINCORPORATED","EL DORADO","CA",-120.73815,38.67971
"90196843",-120.1257167,39.0649324,2016,"0900","3","7","4","03",0,1,"B",,,"Y",,,1500,5,"F","A","A","STATE ROUTE 89","WILSON AVE.",243,"S","N","2016-06-08",9246,"2016-05-29",1200,"010056",,"1","9","0","1",,"1","031","-","Y",,0,0,,,0,,,,"Y",1,"A","-",22350,,"N","A","H","-","A","D","0","Y","C","02",0,0,1,0,0,0,0,0,1,"-","-","UNINCORPORATED","EL DORADO","CA",-120.12566,39.06492
"6411362",-120.990723,38.688875,2013,"0900","4","2","3","05",0,2,"A",,,,,,1200,12,"A","C","A","CAMERON PARK DR","ALHAMBRA DR",0,,"Y","2014-05-14",9245,"2013-12-17",1150,"013463",,"1","9","0","2",,"1","015","-","N",,0,0,,,0,,,,"Y",2,"A","-",21650,,"N","A","H","-","A","D","0","Y","D","22",0,1,1,0,0,0,0,0,0,"-","-","UNINCORPORATED","EL DORADO","CA",-120.99075,38.68889
"6394716",0,0,2013,"0902","0","2","3","21",0,1,"A",,"Y",,,,2100,10,"D","G","A","10N24 FOREST SERVICE RD","MARLETTE CIR",267,"N","N","2014-04-15",902,"2013-10-01",1809,"150",,"5","3","0","0",,"0","041","-","N",,0,0,,,0,,,,"N",2,"A","-",22106,,"N","A","H","-","A","D","0","Y","A","07",0,1,0,0,0,0,1,0,0,"-","-","SOUTH LAKE TAHOE","EL DORADO","CA",0,0
"6394656",-119.9435773,38.9570003,2013,"0902","0","1","4","01",0,1,"A",,,,,"Y",2400,9,"C","C","A","LAKE TAHOE BL","TRANSIT WAY",0,,"Y","2014-04-09",902,"2013-09-02",2122,"189","ELDOR","5","3","0","0",,"0",,"-","Y","ED",3,50,"-","-",80.265,"I","5","W","Y",2,"A","-",23152,"A","N","A","H","-","C","A","0","Y","A","01",0,0,1,0,0,0,0,0,0,"-","-","SOUTH LAKE TAHOE","EL DORADO","CA",0,0
"6391680",-120.0016271,38.9150107,2013,"0902","0","5","3","08",0,1,"A",,"Y",,,,1500,7,"D","G","A","LAKE TAHOE BL","4TH ST",0,,"-","2014-03-17",902,"2013-07-26",1325,"181",,"5","3","0","0",,"0",,"-","Y","ED",3,50,"-","-",75.64,"H","-","E","N",2,"A","-",22107,,"N","A","H","-","A","D","0","Y","L","04",0,1,0,0,0,0,1,0,0,"-","-","SOUTH LAKE TAHOE","EL DORADO","CA",0,0
"6391676",-120.0043029,38.9134853,2013,"0902","0","4","4","01",0,1,"A",,,,,"Y",2100,8,"C","C","A","LAKE TAHOE BL","TAHOE KEYS BL",54,"E","N","2014-04-01",902,"2013-08-01",1829,"183",,"5","3","0","0",,"0",,"-","Y","ED",3,50,"-","-",75.46,"H","-","E","Y",2,"A","-",23152,,"N","A","H","-","A","D","0","Y","A","07",0,0,1,0,0,0,0,0,0,"-","-","SOUTH LAKE TAHOE","EL DORADO","CA",0,0
"6391672",-119.9531506,38.9504451,2013,"0902","0","2","2","05",0,1,"A",,"Y",,,,300,8,"A","G","A","LAKE TAHOE BL","WILDWOOD AV",75,"E","N","2014-04-02",902,"2013-08-06",244,"150",,"5","3","0","0",,"0","021","-","Y","ED",3,50,"-","-",79.56,"H","-","E","N",2,"A","-",21650,,"N","A","D","-","C","D","0","Y","D","22",1,0,0,0,0,0,1,0,0,"-","-","SOUTH LAKE TAHOE","EL DORADO","CA",0,0
"6391526",-119.963853,38.9452651,2013,"0902","0","2","3","09",0,1,"A",,"Y",,,,1800,4,"D","G","A","FAIRWAY AV","FAWN WY",0,,"Y","2014-03-17",902,"2013-04-23",1657,"194",,"5","3","0","0",,"0",,"-","N",,0,0,,,0,,,,"N",2,"A","-",21804,"A","N","A","H","-","A","A","0","Y","L","04",0,1,0,0,0,0,1,0,0,"-","-","SOUTH LAKE TAHOE","EL DORADO","CA",0,0
"6391482",-119.9791229,38.9249552,2013,"0902","0","3","4","00",0,1,"B",,"Y",,,,2100,8,"H","G","A","MARTIN AV","KNOX AV",0,,"Y","2014-04-19",902,"2013-08-21",1803,"193","902","5","3","0","0",,"0","WEST","-","N",,0,0,,,0,,,,"N",2,"A","-",20001,"A","F","B","-","-","A","A","0","Y","A","01",0,0,1,0,0,0,1,0,0,"-","-","SOUTH LAKE TAHOE","EL DORADO","CA",0,0
"6391466",-119.955213,38.9238351,2013,"0902","0","3","4","-",0,1,"A",,,,,,1500,8,"C","C","A","RALPH DR","PIONEER TRL",0,,"Y","2014-04-19",902,"2013-08-21",1258,"169",,"5","3","0","0",,"0",,"-","N",,0,0,,,0,,,,"N",2,"-","-",0,,"N","A","H","-","A","D","0","Y","-","-",0,0,1,0,0,0,0,0,0,"-","-","SOUTH LAKE TAHOE","EL DORADO","CA",0,0
"6391368",-119.9573829,38.9199152,2013,"0902","0","7","3","01",0,1,"A",,,,,"Y",2100,7,"E","I","A","AL TAHOE BL","PIONEER TR",0,,"Y","2014-09-29",902,"2013-07-21",1913,"209",,"5","3","0","0",,"0",,"-","N",,0,0,,,0,,,,"Y",1,"A","-",23152,,"N","A","H","-","A","A","0","Y","A","07",0,1,0,0,0,0,0,0,0,"-","-","SOUTH LAKE TAHOE","EL DORADO","CA",0,0
"6391120",-119.997045,38.9182064,2013,"0902","0","2","4","01",0,3,"A",,,,,"Y",2400,7,"C","C","A","LAKE TAHOE BL","2ND ST",30,"E","N","2014-04-26",902,"2013-07-16",2129,"175","0902","5","3","0","0",,"0",,"-","Y","ED",3,50,"-","-",75.97,"H","-","W","N",3,"A","-",23153,,"N","A","H","-","C","D","0","Y","-","-",0,0,3,0,0,0,0,0,0,"-","-","SOUTH LAKE TAHOE","EL DORADO","CA",0,0
"6391116",-119.944762,38.9552747,2013,"0902","0","3","2","-",0,2,"A","Y","Y",,,,2100,7,"H","-","B","LAKE TAHOE BL","HEAVENLY VILLAGE WY",0,,"Y","2014-03-14",902,"2013-07-17",2026,"175","0902","5","3","0","0",,"0",,"-","Y","ED",3,50,"-","-",80.13,"H","-","W","N",2,"A","-",0,,"N","A","H","-","A","A","0","Y","L","04",1,1,0,0,1,0,1,0,0,"-","-","SOUTH LAKE TAHOE","EL DORADO","CA",0,0
"6391074",-119.9843329,38.9258152,2013,"0902","0","4","4","01",0,2,"A",,,,,"Y",2100,5,"D","C","A","PALMIRA AV","RENO AV",0,,"Y","2014-03-17",902,"2013-05-30",1907,"160",,"5","3","0","0",,"0",,"-","N",,0,0,,,0,,,,"Y",2,"A","-",23153,"A","N","-","H","-","A","A","0","Y","A","01",0,0,2,0,0,0,0,0,0,"-","-","SOUTH LAKE TAHOE","EL DORADO","CA",0,0
"6391054",-119.9822321,38.9280936,2013,"0902","0","6","3","01",0,2,"A",,,,,"Y",300,5,"A","C","A","LAKE TAHOE BL","CARSON AV",528,"E","N","2014-03-14",902,"2013-05-18",26,"191","0902","5","3","0","0",,"0","WEST","-","Y","ED",3,50,"-","-",77.02,"H","-","W","Y",2,"A","-",23152,,"N","A","H","-","A","A","0","Y","A","07",0,2,0,0,0,0,0,0,0,"-","-","SOUTH LAKE TAHOE","EL DORADO","CA",0,0
"6391050",-119.9803029,38.9419551,2013,"0902","0","5","4","01",0,1,"A",,,,,"Y",2400,5,"C","E","A","ALAMEDA AV","PASADENA AV",0,,"Y","2014-03-17",902,"2013-05-31",2209,"211",,"5","3","0","0",,"0",,"-","N",,0,0,,,0,,,,"N",2,"A","-",23152,,"M","A","H","-","C","A","0","Y","-","-",0,0,1,0,0,0,0,0,0,"-","-","SOUTH LAKE TAHOE","EL DORADO","CA",0,0
"6391044",-119.9801443,38.9301255,2013,"0902","0","6","3","05",0,1,"A",,"Y",,,,900,7,"D","G","A","LAKE TAHOE BL","BLUE LAKE AV",0,,"Y","2014-04-01",902,"2013-07-06",712,"211",,"5","3","0","0",,"0",,"-","Y","ED",3,50,"-","-",77.2,"H","-","W","N",2,"A","-",21202,,"N","A","H","-","A","A","0","Y","L","04",0,1,0,0,0,0,1,0,0,"-","-","SOUTH LAKE TAHOE","EL DORADO","CA",0,0
"6372676",-119.9644829,38.9460251,2013,"0902","0","2","4","01",0,1,"A",,,,,"Y",1800,11,"-","I","A","GLENWOOD WY","FAIRWAY AV",0,,"Y","2014-05-07",902,"2013-11-26",1750,"191","0902","5","3","0","0",,"0","EAST","-","Y",,0,0,,,0,,,,"Y",1,"A","-",23152,"A","N","A","H","-","C","A","0","Y","A","01",0,0,1,0,0,0,0,0,0,"-","-","SOUTH LAKE TAHOE","EL DORADO","CA",0,0
"6372675",-119.9450044,38.9497214,2013,"0902","0","7","4","01",0,2,"A",,,,,"Y",300,11,"E","I","A","GLEN RD","ROCKY POINT RD",75,"N","N","2014-05-07",902,"2013-11-03",130,"209",,"5","3","0","0",,"0","EAST","-","N",,0,0,,,0,,,,"Y",1,"A","-",23153,,"N","A","H","-","D","D","0","Y","A","01",0,0,2,0,0,0,0,0,0,"-","-","SOUTH LAKE TAHOE","EL DORADO","CA",0,0
"6370693",-119.9945818,38.9197308,2013,"0902","0","7","3","07",0,1,"A",,"Y",,,,1500,4,"D","G","A","RT 50","LAKE TAHOE BL",0,,"Y","2014-02-28",902,"2013-04-21",1201,"HOUNSELL",,"5","3","0","0",,"0",,"-","Y","ED",3,50,"-","-",76.14,"H","-","E","N",2,"A","-",21658,"A","F","A","H","-","A","A","0","Y","A","01",0,1,0,0,0,0,1,0,0,"-","-","SOUTH LAKE TAHOE","EL DORADO","CA",0,0
"6370685",-119.9547629,38.9307452,2013,"0902","0","6","4","00",0,1,"A",,,,,,2400,4,"A","C","A","PIONEER TR","WALKUP RD",0,,"Y","2014-02-28",902,"2013-04-20",2215,"213","0902","5","3","0","0",,"0",,"-","N",,0,0,,,0,,,,"Y",2,"D","-",0,,"M","A","H","-","C","D","0","Y","-","-",0,0,1,0,0,0,0,0,0,"-","-","SOUTH LAKE TAHOE","EL DORADO","CA",0,0
"6366966",-120.0067598,38.9154583,2013,"0902","0","5","2","-",0,2,"A","Y",,,,"Y",300,10,"G","B","D","EMERALD LN","5TH ST",0,,"Y","2014-05-13",902,"2013-10-04",119,"193","0902","5","3","0","0",,"0","WEST","-","Y","ED",3,89,"-","-",8.74,"H","-","N","N",3,"A","-",0,,"N","A","H","-","D","D","0","Y","-","-",1,0,1,0,2,0,0,0,0,"-","-","SOUTH LAKE TAHOE","EL DORADO","CA",0,0
"6366871",-120.0185226,38.8527934,2013,"0902","0","5","4","09",0,1,"A",,,"Y",,,1800,9,"D","C","A","LAKE TAHOE BL","RENO AV",70,"E","N","2014-04-14",902,"2013-09-27",1524,"191","0902","5","3","0","0",,"0","WEST","-","Y","ED",3,50,"-","-",70.86,"H","-","W","N",2,"A","-",21801,"A","N","A","H","-","A","A","0","Y","A","01",0,0,1,0,0,0,0,0,1,"-","-","SOUTH LAKE TAHOE","EL DORADO","CA",0,0
"6366868",-119.9521829,38.9411352,2013,"0902","0","7","4","01",0,1,"A",,,,,"Y",300,3,"A","C","A","SKI RUN BL","PIONEER TR",0,,"Y","2014-05-01",902,"2013-03-24",124,"213","9103","5","3","0","0",,"0",,"-","N",,0,0,,,0,,,,"Y",2,"A","-",23152,"A","N","A","H","-","C","A","0","Y","A","07",0,0,1,0,0,0,0,0,0,"-","-","SOUTH LAKE TAHOE","EL DORADO","CA",0,0
"6366867",-120.0044807,38.9134091,2013,"0902","0","1","4","-",0,1,"A",,"Y",,,"Y",1800,3,"D","G","A","EMERALD BAY RD","LAKE TAHOE BL",0,,"Y","2014-04-03",902,"2013-03-18",1701,"190","0902","5","3","0","0",,"0","WEST","-","Y","ED",3,50,"-","-",75.45,"H","-","E","N",2,"A","-",0,,"N","A","H","-","A","A","0","Y","A","01",0,0,1,0,0,0,1,0,0,"-","-","SOUTH LAKE TAHOE","EL DORADO","CA",0,0
"6364109",-120.0045129,38.9133953,2013,"0902","0","1","4","00",0,1,"A",,,,,,1500,5,"D","C","A","LAKE TAHOE BL","EMERALD BAY RD",0,,"Y","2014-02-24",902,"2013-05-13",1319,"131",,"5","3","0","0",,"0",,"-","Y","ED",3,50,"-","-",75.448,"I","5","E","Y",2,"D","-",0,,"N","A","H","-","A","A","0","Y","-","-",0,0,1,0,0,0,0,0,0,"-","-","SOUTH LAKE TAHOE","EL DORADO","CA",0,0
"6364097",-119.9516829,38.9477951,2013,"0902","0","5","4","12",0,1,"A",,"Y",,,,1800,6,"D","G","A","WILDWOOD AV","ALDER AV",0,,"Y","2014-09-29",902,"2013-06-28",1518,"181",,"5","3","0","0",,"0",,"-","N",,0,0,,,0,,,,"N",2,"A","-",22450,"A","N","A","-","-","A","A","0","Y","D","22",0,0,1,0,0,0,1,0,0,"-","-","SOUTH LAKE TAHOE","EL DORADO","CA",0,0
"6360209",-120.6188155,38.623357,2013,"0900","5","6","3","01",0,3,"A",,,,,"Y",1800,12,"A","C","A","GRIZZLY FLAT RD","STREBOR LN",2640,"W","N","2014-05-28",9245,"2013-12-28",1535,"13603",,"2","9","0","3",,"2","003","-","N",,0,0,,,0,,,,"Y",2,"A","-",23152,"A","N","A","H","-","A","D","0","Y","A","01",0,2,1,0,0,0,0,0,0,"-","-","UNINCORPORATED","EL DORADO","CA",-120.60658,38.61875
"6354212",-120.5013328,38.762304,2013,"0900","5","4","3","05",0,1,"A",,,,,,1500,12,"E","I","A","RT 50","HAZEL VALLEY RD",1056,"E","N","2014-05-14",9245,"2013-12-26",1230,"12382",,"1","9","0","3",,"2","004","-","Y","ED",3,50,"-","-",36,"H","-","W","Y",1,"A","-",21650,,"N","A","H","-","A","A","1","Y","A","01",0,1,0,0,0,0,0,0,0,"-","-","UNINCORPORATED","EL DORADO","CA",-120.49996,38.76324
"6351336",-120.6227647,38.6257316,2013,"0900","5","6","3","08",0,1,"A",,,,,,2100,11,"F","A","A","GRIZZLY FLAT RD","BOO BEAR LN",2112,"W","N","2014-05-05",9245,"2013-11-30",2025,"17604",,"2","9","0","3",,"2","004","-","N",,0,0,,,0,,,,"Y",1,"A","-",22107,,"N","A","H","-","D","D","0","Y","A","07",0,1,0,0,0,0,0,0,0,"-","-","UNINCORPORATED","EL DORADO","CA",-120.62286,38.62573