"CASEID","POINT_X","POINT_Y","YEAR_","LOCATION","CHPTYPE","DAYWEEK","CRASHSEV","VIOLCAT","KILLED","INJURED","WEATHER1","PEDCOL","BICCOL","MCCOL","TRUCKCOL","ETOH","TIMECAT","MONTH_","CRASHTYP","INVOLVE","PED","PRIMARYRD","SECONDRD","DISTANCE","DIRECT","INTERSECT_","PROCDATE","JURIS","DATE_","TIME_","BADGE","JURIDIST","SHIFT","POP","SPECIAL","BEATTYPE","LAPDDIV","BEATCLAS","BEATNUMB","WEATHER2","STATEHW","CALTRANC","CALTRAND","STROUTE","ROUTESUF","POSTPRE","POSTMILE","LOCATYPE","RAMP","SIDEHW","TOWAWAY","PARTIES","PCF","VIOLCODE","VIOL","VIOLSUB","HITRUN","ROADSURF","RDCOND1","RDCOND2","LIGHTING","RIGHTWAY","CHPRDTYP","NOTPRIV","STFAULT","CHPFAULT","SEVINJ","OTHERINJ","COP","PEDKILL","PEDINJ","BICKILL","BICINJ","MCKILL","MCINJURE","RAMP1","RAMP2","CITY","COUNTY","STATE","X_CHP","Y_CHP"
"6349592",-120.2957529,38.7745952,2013,"0900","2","7","2","11",0,1,"A","Y",,,,,1800,12,"G","B","D","RT 50","ORIOLE DR",52,"W","N","2014-12-19",9245,"2013-12-01",1720,"17604",,"2","9","0","1",,"1","170","-","Y","ED",3,50,"-","-",48.91,"H","-","E","N",2,"A","-",21954,"A","N","A","H","-","D","D","0","Y","N","60",1,0,0,0,1,0,0,0,0,"-","-","UNINCORPORATED","EL DORADO","CA",-120.29599,38.77477
"6347840",-119.9979333,38.864835,2013,"0900","4","3","3","01",0,1,"C",,,,,"Y",2400,11,"E","I","A","PIONEER TR","ONEIDAS ST",54,"S","N","2014-05-02",9246,"2013-11-20",2147,"018629",,"2","9","0","2",,"1","024","-","N",,0,0,,,0,,,,"Y",1,"A","-",23152,"A","N","B","H","-","D","D","0","Y","A","01",0,1,0,0,0,0,0,0,0,"-","-","UNINCORPORATED","EL DORADO","CA",-119.99792,38.86476
"6342953",-119.9631043,38.9078534,2013,"0900","4","1","3","03",0,1,"B",,,,,,900,10,"E","I","A","PIONEER TRAIL","HIGH MEADOWS TRL",40,"N","N","2014-04-26",9246,"2013-10-28",725,"10056",,"1","9","0","2",,"1","024","D","N",,0,0,,,0,,,,"Y",1,"A","-",22350,,"N","C","H","-","A","A","0","Y","A","01",0,1,0,0,0,0,0,0,0,"-","-","UNINCORPORATED","EL DORADO","CA",-119.96299,38.90798
"6332361",-121.0718869,38.6575109,2013,"0900","5","2","3","01",0,2,"A",,,,,"Y",2100,12,"C","C","A","EL DORADO HILLS BL","PARK AV",250,"N","N","2014-05-13",9245,"2013-12-31",2005,"18466",,"2","9","0","3",,"2","001","-","N",,0,0,,,0,,,,"Y",2,"A","-",23152,"A","F","A","H","-","C","A","0","Y","A","07",0,1,1,0,0,0,0,0,0,"-","-","UNINCORPORATED","EL DORADO","CA",-121.07166,38.65773
"6324951",0,0,2013,"0900","5","1","4","09",0,2,"A",,,,,,1800,11,"D","D","A","SILVA VALLEY PKWY","ENTRADA DR",0,,"Y","2014-05-19",9245,"2013-11-25",1755,"18653",,"2","9","0","3",,"2","001","-","Y",,0,0,,,0,,,,"Y",2,"A","-",21802,"A","N","A","H","-","D","A","0","Y","A","07",0,0,2,0,0,0,0,0,0,"-","-","UNINCORPORATED","EL DORADO","CA",-121.06137,38.66611
"6324947",-120.9691657,38.6602592,2013,"0900","4","7","4","03",0,3,"A",,,,,,1800,11,"C","D","A","CAMERON PARK DR","COUNTRY CLUB DR",35,"S","N","2014-05-19",9245,"2013-11-24",1610,"18653",,"2","9","0","2",,"1","015","-","N",,0,0,,,0,,,,"N",2,"A","-",22350,,"N","A","H","-","A","A","0","Y","A","07",0,0,3,0,0,0,0,0,0,"-","-","UNINCORPORATED","EL DORADO","CA",-120.96901,38.66003
"6324943",-120.7650585,38.730285,2013,"0900","2","1","4","08",0,1,"A",,,,,,300,11,"F","I","A","RT 50","CARSON RD",6864,"E","N","2014-05-19",9245,"2013-11-25",150,"13405",,"3","9","0","1",,"2","140","-","Y","ED",3,50,"-","-",20.06,"H","-","E","Y",1,"A","-",22107,,"N","A","H","-","D","D","1","Y","A","01",0,0,1,0,0,0,0,0,0,"-","-","UNINCORPORATED","EL DORADO","CA",-120.64531,38.74419
"6324939",-120.9259717,38.6692365,2013,"0900","2","5","4","08",0,1,"A",,,,,,1500,11,"E","I","A","RT 50","PONDEROSA RD",4224,"E","N","2014-05-19",9245,"2013-11-29",1430,"17604",,"2","9","0","1",,"2","120","-","Y","ED",3,50,"-","R",9.36,"H","-","E","Y",1,"A","-",22107,,"N","A","H","-","A","D","1","Y","A","01",0,0,1,0,0,0,0,0,0,"-","-","UNINCORPORATED","EL DORADO","CA",-120.92552,38.66959
"6319952",0,0,2013,"0900","5","7","4","03",0,1,"A",,,,,,900,12,"E","I","A","SERRANO PKWY","VILLAGIO DR",150,"W","N","2014-05-30",9245,"2013-12-22",735,"13929",,"1","9","0","3",,"2","001","-","N",,0,0,,,0,,,,"Y",1,"A","-",22350,,"N","A","H","-","A","D","0","Y","A","01",0,0,1,0,0,0,0,0,0,"-","-","UNINCORPORATED","EL DORADO","CA",-121.64738,38.6807
"6319414",-120.3890194,38.7726772,2013,"0900","2","5","4","08",0,1,"A",,,,,,2400,12,"E","I","A","RT 50","RANDALL TRACT BRG",400,"E","N","2014-05-30",9245,"2013-12-13",2115,"018653",,"2","9","0","1",,"1","160","-","Y","ED",3,50,"-","-",43.19,"H","-","W","Y",1,"A","-",22107,,"N","A","H","-","C","D","0","Y","A","01",0,0,1,0,0,0,0,0,0,"-","-","UNINCORPORATED","EL DORADO","CA",-120.38825,38.77246
"6319410",-120.5653817,38.7446984,2013,"0900","4","5","2","03",0,1,"D",,,,,,2100,12,"E","I","A","SLY PARK RD","DIAMOND DR",250,"N","N","2014-05-30",9245,"2013-12-06",1829,"015607",,"2","9","0","2",,"1","043","-","N",,0,0,,,0,,,,"Y",1,"A","-",22350,,"N","C","H","-","D","D","0","Y","A","01",1,0,0,0,0,0,0,0,0,"-","-","UNINCORPORATED","EL DORADO","CA",-120.5658,38.7441
"6319406",-120.7177673,38.7187412,2013,"0900","4","6","3","03",0,1,"D",,,,,,1200,12,"F","I","A","NEWTOWN RD","MEMORY MOUNTAIN RD",25,"S","N","2014-05-30",9245,"2013-12-07",940,"016465",,"1","9","0","2",,"1","045","-","N",,0,0,,,0,,,,"Y",1,"A","-",22350,,"N","C","H","-","A","D","0","Y","A","07",0,1,0,0,0,0,0,0,0,"-","-","UNINCORPORATED","EL DORADO","CA",-120.71765,38.71871
"6319191",-120.826133,38.7034851,2013,"0900","4","7","4","03",0,3,"A",,,,,,1500,12,"D","C","A","MISSOURI FLAT RD","HALYARD LN",0,,"Y","2014-06-02",9245,"2013-12-22",1430,"15459",,"2","9","0","2",,"1","037","-","N",,0,0,,,0,,,,"Y",2,"A","-",22350,,"N","A","H","-","A","D","0","Y","A","07",0,0,3,0,0,0,0,0,0,"-","-","UNINCORPORATED","EL DORADO","CA",-120.82508,38.70289
"6319187",-120.8051729,38.694905,2013,"0900","4","2","4","03",0,3,"A",,,,,,1800,12,"C","C","A","PLEASANT VALLEY RD","CANYON VALLEY RD",0,,"Y","2014-06-02",9245,"2013-12-24",1700,"17604",,"2","9","0","2",,"1","041","-","N",,0,0,,,0,,,,"Y",2,"A","-",22350,,"N","A","H","-","D","D","0","Y","A","07",0,0,3,0,0,0,0,0,0,"-","-","UNINCORPORATED","EL DORADO","CA",-120.80489,38.69499
"6317037",-120.7715536,38.7331678,2013,"0901","0","2","2","03",0,2,"A",,,,,,900,12,"D","C","A","BROADWAY DR","SMITH FLAT RD",74,"W","N","2014-05-30",901,"2013-12-10",800,"256","PPD","5","2","0","0",,"0","PP2","-","N",,0,0,,,0,,,,"Y",2,"A","-",22350,,"N","C","H","-","A","D","0","Y","-","-",1,0,1,0,0,0,0,0,0,"-","-","PLACERVILLE","EL DORADO","CA",0,0
"6316739",0,0,2013,"0900","5","1","3","01",0,1,"A",,,,,"Y",2400,12,"B","C","A","SOPHIA PKWY","ALEXANDRIA DR",2145,"S","N","2014-05-29",9245,"2013-12-23",2144,"12833",,"2","9","0","3",,"2","001","-","N",,0,0,,,0,,,,"Y",2,"A","-",23152,"A","N","A","H","-","D","D","0","Y","A","07",0,1,0,0,0,0,0,0,0,"-","-","UNINCORPORATED","EL DORADO","CA",-121.10127,38.6804
"6316735",-120.9028202,38.6909642,2013,"0900","2","6","4","01",0,1,"B",,,,,"Y",2100,12,"D","C","A","RT 50","RED HAWK PKWY",440,"E","N","2014-05-29",9245,"2013-12-07",1810,"17935",,"2","9","0","1",,"2","120","-","Y","ED",3,50,"-","R",11.29,"H","-","E","Y",2,"A","-",23152,"A","N","C","H","-","D","D","1","Y","A","07",0,0,1,0,0,0,0,0,0,"-","-","UNINCORPORATED","EL DORADO","CA",0,0
"6316731",-121.0670344,38.6539921,2013,"0900","2","4","3","08",0,1,"A",,,,,,900,12,"E","J","A","RT 50","SILVA VALLEY PKY",1584,"E","N","2014-05-29",9245,"2013-12-26",805,"16465",,"1","9","0","1",,"2","110","-","Y","ED",3,50,"-","R",2,"H","-","E","Y",1,"A","-",22107,,"N","A","H","-","A","D","1","Y","A","01",0,1,0,0,0,0,0,0,0,"-","-","UNINCORPORATED","EL DORADO","CA",-121.05116,38.65782
"6315934",-120.8115387,38.7137633,2013,"0900","3","5","3","03",0,1,"A",,,,,,1200,12,"F","A","A","RT 49","LONGHRUT RD",860,"S","N","2014-06-03",9245,"2013-12-13",915,"011511",,"1","9","0","1",,"1","135","-","Y","ED",3,49,"-","-",13.27,"H","-","S","Y",1,"A","-",22350,,"N","A","B","-","A","D","0","Y","A","07",0,1,0,0,0,0,0,0,0,"-","-","UNINCORPORATED","EL DORADO","CA",-120.81177,38.71446
"6315452",-120.860653,38.7031752,2013,"0900","2","1","4","01",0,1,"A",,,,,"Y",1500,12,"D","C","A","RT 50","EL DORADO RD",0,,"Y","2015-01-09",9245,"2013-12-02",1307,"13463",,"1","9","0","1",,"2","120","-","Y","ED",3,50,"-","R",13.865,"R","4","E","Y",2,"A","-",23152,"A","N","A","H","-","A","D","1","Y","A","01",0,0,1,0,0,0,0,0,0,"EF","-","UNINCORPORATED","EL DORADO","CA",-120.85647,38.70431
"6312051",-120.9109631,38.6678351,2013,"0900","4","4","4","03",0,1,"A",,,,,,1200,12,"C","C","A","MOTHER LODE DR","RIDGE DR",0,,"Y","2014-05-21",9245,"2013-12-26",1135,"16465",,"1","9","0","2",,"1","039","-","N",,0,0,,,0,,,,"Y",2,"A","-",22350,,"N","A","H","-","A","D","0","Y","A","01",0,0,1,0,0,0,0,0,0,"-","-","UNINCORPORATED","EL DORADO","CA",-120.91803,38.66791
"6312023",-120.773523,38.7341152,2013,"0900","5","5","2","08",0,1,"B",,,,,,1500,12,"E","I","A","RT 50","SCHNELL SCHOOL RD",300,"E","N","2014-05-21",9245,"2013-12-27",1255,"12382",,"1","9","0","3",,"2","004","-","Y","ED",3,50,"-","-",19.353,"R","2","W","Y",1,"A","-",22107,,"N","A","H","-","A","A","1","Y","A","01",1,0,0,0,0,0,0,0,0,"WF","-","UNINCORPORATED","EL DORADO","CA",-120.77654,38.73416
"6311627",-120.925323,38.768865,2013,"0900","4","6","3","09",0,1,"A",,,,,,1800,12,"D","C","A","LOTUS RD","GOLD HILL RD",0,,"Y","2014-05-28",9245,"2013-12-21",1650,"017089",,"2","9","0","2",,"1","013","-","N",,0,0,,,0,,,,"Y",2,"A","-",21802,"A","N","A","H","-","B","A","0","Y","A","01",0,1,0,0,0,0,0,0,0,"-","-","UNINCORPORATED","EL DORADO","CA",-120.92515,38.76913
"6309977",-120.6921631,38.5708751,2013,"0900","5","6","4","05",0,1,"D",,,,,,1200,12,"A","C","A","OMO RANCH RD","RENDEVOUS LN",1170,"W","N","2014-05-28",9245,"2013-12-07",1045,"16465",,"1","9","0","3",,"2","004","-","N",,0,0,,,0,,,,"Y",2,"A","-",21650,,"M","C","H","-","A","D","0","Y","A","07",0,0,1,0,0,0,0,0,0,"-","-","UNINCORPORATED","EL DORADO","CA",-120.69104,38.57162
"6309034",-120.1235235,38.8062912,2013,"0900","2","7","4","03",0,1,"A",,,,,,1200,12,"E","I","A","RT 50","TWIN BRIDGES RD",91,"W","N","2014-05-07",9246,"2013-12-15",930,"010056",,"1","9","0","1",,"1","020","-","Y","ED",3,50,"-","-",60.27,"H","-","E","Y",1,"A","-",22350,,"N","A","H","-","A","D","0","Y","A","01",0,0,1,0,0,0,0,0,0,"-","-","UNINCORPORATED","EL DORADO","CA",-120.12335,38.80567
"6309030",-120.1200453,38.8016823,2013,"0900","2","7","3","01",0,2,"A",,,,,"Y",1800,12,"E","J","A","RT 50","CAMP SACRAMENTO",1056,"W","N","2014-05-07",9246,"2013-12-15",1640,"014471",,"2","9","0","1",,"1","020","-","Y","ED",3,50,"-","-",60.74,"H","-","W","Y",1,"A","-",23152,"A","N","B","H","-","B","D","0","Y","A","07",0,1,1,0,0,0,0,0,0,"-","-","UNINCORPORATED","EL DORADO","CA",-120.07225,38.48091
"6305067",-120.9808573,38.6752595,2013,"0900","4","2","4","04",0,2,"A",,,,,,1800,12,"C","C","A","CAMERON PARK DR","OXFORD RD",700,"S","N","2014-05-23",9245,"2013-12-10",1730,"17604",,"2","9","0","2",,"1","015","-","N",,0,0,,,0,,,,"Y",4,"A","-",21703,,"N","B","H","-","D","A","0","Y","A","07",0,0,2,0,0,0,0,0,0,"-","-","UNINCORPORATED","EL DORADO","CA",-120.98079,38.67525
"6305063",-120.6668669,38.685374,2013,"0900","4","1","3","05",0,1,"A",,,,,,2500,12,"E","I","A","PLEASANT VALLEY RD","LEISURE LN",390,"E","N","2014-05-23",9245,"2013-12-09",2500,"13279",,"4","9","0","2",,"1","041","-","N",,0,0,,,0,,,,"Y",1,"A","-",21460,"A","N","C","H","-","D","A","0","Y","A","07",0,1,0,0,0,0,0,0,0,"-","-","UNINCORPORATED","EL DORADO","CA",-120.6645,38.68512
"6305059",-120.7463428,38.7422926,2013,"0900","5","7","4","03",0,1,"A",,,,,,1500,12,"E","I","A","CARSON RD","UNION RIDGE RD",300,"E","N","2014-05-23",9245,"2013-12-08",1250,"15563",,"1","9","0","3",,"2","002","B","N",,0,0,,,0,,,,"Y",1,"A","-",22350,,"N","C","-","-","A","B","0","Y","A","07",0,0,1,0,0,0,0,0,0,"-","-","UNINCORPORATED","EL DORADO","CA",-120.74469,38.74191
"6303274",-120.9692676,38.6606192,2013,"0900","4","4","4","03",0,1,"B",,,,,,900,12,"C","C","A","CAMERON PARK DR","COUNTRY CLUB DR",100,"N","N","2014-12-19",9245,"2013-12-19",700,"13028",,"1","9","0","2",,"1","015","-","N",,0,0,,,0,,,,"N",2,"A","-",22350,,"N","A","H","-","A","A","0","Y","A","01",0,0,1,0,0,0,0,0,0,"-","-","UNINCORPORATED","EL DORADO","CA",-120.9692,38.6605
"6303211",-121.0021583,38.6946534,2013,"0900","5","3","4","11",0,1,"A","Y",,,,,1200,12,"G","B","D","CAMBRIDGE RD","CIMMARRON RD",6,"S","N","2014-05-20",9245,"2013-12-25",900,"13929",,"1","9","0","3",,"2","001","-","N",,0,0,,,0,,,,"N",2,"A","-",21950,"B","N","A","H","-","A","A","0","Y","N","60",0,0,1,0,1,0,0,0,0,"-","-","UNINCORPORATED","EL DORADO","CA",-121.00201,38.69458
"6302022",-121.032111,38.6554886,2013,"0900","2","2","2","01",0,1,"B",,,"Y",,"Y",2100,10,"F","J","A","RT 50","BASS LAKE RD",1320,"E","N","2014-04-18",9245,"2013-10-29",1948,"018624","9245","2","9","0","1",,"2","110","-","Y","ED",3,50,"-","R",3.16,"H","-","W","Y",1,"A","-",23152,"A","N","A","H","-","D","D","1","Y","C","02",1,0,0,0,0,0,0,0,1,"-","-","UNINCORPORATED","EL DORADO","CA",-121.01916,38.65529
"6301687",-121.0767368,38.6507724,2013,"0900","2","5","4","03",0,1,"A",,,,,,1200,12,"C","C","A","RT 50","LATROBE RD",15,"W","N","2014-05-23",9245,"2013-12-13",908,"015107",,"1","9","0","1",,"2","110","-","Y","ED",3,50,"-","-",0.598,"R","1","E","N",2,"A","-",22350,,"N","A","H","-","A","A","1","Y","D","22",0,0,1,0,0,0,0,0,0,"-","-","UNINCORPORATED","EL DORADO","CA",-121.0411,38.3906
"6301480",-120.819293,38.7699652,2013,"0900","3","6","4","05",0,1,"A",,,,,,2400,12,"B","C","A","RT 193","CHILI BAR CT",2000,"S","N","2014-05-21",9245,"2013-12-14",2325,"18240",,"3","9","0","1",,"1","122","-","Y","ED",3,193,"-","-",24.31,"H","-","E","Y",2,"A","-",21650,,"N","D","B","-","D","D","0","Y","A","01",0,0,1,0,0,0,0,0,0,"-","-","UNINCORPORATED","EL DORADO","CA",-121.81984,38.76022
"6299145",-120.6000998,38.7635099,2013,"0900","5","6","3","01",0,1,"A",,,,,"Y",2400,11,"E","I","A","BLAIR RD","OLD BLAIR MILL RD",40,"N","N","2014-05-08",9245,"2013-11-30",2100,"17737",,"2","9","0","3",,"2","002","-","N",,0,0,,,0,,,,"Y",1,"A","-",23152,"A","N","A","H","-","D","D","0","Y","A","01",0,1,0,0,0,0,0,0,0,"-","-","UNINCORPORATED","EL DORADO","CA",-120.601,38.7655
"6299085",-120.838343,38.7128852,2013,"0900","2","4","4","03",0,1,"A",,,,,,900,12,"C","C","A","RT 50","MISSOURI FLAT RD",100,"E","N","2014-06-03",9245,"2013-12-05",810,"013028",,"1","9","0","1",,"2","120","-","Y","ED",3,50,"-","R",15.078,"R","1","W",,3,"A","-",22350,,"N","A","H","-","A","A","1","Y","A","07",0,0,1,0,0,0,0,0,0,"-","-","UNINCORPORATED","EL DORADO","CA",0,0
"6298814",-120.8030095,38.7261636,2013,"0901","0","1","4","09",0,1,"A",,,,,,1500,9,"D","C","A","SACRAMENTO ST","PACIFIC ST",100,"N","N","2014-10-31",901,"2013-09-09",1310,"199",,"5","2","0","0",,"0",,"-","N",,0,0,,,0,,,,"Y",2,"A","-",21804,"A","N","A","H","-","A","A","0","Y","-","-",0,0,1,0,0,0,0,0,0,"-","-","PLACERVILLE","EL DORADO","CA",0,0
"6298527",0,0,2013,"0900","2","6","3","01",0,1,"A",,,,,"Y",300,11,"E","I","A","RT 50","MISSOURI FLAT RD",900,"E","N","2014-05-05",9245,"2013-11-23",215,"017737",,"3","9","0","1",,"2","120","-","Y","ED",3,50,"-","T",15.34,"H","-","W","Y",1,"A","-",23152,"A","N","A","H","-","C","D","1","Y","A","07",0,1,0,0,0,0,0,0,0,"-","-","UNINCORPORATED","EL DORADO","CA",-120.8372,38.715
"6298216",-120.8450135,38.5779469,2013,"0900","3","7","3","09",0,2,"A",,,,,,1800,12,"D","C","A","RT 49","SAND RIDGE RD",4224,"S","N","2014-05-21",9245,"2013-12-15",1530,"15459",,"2","9","0","1",,"1","135","-","Y","ED",3,49,"-","-",1.95,"H","-","S","Y",2,"A","-",21804,"A","N","A","H","-","A","D","0","Y","D","22",0,1,1,0,0,0,0,0,0,"-","-","UNINCORPORATED","EL DORADO","CA",-120.84503,38.57865
"6298212",-120.79464,38.6929369,2013,"0900","4","1","4","03",0,1,"A",,,,,,1500,12,"C","C","A","PLEASANT VALLEY RD","ZIGGY DR",50,"W","N","2014-05-23",9245,"2013-12-16",1450,"17728",,"2","9","0","2",,"1","041","-","N",,0,0,,,0,,,,"Y",3,"A","-",22350,,"N","A","H","-","A","D","0","Y","D","22",0,0,1,0,0,0,0,0,0,"-","-","UNINCORPORATED","EL DORADO","CA",-120.79445,38.69297
"6298192",-121.000951,38.5795723,2013,"0900","5","1","4","08",0,1,"A",,,,,,900,12,"A","C","A","LATROBE RD","SUNRIDGE MEADOW DR",3696,"S","N","2014-05-27",9245,"2013-12-16",825,"15563",,"1","9","0","3",,"2","003","-","N",,0,0,,,0,,,,"Y",2,"A","-",22107,,"N","A","H","-","A","D","0","Y","E","22",0,0,1,0,0,0,0,0,0,"-","-","UNINCORPORATED","EL DORADO","CA",-121.0011,38.57977
"6298172",-120.8145723,38.7299939,2013,"0901","2","5","4","03",0,1,"A",,,,,,1500,12,"C","C","A","RT 50","PLACERVILLE DR",300,"E","N","2014-05-27",9245,"2013-12-13",1400,"17935",,"2","2","0","1",,"2","120","-","Y","ED",3,50,"-","-",17.05,"H","-","E",,2,"A","-",22350,,"N","A","H","-","A","D","1","Y","D","22",0,0,1,0,0,0,0,0,0,"-","-","PLACERVILLE","EL DORADO","CA",0,0
"6298168",-120.710562,38.7370133,2013,"0900","2","1","3","09",0,2,"A",,,,,,1500,12,"A","C","A","RT 50","CAMINO HEIGHTS DR",0,,"Y","2014-05-27",9245,"2013-12-16",1410,"13279",,"2","9","0","1",,"2","140","-","Y","ED",3,50,"-","-",23.24,"H","-","W","Y",2,"A","-",21801,"A","N","A","H","-","A","A","1","Y","A","01",0,1,1,0,0,0,0,0,0,"-","-","UNINCORPORATED","EL DORADO","CA",0,0
"6296588",-120.7051483,38.6394848,2013,"0900","5","7","4","21",0,1,"A",,,,,,1200,12,"F","I","A","SAND RIDGE RD","PISTACHIO LN",450,"W","N","2014-05-27",9245,"2013-12-08",1110,"16451",,"1","9","0","3",,"2","004","-","N",,0,0,,,0,,,,"Y",1,"A","-",22106,,"N","C","H","-","A","D","0","Y","D","22",0,0,1,0,0,0,0,0,0,"-","-","UNINCORPORATED","EL DORADO","CA",-120.70762,38.63735
"6296363",-120.0379131,38.8378988,2013,"0900","2","6","3","18",0,2,"B",,,,,,1200,11,"E","J","A","RT 50","GUNMOUNT",2640,"W","N","2014-05-22",9246,"2013-11-30",1050,"015992",,"1","9","0","1",,"1","021","-","Y","ED",3,50,"-","-",68.86,"H","-","W","N",1,"C","-",0,,"N","A","H","-","A","D","0","Y","-","-",0,2,0,0,0,0,0,0,0,"-","-","UNINCORPORATED","EL DORADO","CA",0,0
"6296359",-120.0379131,38.8378988,2013,"0900","2","7","3","03",0,1,"A",,,,,,1200,11,"E","I","A","RT 50","GUNMOUNT",2640,"W","N","2014-05-14",9246,"2013-11-24",1135,"010056",,"1","9","0","1",,"1","021","-","Y","ED",3,50,"-","-",68.86,"H","-","W","Y",1,"A","-",22350,,"N","A","B","-","A","D","0","Y","A","01",0,1,0,0,0,0,0,0,0,"-","-","UNINCORPORATED","EL DORADO","CA",-120.0375,38.83716
"6296172",-120.0791114,38.817537,2013,"0900","2","4","3","08",0,1,"A",,,,,,600,12,"F","A","A","RT 50","ALPINE RD",1000,"E","N","2014-05-31",9246,"2013-12-05",333,"18418",,"3","9","0","1",,"1","020","-","Y","ED",3,50,"-","-",63.46,"H","-","E","Y",1,"A","-",22107,,"N","B","H","-","D","D","0","Y","A","07",0,1,0,0,0,0,0,0,0,"-","-","UNINCORPORATED","EL DORADO","CA",0,0
"6295680",-120.126343,39.0171353,2013,"0900","3","3","3","05",0,1,"B",,,,"Y","Y",1500,12,"B","C","A","RT 89","SIERRA DR",315,"N","N","2014-05-21",9246,"2013-12-04",1322,"13807",,"1","9","0","1",,"1","031","-","Y","ED",3,89,"-","-",22.98,"H","-","S","Y",3,"A","-",21460,"A","N","C","H","-","A","A","0","Y","G","25",0,1,0,0,0,0,0,0,0,"-","-","UNINCORPORATED","EL DORADO","CA",0,0
"6295675",-120.7590608,38.7672428,2013,"0900","4","1","4","01",0,1,"A",,,,,"Y",1800,12,"E","I","A","MOSQUITO RD","KONA DR",27,"S","N","2014-05-20",9245,"2013-12-02",1755,"17604",,"2","9","0","2",,"1","023","-","N",,0,0,,,0,,,,"Y",1,"A","-",23152,"A","N","A","H","-","D","D","0","Y","A","07",0,0,1,0,0,0,0,0,0,"-","-","UNINCORPORATED","EL DORADO","CA",-120.75915,38.76716
"6295066",-120.834993,38.6977251,2013,"0900","5","2","4","03",0,1,"A",,,,,,1800,12,"C","C","A","FORNI RD","LINDBERG AV",0,,"Y","2014-05-30",9245,"2013-12-17",1530,"015459",,"2","9","0","3",,"2","003","-","N",,0,0,,,0,,,,"Y",2,"A","-",22350,,"N","A","H","-","A","D","0","Y","A","01",0,0,1,0,0,0,0,0,0,"-","-","UNINCORPORATED","EL DORADO","CA",-120.83484,38.69792
"6294810",-120.2198701,38.7821354,2013,"0900","2","6","3","01",0,1,"A",,,,,"Y",2100,11,"E","I","A","RT 50","WRIGHTS LAKE RD",3168,"W","N","2014-05-16",9245,"2013-11-16",1831,"017089",,"2","9","0","1",,"1","170","-","Y","ED",3,50,"-","-",53.39,"H","-","W","Y",1,"A","-",23152,"A","N","A","H","-","D","D","0","Y","A","01",0,1,0,0,0,0,0,0,0,"-","-","UNINCORPORATED","EL DORADO","CA",-120.22187,38.78277
"6293583",-120.8371787,38.7146955,2013,"0900","2","3","4","03",0,1,"B",,,,,,1800,11,"E","I","A","RT 50","MISSOURI FLAT RD",1000,"E","N","2014-12-09",9245,"2013-11-20",1615,"13028",,"2","9","0","1",,"2","120","C","Y","ED",3,50,"-","R",15.25,"H","-","E","Y",1,"A","-",22350,,"N","B","H","-","C","D","1","Y","A","01",0,0,1,0,0,0,0,0,0,"-","-","UNINCORPORATED","EL DORADO","CA",-120.8374,38.7143
"6293388",-120.8559705,38.7004572,2013,"0900","5","6","3","01",0,1,"A",,,,,"Y",2100,11,"A","I","A","EL DORADO RD","SHARP LN",350,"S","N","2014-05-19",9245,"2013-11-02",1840,"17728",,"2","9","0","3",,"2","003","-","N",,0,0,,,0,,,,"Y",1,"A","-",23152,"A","N","A","H","-","A","D","0","Y","A","01",0,1,0,0,0,0,0,0,0,"-","-","UNINCORPORATED","EL DORADO","CA",-120.85599,38.70068
"6290845",-119.982763,38.9276884,2013,"0902","0","5","1","11",1,0,"A","Y",,,,"Y",2100,2,"G","B","D","LAKE TAHOE BL","BROCKWAY AV",137,"E","N","2015-01-13",902,"2013-02-22",1845,"214","0902","5","3","0","0",,"0","WEST","-","Y","ED",3,50,"-","-",76.98,"H","-","W","Y",2,"A","-",21954,"A","N","A","H","-","D","D","0","Y","N","60",0,0,0,1,0,0,0,0,0,"-","-","SOUTH LAKE TAHOE","EL DORADO","CA",0,0
"6290695",-121.0311666,38.7031912,2013,"0900","4","5","1","01",1,0,"A",,,,,"Y",300,5,"E","I","A","GREEN VALLEY RD","DEER VALLEY RD",88,"E","N","2014-06-26",9245,"2013-05-03",215,"18240",,"3","9","0","2",,"2","011","-","N",,0,0,,,0,,,,"Y",1,"A","-",23152,"A","N","A","H","-","D","D","0","Y","D","22",0,0,0,0,0,0,0,0,0,"-","-","UNINCORPORATED","EL DORADO","CA",-121.03065,38.70301
"6290693",-120.5917504,38.7580716,2013,"0900","4","5","1","01",1,0,"A",,"Y",,,"Y",2400,4,"H","G","A","PONY EXPRESS TRL","PONY BOB DR",195,"W","N","2014-06-26",9245,"2013-04-26",2200,"17728",,"3","9","0","2",,"1","025","-","N",,0,0,,,0,,,,"N",2,"A","-",23152,"A","N","A","H","-","D","D","0","Y","A","07",0,0,0,0,0,1,0,0,0,"-","-","UNINCORPORATED","EL DORADO","CA",-120.59418,38.75721
"6290587",-120.7092045,38.636026,2013,"0900","5","6","1","11",1,0,"A","Y",,,,"Y",600,4,"G","B","E","SANDRIDGE RD","STODICK LN",250,"N","N","2014-05-23",9245,"2013-04-13",417,"17756",,"3","9","0","3",,"2","004","-","N",,0,0,,,0,,,,"Y",2,"A","-",21956,"A","N","A","H","-","D","D","0","Y","N","60",0,0,0,1,0,0,0,0,0,"-","-","UNINCORPORATED","EL DORADO","CA",-120.76912,38.63605