"CASEID","POINT_X","POINT_Y","YEAR_","LOCATION","CHPTYPE","DAYWEEK","CRASHSEV","VIOLCAT","KILLED","INJURED","WEATHER1","PEDCOL","BICCOL","MCCOL","TRUCKCOL","ETOH","TIMECAT","MONTH_","CRASHTYP","INVOLVE","PED","PRIMARYRD","SECONDRD","DISTANCE","DIRECT","INTERSECT_","PROCDATE","JURIS","DATE_","TIME_","BADGE","JURIDIST","SHIFT","POP","SPECIAL","BEATTYPE","LAPDDIV","BEATCLAS","BEATNUMB","WEATHER2","STATEHW","CALTRANC","CALTRAND","STROUTE","ROUTESUF","POSTPRE","POSTMILE","LOCATYPE","RAMP","SIDEHW","TOWAWAY","PARTIES","PCF","VIOLCODE","VIOL","VIOLSUB","HITRUN","ROADSURF","RDCOND1","RDCOND2","LIGHTING","RIGHTWAY","CHPRDTYP","NOTPRIV","STFAULT","CHPFAULT","SEVINJ","OTHERINJ","COP","PEDKILL","PEDINJ","BICKILL","BICINJ","MCKILL","MCINJURE","RAMP1","RAMP2","CITY","COUNTY","STATE","X_CHP","Y_CHP"
"6290317",-120.5794637,38.7175499,2013,"0900","4","6","1","01",1,1,"A",,,,,"Y",1800,11,"E","I","A","SLY PARK RD","DOE VIEW PL",1056,"E","N","2014-04-25",9245,"2013-11-16",1700,"17728",,"2","9","0","2",,"1","043","-","N",,0,0,,,0,,,,"Y",1,"A","-",23152,"A","N","A","H","-","D","D","0","Y","A","01",0,1,0,0,0,0,0,0,0,"-","-","UNINCORPORATED","EL DORADO","CA",-120.58347,38.71404
"6290077",-120.8764125,38.697956,2013,"0900","2","5","1","08",1,0,"A",,,,,,600,10,"E","I","A","RT 50","GREENSTONE RD",3168,"E","N","2014-03-11",9245,"2013-10-18",558,"13463",,"3","9","0","1",,"2","120","-","Y","ED",3,50,"-","R",12.81,"H","-","W","Y",1,"A","-",22107,,"N","A","H","-","D","D","1","Y","D","22",0,0,0,0,0,0,0,0,0,"-","-","UNINCORPORATED","EL DORADO","CA",-120.87387,38.69859
"6290004",-120.6866796,38.7449235,2013,"0900","5","6","1","01",2,0,"A",,,,,"Y",2100,11,"E","I","A","BARKLEY RD","LARSEN DR",2341,"W","N","2014-02-14",9245,"2013-11-09",1910,"17935",,"2","9","0","3",,"2","002","-","N",,0,0,,,0,,,,"Y",1,"A","-",23152,"A","N","A","H","-","D","D","0","Y","A","01",0,0,0,0,0,0,0,0,0,"-","-","UNINCORPORATED","EL DORADO","CA",-120.68394,38.74662
"6289508",-120.7648044,38.7303903,2013,"0901","2","2","4","05",0,1,"A",,,,,,900,12,"E","I","A","RT 50","POINT VIEW DR",1584,"W","N","2014-06-03",9245,"2013-12-03",705,"013279",,"1","2","0","1",,"2","140","-","Y","ED",3,50,"-","-",20.1,"H","-","W","Y",1,"A","-",21650,,"N","C","H","-","A","A","1","Y","A","01",0,0,1,0,0,0,0,0,0,"-","-","PLACERVILLE","EL DORADO","CA",0,0
"6289504",-120.7326874,38.682764,2013,"0900","4","7","4","03",0,2,"A",,,,,,1200,12,"E","I","A","PLEASANT VALLEY RD","GOLD DUST DR",75,"W","N","2014-06-03",9245,"2013-12-08",1145,"17604",,"1","9","0","2",,"1","041","-","N",,0,0,,,0,,,,"Y",1,"A","-",22350,,"N","C","H","-","A","D","0","Y","A","07",0,0,2,0,0,0,0,0,0,"-","-","UNINCORPORATED","EL DORADO","CA",-120.73255,38.68294
"6289148",-120.7855172,38.7318187,2013,"0900","2","7","4","03",0,1,"A",,,,,,900,10,"C","C","A","RT 50","CARSON RD",130,"W","N","2014-04-28",9245,"2013-10-27",855,"015607",,"1","9","0","1",,"2","140","-","Y","ED",3,50,"-","-",18.74,"H","-","E","Y",2,"A","-",22350,,"N","A","H","-","A","D","1","Y","A","01",0,0,1,0,0,0,0,0,0,"-","-","UNINCORPORATED","EL DORADO","CA",-120.6973,38.7401
"6289146",-120.7892854,38.6909587,2013,"0900","4","3","4","03",0,1,"A",,,,,,1500,10,"C","C","A","PLEASANT VALLEY RD","TREVA ANN DR",80,"E","N","2014-04-26",9245,"2013-10-30",1425,"18653",,"2","9","0","2",,"1","037","-","N",,0,0,,,0,,,,"Y",2,"A","-",22350,,"N","A","H","-","A","D","0","Y","A","07",0,0,1,0,0,0,0,0,0,"-","-","UNINCORPORATED","EL DORADO","CA",-120.78949,38.69123
"6289134",-120.7704437,38.7332307,2013,"0900","2","3","3","08",0,1,"A",,,,,,2100,10,"F","I","A","RT 50","SMITH FLAT RD",60,"W","N","2014-04-26",9245,"2013-10-30",1800,"18653",,"2","9","0","1",,"2","140","-","Y","ED",3,50,"-","-",19.59,"H","-","W","Y",1,"A","-",22107,,"N","A","H","-","D","D","1","Y","A","01",0,1,0,0,0,0,0,0,0,"-","-","UNINCORPORATED","EL DORADO","CA",-120.75472,38.73233
"6285423",-120.8451607,38.5766595,2013,"0900","3","7","3","05",0,1,"A",,,,,,1500,10,"F","A","A","RT 49","WALLACE RD",492,"N","N","2014-04-18",9245,"2013-10-27",1245,"13279",,"1","9","0","1",,"1","115","-","Y","ED",3,49,"-","-",1.861,"H","-","N","Y",1,"A","-",21650,,"N","A","H","-","A","A","0","Y","A","01",0,1,0,0,0,0,0,0,0,"-","-","UNINCORPORATED","EL DORADO","CA",-120.0446,38.7573
"6283778",-120.398743,38.9499861,2013,"0900","5","5","3","05",0,1,"A",,,"Y",,,1500,11,"F","A","A","WENTWORTH SPRINGS RD","ICE HOUSE RD",5808,"W","N","2014-05-08",9245,"2013-11-15",1415,"12382",,"2","9","0","3",,"2","002","-","N",,0,0,,,0,,,,"Y",1,"A","-",21650,,"N","A","H","-","A","A","0","Y","C","02",0,1,0,0,0,0,0,0,1,"-","-","UNINCORPORATED","EL DORADO","CA",-120.41078,38.93931
"6283774",-120.9690799,38.6574105,2013,"0900","5","2","2","11",0,1,"B","Y",,,,,1200,11,"G","B","D","CAMERON PARK DR","COACH LN",275,"S","N","2014-05-08",9245,"2013-11-19",1005,"13028",,"1","9","0","3",,"2","003","-","N",,0,0,,,0,,,,"N",2,"A","-",21954,"A","N","A","H","-","A","D","0","Y","N","60",1,0,0,0,1,0,0,0,0,"-","-","UNINCORPORATED","EL DORADO","CA",-120.96917,38.65719
"6281179",-121.0186485,38.864451,2013,"0900","3","6","4","18",0,1,"A",,,"Y",,,2100,11,"H","H","A","RT 49","CATECRAFT LN",528,"S","N","2014-12-02",9245,"2013-11-09",1820,"17604",,"2","9","0","1",,"1","115","-","Y","ED",3,49,"-","-",32.85,"H","-","S","Y",1,"C","-",0,,"N","A","H","-","D","D","0","Y","-","-",0,0,1,0,0,0,0,0,1,"-","-","UNINCORPORATED","EL DORADO","CA",-121.0184,38.86969
"6280499",-120.8012559,38.722994,2013,"0901","0","5","4","05",0,1,"A",,,,,,1500,10,"E","I","A","BIG CUT RD","PHILLIP CT",492,"E","N","2014-04-29",901,"2013-10-18",1436,"288","0901","5","2","0","0",,"0","PP1","-","N",,0,0,,,0,,,,"Y",1,"A","-",21650,,"N","A","H","-","A","D","0","Y","A","01",0,0,1,0,0,0,0,0,0,"-","-","PLACERVILLE","EL DORADO","CA",0,0
"6280319",-121.086193,38.712495,2013,"0900","5","1","4","09",0,1,"B",,,,,,1500,11,"A","C","A","FRANCISCO DR","VILLAGE CENTER DR",0,,"Y","2014-05-07",9245,"2013-11-18",1205,"13929",,"1","9","0","3",,"2","001","-","N",,0,0,,,0,,,,"N",2,"A","-",21453,"C","N","A","H","-","A","A","0","Y","A","07",0,0,1,0,0,0,0,0,0,"-","-","UNINCORPORATED","EL DORADO","CA",-121.08609,38.71249
"6280268",-121.0200697,38.7902431,2013,"0900","4","1","3","18",0,2,"B",,,,,,1500,11,"E","I","A","SALMON FALLS RD","SALMON FALLS CT",1320,"N","N","2014-05-07",9245,"2013-11-11",1240,"13929",,"1","9","0","2",,"2","012","-","N",,0,0,,,0,,,,"Y",1,"C","-",0,,"N","A","H","-","A","D","0","Y","-","-",0,2,0,0,0,0,0,0,0,"-","-","UNINCORPORATED","EL DORADO","CA",-121.6201,38.79008
"6280264",-121.0632193,38.670446,2013,"0900","5","4","3","03",0,1,"B",,,,,,900,11,"C","C","A","SERRANO PKWY","SILVA VALLEY PKWY",200,"E","N","2014-05-05",9245,"2013-11-14",715,"15107",,"1","9","0","3",,"2","001","-","N",,0,0,,,0,,,,"N",2,"A","-",22350,,"N","A","H","-","A","D","0","Y","A","01",0,1,0,0,0,0,0,0,0,"-","-","UNINCORPORATED","EL DORADO","CA",-121.0409,38.3937
"6280260",-120.8924415,38.695365,2013,"0900","2","3","4","18",0,2,"A",,,,,,900,11,"E","H","A","RT 50","GREENSTONE RD",1000,"W","N","2014-05-07",9245,"2013-11-13",635,"13028",,"1","9","0","1",,"2","120","-","Y","ED",3,50,"-","R",12,"H","-","W","N",3,"C","-",0,,"N","A","H","-","A","D","1","Y","-","-",0,0,2,0,0,0,0,0,0,"-","-","UNINCORPORATED","EL DORADO","CA",-120.89,38.69578
"6280256",0,0,2013,"0900","4","2","4","09",0,1,"B",,,,,,1800,11,"D","C","A","EL DORADO HILLS BL","HARVARD WY",0,,"Y","2014-05-05",9245,"2013-11-12",1540,"13929",,"2","9","0","2",,"2","012","-","N",,0,0,,,0,,,,"Y",2,"A","-",21453,"C","N","A","H","-","A","A","0","Y","A","01",0,0,1,0,0,0,0,0,0,"-","-","UNINCORPORATED","EL DORADO","CA",-121.07579,38.6825
"6280252",-120.8828957,38.6959896,2013,"0900","2","7","4","05",0,1,"A",,,,,,1500,11,"E","I","A","RT 50","GREENSTONE RD",1220,"E","N","2014-05-05",9245,"2013-11-10",1313,"13028",,"1","9","0","1",,"2","120","-","Y","ED",3,50,"-","R",12.44,"H","-","E","Y",1,"A","-",21650,,"N","A","H","-","A","D","1","Y","A","01",0,0,1,0,0,0,0,0,0,"-","-","UNINCORPORATED","EL DORADO","CA",-120.88288,38.6959
"6280248",-120.9383554,38.6640853,2013,"0900","4","3","4","21",0,1,"A",,,,,,1200,11,"C","C","A","PONDEROSA RD","NORTH SHINGLE RD",35,"N","N","2014-05-05",9245,"2013-11-13",1100,"11511",,"1","9","0","2",,"1","013","-","N",,0,0,,,0,,,,"N",2,"A","-",22106,,"N","A","H","-","A","A","0","Y","A","07",0,0,1,0,0,0,0,0,0,"-","-","UNINCORPORATED","EL DORADO","CA",-120.93829,38.66398
"6280244",-120.7838147,38.7443618,2013,"0900","4","6","4","05",0,1,"A",,,"Y",,,1200,11,"B","C","A","MOSQUITO RD","PRESCOTT AV",10,"S","N","2014-05-05",9245,"2013-11-16",1155,"12382",,"1","9","0","2",,"1","023","-","N",,0,0,,,0,,,,"Y",2,"A","-",21650,,"N","A","H","-","A","A","0","Y","C","02",0,0,1,0,0,0,0,0,1,"-","-","UNINCORPORATED","EL DORADO","CA",-120.78353,38.74417
"6280207",-120.8052702,38.730622,2013,"0901","0","3","4","03",0,1,"A",,,,,,1800,11,"C","C","A","SPRING ST","COLOMA ST",30,"W","N","2014-05-09",901,"2013-11-06",1535,"199",,"5","2","0","0",,"0","PP1","-","Y","ED",3,49,"-","-",15.05,"H","-","N","N",2,"A","-",22350,,"N","A","H","-","A","D","0","Y","A","01",0,0,1,0,0,0,0,0,0,"-","-","PLACERVILLE","EL DORADO","CA",0,0
"6280148",-120.6543214,38.6391635,2013,"0900","5","3","4","08",0,1,"A",,,"Y",,,2100,11,"F","A","A","GRIZZLY FLAT RD","RODWELL CANYON RD",10,"E","N","2014-12-01",9245,"2013-11-13",1955,"015459",,"2","9","0","3",,"2","004","-","N",,0,0,,,0,,,,"Y",1,"A","-",22107,,"N","A","H","-","A","D","0","Y","C","02",0,0,1,0,0,0,0,0,1,"-","-","UNINCORPORATED","EL DORADO","CA",-120.6545,38.63956
"6278218",-120.8470562,38.6821194,2013,"0900","3","4","4","03",0,1,"A",,,,,,1500,11,"C","C","A","RT 49","PLEASANT VALLEY RD",20,"N","N","2014-05-01",9245,"2013-11-07",1240,"15107",,"1","9","0","1",,"1","135","-","Y","ED",3,49,"-","-",9.65,"H","-","S","Y",2,"A","-",22350,,"N","A","H","-","A","D","0","Y","A","01",0,0,1,0,0,0,0,0,0,"-","-","UNINCORPORATED","EL DORADO","CA",-120.8403,38.68234
"6276692",-120.8877579,38.7091569,2013,"0900","4","5","4","01",0,1,"A",,,,,,1200,11,"B","C","A","GREEN VALLEY RD","GREENSTONE RD",500,"E","N","2014-05-08",9245,"2013-11-22",1042,"016451",,"1","9","0","2",,"2","011","-","N",,0,0,,,0,,,,"Y",2,"A","-",23152,"A","N","A","H","-","A","D","0","Y","A","07",0,0,1,0,0,0,0,0,0,"-","-","UNINCORPORATED","EL DORADO","CA",-120.88752,38.70915
"6276688",-120.860477,38.6918526,2013,"0900","5","4","2","01",0,1,"A",,,"Y",,,1800,11,"E","I","A","EL DORADO RD","MOTHER LODE DR",61,"N","N","2014-05-08",9245,"2013-11-21",1548,"015607",,"2","9","0","3",,"2","003","-","N",,0,0,,,0,,,,"Y",1,"A","-",23152,"A","N","A","H","-","A","D","0","Y","C","02",1,0,0,0,0,0,0,0,1,"-","-","UNINCORPORATED","EL DORADO","CA",-120.86074,38.69197
"6276513",-120.8507177,38.9081918,2013,"0900","3","4","4","01",0,1,"A",,,,,"Y",300,11,"E","I","A","RT 193","GABBY LN",1075,"E","N","2014-12-04",9245,"2013-11-28",215,"012833",,"3","9","0","1",,"1","122","-","Y","ED",3,193,"-","-",11.65,"H","-","E","Y",1,"A","-",23152,"A","N","A","H","-","D","D","0","Y","A","01",0,0,1,0,0,0,0,0,0,"-","-","UNINCORPORATED","EL DORADO","CA",-120.85121,38.9031
"6275920",-120.995083,38.6570531,2013,"0900","2","2","4","03",0,3,"C",,,,,,2100,11,"D","C","A","RT 50","CAMBRIDGE RD",50,"W","N","2014-05-08",9245,"2013-11-19",1935,"016629",,"2","9","0","1",,"2","110","-","Y","ED",3,50,"-","-",4.95,"H","-","E","Y",2,"A","-",22350,,"N","B","H","-","D","D","1","Y","D","22",0,0,3,0,0,0,0,0,0,"-","-","UNINCORPORATED","EL DORADO","CA",-120.99688,38.65666
"6275880",-120.2628578,38.7773449,2013,"0900","2","4","4","01",0,1,"A",,,,,"Y",300,10,"B","C","A","RT 50","MILESTONE MARKER 35",2112,"W","N","2014-04-29",9245,"2013-10-31",0,"018466",,"3","9","0","1",,"1","160","-","Y","ED",3,50,"-","-",50.89,"H","-","W",,2,"A","-",23152,"A","N","A","H","-","D","D","0","Y","A","01",0,0,1,0,0,0,0,0,0,"-","-","UNINCORPORATED","EL DORADO","CA",-120.26427,38.77679
"6275876",-120.6686074,38.7079583,2013,"0900","5","3","2","01",0,1,"B",,,,,"Y",1500,11,"F","A","A","SNOWS RD","TREASURE ROCK LN",500,"N","N","2014-05-08",9245,"2013-11-20",1200,"012382",,"1","9","0","3",,"2","004","C","N",,0,0,,,0,,,,"Y",1,"A","-",23152,"A","N","B","H","-","A","A","0","Y","D","22",1,0,0,0,0,0,0,0,0,"-","-","UNINCORPORATED","EL DORADO","CA",0,0
"6272954",-119.9901588,38.8781181,2013,"0900","4","4","4","08",0,1,"B",,,,,,900,11,"B","C","A","PIONEER TR","GLEN EAGLES RD",528,"S","N","2014-05-13",9246,"2013-11-21",815,"18476",,"1","9","0","2",,"1","024","-","N",,0,0,,,0,,,,"Y",3,"A","-",22107,,"N","C","H","-","A","D","0","Y","A","01",0,0,1,0,0,0,0,0,0,"-","-","UNINCORPORATED","EL DORADO","CA",-119.99014,38.8774
"6272946",-119.9727979,38.8937952,2013,"0900","4","4","4","03",0,4,"D",,,,,,900,11,"A","C","A","PIONEER TR","JICARILLA DR",2112,"E","N","2014-05-22",9246,"2013-11-21",820,"12361","246","1","9","0","2",,"1","024","-","N",,0,0,,,0,,,,"Y",2,"A","-",22350,,"N","C","H","-","A","D","0","Y","D","22",0,0,4,0,0,0,0,0,0,"-","-","UNINCORPORATED","EL DORADO","CA",-119.97266,38.89419
"6272932",-120.7678038,38.6778451,2013,"0900","4","4","4","01",0,1,"A",,,,,"Y",600,11,"E","I","A","PLEASANT VALLEY RD","DOTY LN",209,"E","N","2014-05-14",9245,"2013-11-28",545,"12382",,"3","9","0","2",,"1","041","-","N",,0,0,,,0,,,,"Y",1,"A","-",23152,"A","N","A","H","-","D","A","0","Y","D","22",0,0,1,0,0,0,0,0,0,"-","-","UNINCORPORATED","EL DORADO","CA",-120.76867,38.67791
"6272900",-120.9369728,38.6615949,2013,"0900","4","7","4","00",0,1,"A",,,,"Y",,1200,11,"C","C","A","MOTHER LODE DR","PONDEROSA RD",60,"E","N","2014-05-14",9245,"2013-11-24",930,"13028",,"1","9","0","2",,"1","039","-","N",,0,0,,,0,,,,"N",2,"D","-",0,,"N","A","H","-","A","A","0","Y","-","-",0,0,1,0,0,0,0,0,0,"-","-","UNINCORPORATED","EL DORADO","CA",-120.93707,38.66153
"6268641",-120.623945,38.6284296,2013,"0900","5","7","3","08",0,3,"A",,,,,,300,10,"E","I","A","GRIZZLY FLAT RD","KENDRA WY",218,"N","N","2014-04-30",9245,"2013-10-13",15,"013405",,"3","9","0","3",,"2","004","-","N",,0,0,,,0,,,,"Y",1,"A","-",22107,,"N","A","D","-","D","D","0","Y","D","22",0,3,0,0,0,0,0,0,0,"-","-","UNINCORPORATED","EL DORADO","CA",-120.62686,38.63088
"6264421",-120.6674377,38.5987886,2013,"0900","4","4","3","01",0,1,"A",,,,,"Y",2400,10,"E","I","A","FAIRPLAY RD","MYRICK RD",1056,"N","N","2014-05-02",9245,"2013-10-31",2150,"16465",,"2","9","0","2",,"1","042","-","N",,0,0,,,0,,,,"Y",1,"A","-",23152,"A","N","A","H","-","D","D","0","Y","A","01",0,1,0,0,0,0,0,0,0,"-","-","UNINCORPORATED","EL DORADO","CA",-120.6702,38.60017
"6264026",-120.9772631,38.6675551,2013,"0900","4","1","4","09",0,2,"B",,,,,,1200,10,"D","C","A","CAMERON PARK DR","SUDBURY RD",0,,"Y","2014-04-29",9245,"2013-10-28",1140,"013929",,"1","9","0","2",,"1","015","-","N",,0,0,,,0,,,,"Y",2,"A","-",21802,"A","N","A","H","-","A","A","0","Y","A","07",0,0,2,0,0,0,0,0,0,"-","-","UNINCORPORATED","EL DORADO","CA",-120.97726,38.66753
"6263408",-121.0456031,38.7133251,2013,"0900","4","2","3","03",0,2,"A",,,,,,1500,11,"C","D","A","GREEN VALLEY RD","MALCOLM DIXON RD",0,,"Y","2014-04-29",9245,"2013-11-05",1435,"18653",,"2","9","0","2",,"2","011","-","N",,0,0,,,0,,,,"Y",2,"A","-",22350,,"N","A","H","-","A","D","0","Y","A","07",0,1,1,0,0,0,0,0,0,"-","-","UNINCORPORATED","EL DORADO","CA",-121.04572,38.71336
"6262615",-120.9605663,38.7074267,2013,"0900","4","4","3","01",0,1,"A",,,,,"Y",2100,10,"E","I","A","GREEN VALLEY RD","OAK LANE DR",500,"E","N","2014-04-28",9245,"2013-10-24",2040,"15107",,"2","9","0","2",,"2","011","-","N",,0,0,,,0,,,,"Y",1,"A","-",23152,"A","N","A","H","-","D","D","0","Y","A","01",0,1,0,0,0,0,0,0,0,"-","-","UNINCORPORATED","EL DORADO","CA",-120.5756,38.4227
"6259839",-120.4460331,38.7686768,2013,"0900","2","2","3","03",0,1,"A",,,"Y",,,1500,10,"E","J","A","RT 50","ICE HOUSE RD",1056,"W","N","2014-05-01",9245,"2013-10-22",1348,"013278",,"1","9","0","1",,"2","150","-","Y","ED",3,50,"-","-",39.86,"H","-","E","N",1,"A","-",22350,,"N","A","D","-","A","A","0","Y","C","02",0,1,0,0,0,0,0,0,1,"-","-","UNINCORPORATED","EL DORADO","CA",0,0
"6259835",-121.017166,38.655563,2013,"0900","2","2","3","03",0,1,"A",,,,,,1500,10,"E","I","A","COUNTRY CLUB DR","BASS LAKE RD",3696,"E","N","2014-05-01",9245,"2013-10-22",1245,"018114",,"1","9","0","1",,"2","110","-","N",,0,0,,,0,,,,"Y",1,"A","-",22350,,"N","A","H","-","A","D","0","Y","A","01",0,1,0,0,0,0,0,0,0,"-","-","UNINCORPORATED","EL DORADO","CA",-121.01511,38.01511
"6259831",-120.7588329,38.6890651,2013,"0900","5","1","3","03",0,1,"A",,,,,"Y",2100,10,"A","I","A","CEDAR RAVINE RD","QUARRY RD",0,,"Y","2014-05-01",9245,"2013-10-21",2000,"017935",,"2","9","0","3",,"2","004","-","N",,0,0,,,0,,,,"Y",1,"A","-",22350,,"N","A","H","-","D","D","0","Y","A","01",0,1,0,0,0,0,0,0,0,"-","-","UNINCORPORATED","EL DORADO","CA",-120.76377,38.69022
"6259780",-120.7004366,38.6071991,2013,"0900","4","5","2","01",0,4,"A",,,,,,2100,10,"D","I","A","FAIRPLAY RD","PERRY CREEK",528,"E","N","2014-05-01",9245,"2013-10-18",2005,"016629",,"2","9","0","2",,"1","042","-","N",,0,0,,,0,,,,"Y",2,"A","-",23152,"A","N","A","H","-","D","D","0","Y","A","07",2,2,0,0,0,0,0,0,0,"-","-","UNINCORPORATED","EL DORADO","CA",-120.70098,38.60761
"6259772",-120.7372744,38.7385564,2013,"0900","2","4","3","-",0,1,"A",,,,,,1200,10,"E","I","A","RT 50","STILL MEADOW RD",700,"W","N","2014-05-01",9245,"2013-10-24",1105,"012382",,"1","9","0","1",,"2","140","-","Y","ED",3,50,"-","-",21.73,"H","-","W","Y",1,"A","-",0,,"N","A","H","-","A","A","1","Y","A","01",0,1,0,0,0,0,0,0,0,"-","-","UNINCORPORATED","EL DORADO","CA",-120.7347,38.73592
"6259768",0,0,2013,"0900","5","3","3","08",0,1,"A",,,,,,1500,10,"F","A","A","BASS LAKE RD","SIENNA RIDGE RD",200,"S","N","2014-05-01",9245,"2013-10-23",1240,"013929",,"1","9","0","3",,"2","001","-","N",,0,0,,,0,,,,"Y",1,"A","-",22107,,"N","A","H","-","A","D","0","Y","A","01",0,1,0,0,0,0,0,0,0,"-","-","UNINCORPORATED","EL DORADO","CA",-121.0229,38.66835
"6259764",-121.0701169,38.6532583,2013,"0900","2","2","4","18",0,1,"A",,,,,,2400,10,"H","H","A","RT 50","SILVA VALLEY RD",600,"E","N","2014-05-01",9245,"2013-10-22",2310,"014956",,"3","9","0","1",,"2","110","-","Y","ED",3,50,"-","R",1.77,"H","-","W","Y",1,"C","-",0,,"N","A","H","-","D","D","1","Y","-","-",0,0,1,0,0,0,0,0,0,"-","-","UNINCORPORATED","EL DORADO","CA",-121.05562,38.65801
"6258894",-119.9997628,38.8725051,2013,"0902","5","5","3","09",0,1,"A",,,,"Y",,1500,10,"D","C","A","ELKS CLUB DR","CHERRY HILLS CIR",0,,"Y","2014-04-24",9246,"2013-10-25",1340,"014471",,"1","3","0","3",,"2","200","-","Y",,0,0,,,0,,,,"Y",2,"A","-",21802,"A","N","A","H","-","A","A","0","Y","F","26",0,1,0,0,0,0,0,0,0,"-","-","SOUTH LAKE TAHOE","EL DORADO","CA",-119.99958,38.87249
"6258656",-121.076833,38.7102464,2013,"0900","4","1","4","03",0,1,"A",,,,,,2100,10,"C","C","A","GREEN VALLEY RD","SALMON FALLS RD",528,"E","N","2014-06-19",9245,"2013-10-21",1855,"13929",,"2","9","0","2",,"2","011","-","N",,0,0,,,0,,,,"N",2,"A","-",22350,,"N","A","H","-","D","D","0","Y","D","22",0,0,1,0,0,0,0,0,0,"-","-","UNINCORPORATED","EL DORADO","CA",-121.07742,38.71026
"6258652",-121.0690731,38.6497951,2013,"0900","5","2","4","12",0,1,"A",,,,,,900,10,"D","C","A","LATROBE RD","TOWN CENTER BL",0,,"Y","2014-06-18",9245,"2013-10-22",648,"18114",,"1","9","0","3",,"2","003","-","N",,0,0,,,0,,,,"Y",2,"A","-",21453,"A","N","A","H","-","A","A","0","Y","D","22",0,0,1,0,0,0,0,0,0,"-","-","UNINCORPORATED","EL DORADO","CA",0,0
"6258644",0,0,2013,"0900","5","3","4","03",0,1,"A",,,,"Y",,1500,10,"E","I","A","WINDFIELD WY","WHITE ROCK RD",12,"S","N","2014-04-24",9245,"2013-10-23",1430,"017728",,"2","9","0","3",,"2","003","-","N",,0,0,,,0,,,,"Y",1,"A","-",22350,,"N","A","H","-","A","A","0","Y","G","25",0,0,1,0,0,0,0,0,0,"-","-","UNINCORPORATED","EL DORADO","CA",-121.07072,38.64376
"6258620",-120.747373,38.7424451,2013,"0900","4","5","4","09",0,1,"A",,,,,,1500,11,"A","C","A","CARSON RD","UNION RIDGE RD",0,,"Y","2014-05-07",9245,"2013-11-08",1245,"12382",,"1","9","0","2",,"1","024","-","N",,0,0,,,0,,,,"Y",3,"A","-",21801,"A","N","A","H","-","A","A","0","Y","A","01",0,0,1,0,0,0,0,0,0,"-","-","UNINCORPORATED","EL DORADO","CA",-120.74739,38.74254
"6258600",-120.838343,38.7128852,2013,"0900","2","1","3","03",0,1,"A",,,"Y",,,1500,11,"C","C","A","RT 50","MISSOURI FLAT RD",250,"E","N","2014-05-09",9245,"2013-11-11",1250,"13463",,"1","9","0","1",,"2","120","-","Y","ED",3,50,"-","R",15.078,"R","1","W","Y",2,"A","-",22350,,"N","A","H","-","A","D","1","Y","C","02",0,1,0,0,0,0,0,0,1,"WF","-","UNINCORPORATED","EL DORADO","CA",-120.8395,38.71199
"6258588",-120.9428914,38.6613242,2013,"0900","2","7","3","03",0,5,"A",,,,,,2100,10,"C","C","A","RT 50","PONDEROSA RD",1056,"W","N","2014-04-17",9245,"2013-10-20",2055,"015459",,"2","9","0","1",,"2","110","-","Y","ED",3,50,"-","-",7.95,"H","-","E","Y",2,"A","-",22350,,"N","A","H","-","A","D","1","Y","D","22",0,2,3,0,0,0,0,0,0,"-","-","UNINCORPORATED","EL DORADO","CA",-120.94306,38.66093
"6258584",-120.7385528,38.738165,2013,"0900","2","7","3","07",0,1,"A",,,,,,2500,11,"E","I","A","RT 50","CAMINO HEIGHTS DR",8448,"W","N","2014-05-07",9245,"2013-11-10",2500,"13929",,"4","9","0","1",,"2","140","-","Y","ED",3,50,"-","-",21.64,"H","-","E","Y",1,"A","-",21658,"A","N","A","H","-","D","D","1","Y","D","22",0,1,0,0,0,0,0,0,0,"-","-","UNINCORPORATED","EL DORADO","CA",-120.73892,38.73774
"6256550",-120.8333966,38.6480369,2013,"0900","5","1","3","08",0,1,"A",,,,,,1200,10,"F","A","A","UNION MINE RD","RATTLER RIDGE RD",2245,"N","N","2014-04-28",9245,"2013-10-07",1144,"15607",,"1","9","0","3",,"2","004","-","N",,0,0,,,0,,,,"Y",1,"A","-",22107,,"N","A","H","-","A","D","0","Y","A","07",0,1,0,0,0,0,0,0,0,"-","-","UNINCORPORATED","EL DORADO","CA",-120.83329,38.6497
"6256274",0,0,2013,"0900","4","7","4","03",0,1,"A",,,,,,1500,10,"C","C","A","GREEN VALLEY RD","SOPHIA PARKWAY",68,"W","N","2014-11-14",9245,"2013-10-06",1442,"15607",,"2","9","0","2",,"2","011","-","N",,0,0,,,0,,,,"N",2,"A","-",22350,,"N","A","H","-","A","A","0","Y","A","01",0,0,1,0,0,0,0,0,0,"-","-","UNINCORPORATED","EL DORADO","CA",-121.1072,38.7012
"6255891",-120.7720083,38.6787986,2013,"0900","4","1","4","03",0,2,"A",,,,,,1800,10,"C","C","A","PLEASANT VALLEY RD","OAK HILL RD",250,"W","N","2014-04-23",9245,"2013-10-14",1655,"017728",,"2","9","0","2",,"1","041","-","N",,0,0,,,0,,,,"Y",4,"A","-",22350,,"N","A","H","-","A","D","0","Y","A","08",0,0,2,0,0,0,0,0,0,"-","-","UNINCORPORATED","EL DORADO","CA",-120.7727,38.67925