"CASEID","POINT_X","POINT_Y","YEAR_","LOCATION","CHPTYPE","DAYWEEK","CRASHSEV","VIOLCAT","KILLED","INJURED","WEATHER1","PEDCOL","BICCOL","MCCOL","TRUCKCOL","ETOH","TIMECAT","MONTH_","CRASHTYP","INVOLVE","PED","PRIMARYRD","SECONDRD","DISTANCE","DIRECT","INTERSECT_","PROCDATE","JURIS","DATE_","TIME_","BADGE","JURIDIST","SHIFT","POP","SPECIAL","BEATTYPE","LAPDDIV","BEATCLAS","BEATNUMB","WEATHER2","STATEHW","CALTRANC","CALTRAND","STROUTE","ROUTESUF","POSTPRE","POSTMILE","LOCATYPE","RAMP","SIDEHW","TOWAWAY","PARTIES","PCF","VIOLCODE","VIOL","VIOLSUB","HITRUN","ROADSURF","RDCOND1","RDCOND2","LIGHTING","RIGHTWAY","CHPRDTYP","NOTPRIV","STFAULT","CHPFAULT","SEVINJ","OTHERINJ","COP","PEDKILL","PEDINJ","BICKILL","BICINJ","MCKILL","MCINJURE","RAMP1","RAMP2","CITY","COUNTY","STATE","X_CHP","Y_CHP"
"6255882",-120.7949499,38.7302893,2013,"0901","0","5","4","05",0,2,"A",,,,,,2100,10,"E","I","A","RT 50","BEDFORD AV",1300,"E","N","2014-04-23",901,"2013-10-18",1936,"264","0901","5","2","0","0",,"0","PP2","-","Y","ED",3,50,"-","-",18.28,"H","-","W","Y",1,"A","-",21650,,"N","A","H","-","D","D","0","Y","-","-",0,0,2,0,0,0,0,0,0,"-","-","PLACERVILLE","EL DORADO","CA",0,0
"6255713",-120.7991337,38.7304917,2013,"0901","0","3","4","12",0,1,"A",,,,,,1200,10,"D","C","A","RT 50","BEDFORD AV",0,,"Y","2014-11-12",901,"2013-10-16",932,"261","901","5","2","0","0",,"0","PP1","-","Y","ED",3,50,"-","-",18.032,"I","5","W","N",2,"A","-",21453,"A","N","A","H","-","A","A","0","Y","-","-",0,0,1,0,0,0,0,0,0,"-","-","PLACERVILLE","EL DORADO","CA",0,0
"6255632",-120.8726218,38.8943276,2013,"0900","3","2","4","08",0,1,"A",,,,,,2100,10,"E","I","A","RT 193","LONGVIEW LN",528,"N","N","2014-11-13",9245,"2013-10-15",2000,"15459",,"2","9","0","1",,"1","122","-","Y","ED",3,193,"-","-",9.64,"H","-","W","Y",1,"A","-",22107,,"N","A","H","-","A","D","0","Y","A","01",0,0,1,0,0,0,0,0,0,"-","-","UNINCORPORATED","EL DORADO","CA",-120.87917,38.89362
"6255244",-120.6642187,38.6800381,2013,"0900","5","3","3","01",0,1,"A",,,,,,1500,10,"C","E","A","MOUNT AUKUM RD","SHANGRI LA LN",10,"S","N","2014-05-07",9245,"2013-10-30",1455,"17604",,"2","9","0","3",,"2","004","-","N",,0,0,,,0,,,,"Y",2,"A","-",23152,"A","N","A","D","-","A","A","0","Y","A","01",0,1,0,0,0,0,0,0,0,"-","-","UNINCORPORATED","EL DORADO","CA",-120.66428,38.67995
"6255128",-120.7166038,38.718406,2013,"0901","5","6","3","01",0,2,"A",,,,,,1500,11,"F","I","A","NEWTOWN RD","MEMORY MOUNTAIN RD",382,"E","N","2014-12-01",9245,"2013-11-30",1430,"017756",,"2","2","0","3",,"2","004","-","N",,0,0,,,0,,,,"Y",1,"A","-",23152,"A","N","A","H","-","A","D","0","Y","A","07",0,1,1,0,0,0,0,0,0,"-","-","PLACERVILLE","EL DORADO","CA",-120.71866,38.71883
"6252534",0,0,2013,"0900","4","2","4","09",0,1,"A",,,,,,1200,10,"D","C","A","COLD SPRINGS RD","MARVA LN",0,,"Y","2014-04-23",9245,"2013-10-15",1015,"17604",,"1","9","0","2",,"1","014","-","N",,0,0,,,0,,,,"Y",2,"A","-",21801,"A","N","A","H","-","A","D","0","Y","A","01",0,0,1,0,0,0,0,0,0,"-","-","UNINCORPORATED","EL DORADO","CA",-120.87125,38.74432
"6252531",-120.8727602,38.8437654,2013,"0900","5","2","4","03",0,1,"A",,,,,,1200,10,"C","C","A","MARSHALL RD","CREEK PARK RANCH RD",528,"N","N","2014-04-23",9245,"2013-10-15",950,"018114",,"1","9","0","3",,"2","002","-","N",,0,0,,,0,,,,"Y",3,"A","-",22350,,"N","A","H","-","A","D","0","Y","D","22",0,0,1,0,0,0,0,0,0,"-","-","UNINCORPORATED","EL DORADO","CA",-120.87368,38.84347
"6252530",0,0,2013,"0900","5","4","4","05",0,1,"A",,,,,"Y",2400,10,"E","I","A","SOUTH SHINGLE RD","LATROBE RD",403,"W","N","2014-04-23",9245,"2013-10-17",2230,"016451",,"3","9","0","3",,"2","003","-","N",,0,0,,,0,,,,"Y",1,"A","-",21650,,"N","A","H","-","D","D","0","Y","D","22",0,0,1,0,0,0,0,0,0,"-","-","UNINCORPORATED","EL DORADO","CA",-120.98355,38.55708
"6252061",-121.04132,38.6551056,2013,"0900","2","2","3","01",0,3,"A",,,,"Y","Y",300,10,"B","C","A","RT 50","BASS LAKE RD",2112,"W","N","2014-04-23",9245,"2013-10-15",155,"15609",,"3","9","0","1",,"2","110","-","Y","ED",3,50,"-","R",2.84,"H","-","W","Y",2,"A","-",23152,"A","N","A","D","-","D","D","1","Y","A","01",0,3,0,0,0,0,0,0,0,"-","-","UNINCORPORATED","EL DORADO","CA",-121.03754,38.65468
"6249340",-120.9111029,38.6678278,2013,"0900","4","7","3","01",0,1,"B",,,,,"Y",300,10,"E","I","A","MOTHER LODE DR","RIDGE DR",40,"W","N","2014-04-22",9245,"2013-10-13",130,"016465",,"3","9","0","2",,"1","039","-","N",,0,0,,,0,,,,"Y",1,"A","-",23152,"A","N","A","H","-","D","D","0","Y","A","01",0,1,0,0,0,0,0,0,0,"-","-","UNINCORPORATED","EL DORADO","CA",-120.9111,38.66773
"6248434",0,0,2013,"0900","5","3","2","01",0,1,"A",,,,,"Y",1200,10,"D","C","A","WHITE ROCK RD","VALLEY VIEW DR",860,"E","N","2014-04-21",9245,"2013-10-16",1020,"11511",,"1","9","0","3",,"2","003","-","N",,0,0,,,0,,,,"Y",2,"A","-",23152,"A","N","A","H","-","A","D","0","Y","A","07",1,0,0,0,0,0,0,0,0,"-","-","UNINCORPORATED","EL DORADO","CA",-121.05833,38.65096
"6248419",-120.9283824,38.6721812,2013,"0900","4","5","2","01",0,1,"A",,,,,"Y",600,10,"F","I","A","NORTH SHINGLE RD","EASTVIEW DR",295,"N","N","2014-11-13",9245,"2013-10-11",320,"16451",,"3","9","0","2",,"1","013","-","N",,0,0,,,0,,,,"Y",1,"A","-",23152,"A","N","A","H","-","D","D","0","Y","A","01",1,0,0,0,0,0,0,0,0,"-","-","UNINCORPORATED","EL DORADO","CA",-120.92804,38.47284
"6248383",-120.859223,38.7182651,2013,"0900","4","3","4","03",0,1,"A",,,,,,1500,10,"C","C","A","MISSOURI FLAT RD","LIFE WAY",642,"W","N","2014-07-02",9245,"2013-10-09",1430,"17604",,"2","9","0","2",,"2","011","-","N",,0,0,,,0,,,,"Y",2,"A","-",22350,,"N","A","H","-","A","D","0","Y","A","01",0,0,1,0,0,0,0,0,0,"-","-","UNINCORPORATED","EL DORADO","CA",-120.85932,38.71828
"6247536",-120.9324443,38.7485528,2013,"0900","4","1","4","03",0,2,"A",,,,,,1800,10,"C","C","A","LOTUS RD","SPRINGVALE RD",75,"S","N","2014-07-02",9245,"2013-10-14",1705,"15459",,"2","9","0","2",,"1","013","-","N",,0,0,,,0,,,,"N",2,"A","-",22350,,"N","A","H","-","A","D","0","Y","D","22",0,0,2,0,0,0,0,0,0,"-","-","UNINCORPORATED","EL DORADO","CA",-120.93242,38.74862
"6244477",-120.8270151,38.6876468,2013,"0900","5","6","4","01",0,1,"A",,,,,"Y",2100,10,"A","I","A","PATTERSON DR","PATTERSON CT",200,"S","N","2014-04-21",9245,"2013-10-05",1905,"17737",,"2","9","0","3",,"2","003","-","N",,0,0,,,0,,,,"Y",1,"A","-",23152,"A","N","A","H","-","D","D","0","Y","A","01",0,0,1,0,0,0,0,0,0,"-","-","UNINCORPORATED","EL DORADO","CA",-120.8266,38.687
"6244406",-121.0079031,38.6902288,2013,"0900","5","5","4","08",0,1,"A",,,,,,2400,10,"E","I","A","BASS LAKE RD","GATEWAY DR",46,"S","N","2014-04-19",9245,"2013-10-04",2320,"18466",,"3","9","0","3",,"2","001","-","N",,0,0,,,0,,,,"Y",1,"A","-",22107,,"N","A","H","-","D","D","0","Y","A","01",0,0,1,0,0,0,0,0,0,"-","-","UNINCORPORATED","EL DORADO","CA",-121.00761,38.69029
"6244402",-120.5574333,38.7515966,2013,"0900","4","1","3","05",0,1,"A",,,,,,1500,10,"E","I","A","SLY PARK RD","ONYX TRL",154,"N","N","2014-04-19",9245,"2013-10-07",1338,"13279",,"1","9","0","2",,"1","043","-","N",,0,0,,,0,,,,"Y",1,"A","-",21650,,"N","A","H","-","A","A","0","Y","A","07",0,1,0,0,0,0,0,0,0,"-","-","UNINCORPORATED","EL DORADO","CA",-120.557,38.7628
"6244385",0,0,2013,"0900","5","4","3","03",0,1,"-",,,,,"Y",2400,10,"F","A","A","FAIRPLAY RD","FOXTAIL RD",240,"W","N","2014-04-18",9245,"2013-10-03",2330,"18466",,"3","9","0","3",,"2","004","-","N",,0,0,,,0,,,,"Y",1,"A","-",22350,,"N","A","H","-","D","D","0","Y","A","01",0,1,0,0,0,0,0,0,0,"-","-","UNINCORPORATED","EL DORADO","CA",-120.66936,38.60018
"6244173",-121.1039773,38.7028242,2013,"0900","4","4","4","04",0,1,"A",,,,,,900,9,"C","C","A","GREEN VALLEY RD","AMY'S LN",350,"E","N","2014-10-30",9245,"2013-09-26",855,"17604",,"1","9","0","2",,"2","011","-","N",,0,0,,,0,,,,"Y",2,"A","-",21703,,"N","A","H","-","A","D","0","Y","A","01",0,0,1,0,0,0,0,0,0,"-","-","UNINCORPORATED","EL DORADO","CA",-121.1043,38.70265
"6243106",-120.0316647,38.8129844,2013,"0900","2","5","3","08",0,1,"A",,,,,,1200,9,"E","I","A","RT 50","ECHO SUMMIT RD",528,"E","N","2014-04-14",9246,"2013-09-06",1053,"14478",,"1","9","0","1",,"1","021","-","Y","ED",3,50,"-","-",66.65,"H","-","E","Y",2,"A","-",22107,,"N","A","H","-","A","D","0","Y","A","01",0,1,0,0,0,0,0,0,0,"-","-","UNINCORPORATED","EL DORADO","CA",-120.02865,38.81374
"6243105",-120.0078749,38.8615236,2013,"0900","4","5","3","03",0,1,"A",,,"Y",,,1800,9,"C","C","A","PIONEER TRL","SOUTHERN PINES DR",30,"S","N","2014-04-14",9246,"2013-09-27",1610,"18916",,"2","9","0","2",,"1","024","-","N",,0,0,,,0,,,,"Y",2,"A","-",22350,,"N","A","H","-","A","D","0","Y","C","02",0,1,0,0,0,0,0,0,1,"-","-","UNINCORPORATED","EL DORADO","CA",-120.00786,38.86168
"6243104",-120.1235235,38.8062912,2013,"0900","2","5","4","03",0,1,"A",,,"Y",,,1200,9,"F","A","A","RT 50","TWIN BRIDGES TRACT",200,"W","N","2014-04-14",9246,"2013-09-27",915,"15992",,"1","9","0","1",,"1","021","-","Y","ED",3,50,"-","-",60.27,"H","-","E","Y",1,"A","-",22350,,"N","A","H","-","A","A","0","Y","C","02",0,0,1,0,0,0,0,0,1,"-","-","UNINCORPORATED","EL DORADO","CA",0,0
"6242707",-120.850177,38.7228107,2013,"0900","4","1","4","03",0,1,"B",,,,,,1500,10,"B","C","A","GREEN VALLEY RD","EL DORADO RD",250,"E","N","2014-04-24",9245,"2013-10-28",1450,"017728",,"2","9","0","2",,"2","011","-","N",,0,0,,,0,,,,"Y",2,"A","-",22350,,"N","B","H","-","A","D","0","Y","D","22",0,0,1,0,0,0,0,0,0,"-","-","UNINCORPORATED","EL DORADO","CA",-120.85029,38.7728
"6242261",-120.2329311,38.783597,2013,"0900","2","2","4","03",0,2,"A",,,,,,1200,10,"C","C","A","RT 50","KYBURZ DR",18480,"E","N","2014-04-30",9245,"2013-10-08",1045,"013279",,"1","9","0","1",,"1","160","-","N",,0,0,,,0,,,,"Y",3,"A","-",22350,,"N","A","D","-","A","A","0","Y","D","22",0,0,2,0,0,0,0,0,0,"-","-","UNINCORPORATED","EL DORADO","CA",-120.24141,38.70109
"6241564",-120.9401782,38.7141304,2013,"0900","5","7","3","01",0,1,"A",,,,,"Y",300,10,"F","I","A","GREEN VALLEY RD","ROSE SPRINGS LN",200,"W","N","2014-04-25",9245,"2013-10-06",135,"13405",,"3","9","0","3",,"2","001","-","N",,0,0,,,0,,,,"Y",1,"A","-",23152,"A","N","A","H","-","D","D","0","Y","A","07",0,1,0,0,0,0,0,0,0,"-","-","UNINCORPORATED","EL DORADO","CA",0,0
"6239786",-120.7703146,38.9252581,2013,"0900","5","7","3","08",0,1,"A",,,,,,300,10,"E","I","A","WENTWORTH SPRINGS RD","ROWDY RD",600,"W","N","2014-04-25",9245,"2013-10-06",5,"16465",,"3","9","0","3",,"2","002","-","N",,0,0,,,0,,,,"Y",1,"A","-",22107,,"N","A","H","-","D","D","0","Y","A","07",0,1,0,0,0,0,0,0,0,"-","-","UNINCORPORATED","EL DORADO","CA",-120.76357,38.92742
"6239676",0,0,2013,"0900","5","2","3","01",0,1,"A",,,,,,2400,9,"E","I","A","SILVA VALLEY PKWY","ESTRADA ST",105,"S","N","2014-04-15",9245,"2013-09-03",2130,"17728",,"2","9","0","3",,"2","001","-","N",,0,0,,,0,,,,"Y",1,"A","-",23152,"A","N","A","H","-","D","A","0","Y","A","01",0,1,0,0,0,0,0,0,0,"-","-","UNINCORPORATED","EL DORADO","CA",-121.0595,38.6623
"6237878",-119.9969276,38.8660394,2013,"0900","4","3","3","03",0,1,"B",,,,,,1200,10,"E","I","A","PIONEER TRL","PLAYER DR",150,"E","N","2014-04-17",9246,"2013-10-09",1050,"15992",,"1","9","0","2",,"1","024","C","N",,0,0,,,0,,,,,1,"A","-",22350,,"N","B","H","-","A","D","0","Y","A","01",0,1,0,0,0,0,0,0,0,"-","-","UNINCORPORATED","EL DORADO","CA",0,0
"6236339",-121.0204458,38.6978268,2013,"0900","4","1","3","05",0,1,"B",,,,,,1800,9,"A","C","A","GREEN VALLEY RD","BASS LAKE RD",3696,"W","N","2014-04-19",9245,"2013-09-30",1630,"13929",,"2","9","0","2",,"2","011","-","N",,0,0,,,0,,,,"Y",3,"A","-",21460,"A","N","A","D","-","A","D","0","Y","A","07",0,1,0,0,0,0,0,0,0,"-","-","UNINCORPORATED","EL DORADO","CA",-121.02016,38.69785
"6236335",0,0,2013,"0900","5","4","3","05",0,1,"A",,,"Y",,,1500,9,"F","A","A","MORMON EMIGRANT TRL","USFS ROAD 10N50F",50,"E","N","2014-04-19",9245,"2013-09-26",1320,"12382",,"1","9","0","3",,"2","004","B","N",,0,0,,,0,,,,"N",1,"A","-",21650,,"N","A","H","-","A","A","0","Y","C","02",0,1,0,0,0,0,0,0,1,"-","-","UNINCORPORATED","EL DORADO","CA",-120.23974,38.63814
"6236331",-121.0765007,38.6832731,2013,"0900","4","4","4","03",0,7,"A",,,,,,1800,9,"C","C","A","EL DORADO HILLS BL","GOVERNOR DR",1584,"S","N","2014-04-19",9245,"2013-09-26",1515,"17737",,"2","9","0","2",,"2","012","-","N",,0,0,,,0,,,,"Y",5,"A","-",22350,,"N","A","H","-","A","D","0","Y","A","07",0,0,7,0,0,0,0,0,0,"-","-","UNINCORPORATED","EL DORADO","CA",-121.0245,38.6762
"6236327",-120.9922029,38.6897929,2013,"0900","4","4","2","08",0,1,"A",,"Y",,,,1200,9,"H","G","A","CAMERON PARK DR","ALHAMBRA DR",545,"N","N","2014-04-19",9245,"2013-09-26",1155,"17604",,"1","9","0","2",,"1","015","-","N",,0,0,,,0,,,,"N",2,"A","-",22107,,"N","A","H","-","A","D","0","Y","M","47",1,0,0,0,0,0,1,0,0,"-","-","UNINCORPORATED","EL DORADO","CA",-120.99211,38.68989
"6236323",-120.8904151,38.8363619,2013,"0900","4","6","2","03",0,1,"C",,,,,,900,9,"A","C","A","MARSHALL RD","WIDOWMAKER RD",2112,"W","N","2014-04-19",9245,"2013-09-21",644,"13463",,"1","9","0","2",,"1","021","-","N",,0,0,,,0,,,,"Y",2,"A","-",22350,,"N","B","H","-","B","D","0","Y","A","01",1,0,0,0,0,0,0,0,0,"-","-","UNINCORPORATED","EL DORADO","CA",-120.85938,38.85407
"6236238",-120.985923,38.6846251,2013,"0900","4","5","4","09",0,3,"A",,,,,,900,10,"D","C","A","CAMERON PARK DR","MIRA LOMA DR",0,,"Y","2014-05-05",9245,"2013-10-04",723,"17604",,"1","9","0","2",,"1","015","-","N",,0,0,,,0,,,,"Y",2,"A","-",21802,"A","N","A","H","-","A","A","0","Y","A","01",0,0,3,0,0,0,0,0,0,"-","-","UNINCORPORATED","EL DORADO","CA",-120.98616,38.68461
"6236234",0,0,2013,"0900","4","5","2","09",0,1,"A",,,,,,1500,10,"D","C","A","EL DORADO HILLS BL","HARVARD WY",0,,"Y","2014-05-05",9245,"2013-10-04",1255,"17604",,"1","9","0","2",,"2","012","-","N",,0,0,,,0,,,,"Y",2,"A","-",21453,"C","N","A","H","-","A","A","0","Y","A","01",1,0,0,0,0,0,0,0,0,"-","-","UNINCORPORATED","EL DORADO","CA",-121.07593,38.68202
"6236226",-120.9573699,38.60587,2013,"0900","4","3","3","08",0,1,"A",,,,,,900,10,"E","I","A","SOUTH SHINGLE RD","ARENA LN",90,"S","N","2014-05-05",9245,"2013-10-02",825,"011511",,"1","9","0","2",,"1","032","-","N",,0,0,,,0,,,,"Y",1,"A","-",22107,,"N","A","H","-","A","D","0","Y","D","22",0,1,0,0,0,0,0,0,0,"-","-","UNINCORPORATED","EL DORADO","CA",-120.95757,38.60536
"6234468",-120.9385494,38.6657585,2013,"0900","5","5","4","03",0,2,"A",,,,,,1500,9,"C","C","A","PONDEROSA RD","DEELANE RD",210,"S","N","2014-04-10",9245,"2013-09-06",1405,"17604",,"2","9","0","3",,"2","001","-","N",,0,0,,,0,,,,"Y",4,"A","-",22350,,"N","A","H","-","A","D","0","Y","A","01",0,0,2,0,0,0,0,0,0,"-","-","UNINCORPORATED","EL DORADO","CA",-120.93865,38.66557
"6232078",-120.9686308,38.6593675,2013,"0900","2","6","4","01",0,1,"A",,,,,"Y",1500,10,"C","D","A","RT 50","CAMERON PARK DR",105,"E","N","2014-04-17",9245,"2013-10-12",1205,"011511",,"1","9","0","1",,"2","110","-","Y","ED",3,50,"-","-",6.59,"H","-","E","Y",2,"A","-",23152,"A","N","A","H","-","A","D","1","Y","D","22",0,0,1,0,0,0,0,0,0,"-","-","UNINCORPORATED","EL DORADO","CA",0,0
"6228697",-120.833312,38.7208312,2013,"0901","0","4","4","09",0,1,"A",,,,,,1200,9,"D","C","A","PLACERVILLE DR","FORNI RD",48,"N","N","2014-04-16",901,"2013-09-26",1129,"237","0901","5","2","0","0",,"0","PP1","-","N",,0,0,,,0,,,,"Y",2,"A","-",21804,"A","N","A","H","-","A","A","0","Y","-","-",0,0,1,0,0,0,0,0,0,"-","-","PLACERVILLE","EL DORADO","CA",0,0
"6228693",-120.773523,38.7341152,2013,"0901","0","7","2","11",0,1,"A","Y",,,,"Y",2100,9,"G","B","E","SCHNELL SCHOOL RD","RT 50",35,"S","N","2014-04-16",901,"2013-09-15",1943,"288","0901","5","2","0","0",,"0","PP2","-","Y","ED",3,50,"-","-",19.353,"R","4","W","N",2,"A","-",21954,"A","N","A","H","-","D","D","0","Y","N","60",1,0,0,0,1,0,0,0,0,"-","SO","PLACERVILLE","EL DORADO","CA",0,0
"6228689",-120.9157266,38.6797442,2013,"0901","0","3","4","03",0,1,"A",,,,,,900,9,"C","C","A","RT 50","SPRING ST",45,"E","N","2014-04-16",901,"2013-09-25",750,"199",,"5","2","0","0",,"0","PP1","-","Y","ED",3,50,"-","R",10.3,"H","-","W","Y",2,"A","-",22350,,"N","A","H","-","A","A","0","Y","-","-",0,0,1,0,0,0,0,0,0,"-","-","PLACERVILLE","EL DORADO","CA",0,0
"6227151",-121.0767368,38.6507724,2013,"0900","5","2","2","12",0,2,"A",,,,,,1800,9,"E","I","A","LATROBE RD","RT 50",0,,"Y","2014-04-07",9245,"2013-09-24",1620,"018114",,"2","9","0","3",,"2","003","-","Y","ED",3,50,"-","-",0.598,"R","4","E","Y",2,"A","-",21453,"A","N","A","H","-","A","A","1","Y","A","01",1,0,1,0,0,0,0,0,0,"-","-","UNINCORPORATED","EL DORADO","CA",-121.06977,38.65152
"6227150",-120.8702193,38.7777947,2013,"0900","3","2","4","08",0,1,"A",,,"Y",,,1800,9,"E","I","A","RT 49","RIVERWOOD DR",50,"S","N","2014-04-07",9245,"2013-09-24",1530,"017728",,"2","9","0","1",,"1","115","-","Y","ED",3,49,"-","-",20.26,"H","-","N","Y",1,"A","-",22107,,"N","A","H","-","A","D","0","Y","C","02",0,0,1,0,0,0,0,0,1,"-","-","UNINCORPORATED","EL DORADO","CA",-120.86915,38.77521
"6227149",-120.6663361,38.6849136,2013,"0900","4","6","4","05",0,2,"A",,,,,,2400,9,"E","I","A","PLEASANT VALLEY RD","ALAMEDIA RD",528,"W","N","2014-04-07",9245,"2013-09-28",2215,"018466",,"3","9","0","2",,"1","041","-","N",,0,0,,,0,,,,"Y",1,"A","-",21650,,"N","A","H","-","D","D","0","Y","A","01",0,0,2,0,0,0,0,0,0,"-","-","UNINCORPORATED","EL DORADO","CA",-120.67399,38.69171
"6222199",-120.666393,38.7385351,2013,"0900","4","4","3","09",0,1,"A",,"Y",,,,1200,9,"D","G","A","CARSON RD","PONY EXPRESS TRL",0,,"Y","2014-11-05",9245,"2013-09-05",900,"012382",,"1","9","0","2",,"1","024","-","N",,0,0,,,0,,,,"N",2,"A","-",21801,"A","N","A","H","-","A","A","0","Y","A","01",0,1,0,0,0,0,1,0,0,"-","-","UNINCORPORATED","EL DORADO","CA",-120.6664,38.73857
"6219516",-120.7661928,38.7304141,2013,"0900","2","7","4","01",0,1,"A",,,,,"Y",1800,9,"C","C","A","RT 50","POINT VIEW DR",1584,"W","N","2014-04-09",9245,"2013-09-29",1734,"015607",,"2","9","0","1",,"2","140","-","Y","ED",3,50,"-","-",20,"H","-","W","N",2,"A","-",23152,"A","N","A","H","-","A","D","1","Y","A","01",0,0,1,0,0,0,0,0,0,"-","-","UNINCORPORATED","EL DORADO","CA",-120.7651,38.73029
"6218702",-120.811913,38.7031152,2013,"0900","3","6","4","01",0,1,"B",,,,,"Y",300,9,"E","I","A","RT 49","TRUCK ST",158,"N","N","2014-04-28",9245,"2013-09-21",20,"012833",,"3","9","0","1",,"1","135","-","Y","ED",3,49,"-","-",12.49,"H","-","S","Y",1,"A","-",23152,"A","N","A","H","-","D","D","0","Y","A","07",0,0,1,0,0,0,0,0,0,"-","-","UNINCORPORATED","EL DORADO","CA",-120.81245,38.70378
"6218698",-120.665774,38.7389389,2013,"0900","4","3","3","01",0,1,"A",,,,,"Y",2100,9,"E","I","A","PONY EXPRESS TRL","CARSON RD",232,"E","N","2014-04-28",9245,"2013-09-18",1827,"015607",,"2","9","0","2",,"1","025","-","N",,0,0,,,0,,,,"Y",1,"A","-",23152,"A","N","A","H","-","A","D","0","Y","A","01",0,1,0,0,0,0,0,0,0,"-","-","UNINCORPORATED","EL DORADO","CA",-120.66553,38.73899
"6216089",0,0,2013,"0900","5","5","2","01",0,2,"A",,,,,"Y",1800,9,"E","I","A","BRYANT SPRINGS RD","UNION VALLEY RESERVOIR DAM",3168,"N","N","2014-04-08",9245,"2013-09-06",1500,"016629",,"2","9","0","3",,"2","002","-","N",,0,0,,,0,,,,"Y",1,"A","-",23152,"A","N","A","H","-","A","D","0","Y","A","07",1,1,0,0,0,0,0,0,0,"-","-","UNINCORPORATED","EL DORADO","CA",-120.4425,38.8764
"6216085",0,0,2013,"0900","4","1","3","01",0,1,"A",,,,,"Y",2100,9,"E","I","A","SLY PARK RD","FOUR SPRINGS TRL",1056,"N","N","2014-04-08",9245,"2013-09-09",2025,"015459",,"2","9","0","2",,"1","043","-","N",,0,0,,,0,,,,"Y",1,"A","-",23152,"A","N","A","H","-","D","D","0","Y","A","01",0,1,0,0,0,0,0,0,0,"-","-","UNINCORPORATED","EL DORADO","CA",-120.63619,38.68154
"6214525",-120.8181253,38.9156215,2013,"0900","5","7","3","01",0,1,"A",,,,,"Y",2400,9,"F","A","A","WENTWORTH SPRINGS RD","CITABRIA LN",2640,"E","N","2014-04-14",9245,"2013-09-22",2300,"14956",,"3","9","0","3",,"2","002","-","N",,0,0,,,0,,,,"Y",1,"A","-",23152,"A","N","A","H","-","D","D","0","Y","D","22",0,1,0,0,0,0,0,0,0,"-","-","UNINCORPORATED","EL DORADO","CA",-120.82044,38.91208
"6214521",-120.9083431,38.8892906,2013,"0900","5","7","2","01",0,1,"A",,,,,"Y",2100,9,"F","A","A","GREENWOOD RD","DAM CREEK RD S",210,"N","N","2014-04-14",9245,"2013-09-22",1930,"15607",,"2","9","0","3",,"2","002","-","N",,0,0,,,0,,,,"Y",1,"A","-",23152,"A","N","A","H","-","B","D","0","Y","D","22",1,0,0,0,0,0,0,0,0,"-","-","UNINCORPORATED","EL DORADO","CA",-120.9082,38.8892
"6214517",-120.6949743,38.7398611,2013,"0900","2","2","3","01",0,1,"B",,,,,"Y",2400,8,"B","C","A","RT 50","CEDAR GROVE",1056,"E","N","2014-04-01",9245,"2013-08-27",2105,"018624","9245","2","9","0","1",,"2","140","-","Y","ED",3,50,"-","R",26.17,"H","-","W","Y",2,"A","-",23152,"A","N","A","H","-","D","D","1","Y","D","22",0,1,0,0,0,0,0,0,0,"-","-","UNINCORPORATED","EL DORADO","CA",-120.66117,38.74271
"6214081",-120.8470836,38.5943839,2013,"0900","3","3","3","01",0,1,"A",,,,,,1800,9,"E","I","A","RT 49","UNION MINE RD",30,"N","N","2014-04-12",9245,"2013-09-04",1555,"13028",,"2","9","0","1",,"1","135","-","Y","ED",3,49,"-","-",3.1,"H","-","S","Y",1,"A","-",23152,"A","N","A","H","-","A","D","0","Y","A","07",0,1,0,0,0,0,0,0,0,"-","-","UNINCORPORATED","EL DORADO","CA",-120.84695,38.59432
"6213614",-121.0720832,38.6526018,2013,"0900","2","2","4","03",0,2,"A",,,,,,900,9,"C","C","A","RT 50","LATROBE RD",300,"W","N","2014-04-08",9245,"2013-09-17",750,"17604",,"1","9","0","1",,"2","110","-","Y","ED",3,50,"-","-",0.8,"H","-","W","Y",3,"A","-",22350,,"N","A","H","-","A","D","1","Y","D","22",0,0,2,0,0,0,0,0,0,"-","-","UNINCORPORATED","EL DORADO","CA",-121.07167,38.65457
"6212716",-120.843883,38.7089752,2013,"0900","4","1","4","09",0,3,"A",,,,,,1200,8,"D","C","A","MISSOURI FLAT RD","RT 50",0,,"Y","2014-03-28",9245,"2013-08-12",1105,"013603",,"1","9","0","2",,"2","011","-","Y","ED",3,50,"-","R",14.854,"R","4","W","Y",2,"A","-",21453,"C","N","A","H","-","A","A","1","Y","A","01",0,0,3,0,0,0,0,0,0,"-","-","UNINCORPORATED","EL DORADO","CA",-120.83978,38.71159
"6212653",-120.9746637,38.6595533,2013,"0900","2","1","3","01",0,2,"B",,,,,,1200,8,"E","I","A","RT 50","CAMERON PARK DR",1000,"W","N","2014-03-28",9245,"2013-08-19",1004,"14424",,"1","9","0","1",,"2","120","-","Y","ED",3,50,"-","-",6.38,"H","-","W","Y",1,"A","-",23152,"A","N","A","H","-","A","D","1","Y","A","01",0,1,1,0,0,0,0,0,0,"-","-","UNINCORPORATED","EL DORADO","CA",-120.98059,38.65917