"CASEID","POINT_X","POINT_Y","YEAR_","LOCATION","CHPTYPE","DAYWEEK","CRASHSEV","VIOLCAT","KILLED","INJURED","WEATHER1","PEDCOL","BICCOL","MCCOL","TRUCKCOL","ETOH","TIMECAT","MONTH_","CRASHTYP","INVOLVE","PED","PRIMARYRD","SECONDRD","DISTANCE","DIRECT","INTERSECT_","PROCDATE","JURIS","DATE_","TIME_","BADGE","JURIDIST","SHIFT","POP","SPECIAL","BEATTYPE","LAPDDIV","BEATCLAS","BEATNUMB","WEATHER2","STATEHW","CALTRANC","CALTRAND","STROUTE","ROUTESUF","POSTPRE","POSTMILE","LOCATYPE","RAMP","SIDEHW","TOWAWAY","PARTIES","PCF","VIOLCODE","VIOL","VIOLSUB","HITRUN","ROADSURF","RDCOND1","RDCOND2","LIGHTING","RIGHTWAY","CHPRDTYP","NOTPRIV","STFAULT","CHPFAULT","SEVINJ","OTHERINJ","COP","PEDKILL","PEDINJ","BICKILL","BICINJ","MCKILL","MCINJURE","RAMP1","RAMP2","CITY","COUNTY","STATE","X_CHP","Y_CHP"
"6211360",-120.9366918,38.6606415,2013,"0900","4","6","4","03",0,1,"A",,,,,,1200,9,"C","C","A","SOUTH SHINGLE RD","DUROCK CT",160,"S","N","2014-04-02",9245,"2013-09-07",1000,"011511",,"1","9","0","2",,"1","032","-","N",,0,0,,,0,,,,"N",2,"A","-",22350,,"N","A","H","-","A","D","0","Y","A","07",0,0,1,0,0,0,0,0,0,"-","-","UNINCORPORATED","EL DORADO","CA",-120.9367,38.66058
"6211296",-120.847393,38.716955,2013,"0900","4","7","4","00",0,1,"A",,,,,,1500,9,"D","C","A","MISSOURI FLAT RD","EL DORADO RD",0,,"Y","2014-04-02",9245,"2013-09-08",1215,"013839",,"1","9","0","2",,"2","011","-","N",,0,0,,,0,,,,"Y",2,"D","-",0,,"N","A","H","-","A","A","0","Y","-","-",0,0,1,0,0,0,0,0,0,"-","-","UNINCORPORATED","EL DORADO","CA",-120.84735,38.71702
"6210641",-121.0749131,38.6516652,2013,"0900","2","7","3","03",0,1,"B",,,"Y",,,1200,9,"F","A","A","RT 50","EL DORADO HILLS BL",100,"W","N","2014-04-17",9245,"2013-09-01",930,"013929",,"1","9","0","1",,"2","110","-","Y","ED",3,50,"-","-",0.686,"R","2","W","Y",1,"A","-",22350,,"N","A","H","-","A","D","1","Y","C","02",0,1,0,0,0,0,0,0,1,"WO","-","UNINCORPORATED","EL DORADO","CA",-121.07136,38.65379
"6210068",-120.6239473,38.7498288,2013,"0900","4","7","2","08",0,1,"A",,,,,,1200,8,"E","I","A","PONY EXPRESS TRL","ANDREWS LN",659,"W","N","2014-04-01",9245,"2013-08-04",1025,"013603",,"1","9","0","2",,"1","025","-","N",,0,0,,,0,,,,"Y",1,"A","-",22107,,"N","A","H","-","A","D","0","Y","A","07",1,0,0,0,0,0,0,0,0,"-","-","UNINCORPORATED","EL DORADO","CA",-120.62782,38.74933
"6209747",-120.8198574,38.8227701,2013,"0900","3","7","3","05",0,1,"A",,,"Y",,,1500,9,"F","A","A","RT 193","CHICKEN FLAT RD",1056,"E","N","2014-04-07",9245,"2013-09-15",1215,"013279",,"1","9","0","1",,"1","122","-","Y","ED",3,193,"-","-",18.61,"H","-","E","Y",1,"A","-",21650,,"N","A","H","-","A","A","0","Y","C","02",0,1,0,0,0,0,0,0,1,"-","-","UNINCORPORATED","EL DORADO","CA",-120.81995,38.82559
"6209743",0,0,2013,"0900","4","6","3","05",0,1,"B",,,"Y",,,600,9,"F","A","A","NEWTOWN RD","BARRAGAN CT",150,"E","N","2014-04-07",9245,"2013-09-21",535,"016465",,"3","9","0","2",,"1","045","C","N",,0,0,,,0,,,,"Y",2,"A","-",21650,,"N","B","H","-","D","D","0","Y","-","99",0,1,0,0,0,0,0,0,1,"-","-","UNINCORPORATED","EL DORADO","CA",-120.75443,38.73145
"6209739",-120.9622238,38.5883248,2013,"0900","4","5","3","03",0,1,"A",,,"Y",,,1800,9,"F","A","A","SOUTH SHINGLE RD","FERNWOOD DR",592,"S","N","2014-04-07",9245,"2013-09-13",1725,"015607",,"2","9","0","2",,"1","032","-","Y",,0,0,,,0,,,,"Y",1,"A","-",22350,,"N","A","H","-","A","D","0","Y","C","02",0,1,0,0,0,0,0,0,1,"-","-","UNINCORPORATED","EL DORADO","CA",-120.9621,38.5884
"6209735",-120.8465394,38.592856,2013,"0900","3","4","4","08",0,2,"A",,,,,,1800,9,"F","I","A","RT 49","SAND RIDGE RD",1000,"N","N","2014-04-07",9245,"2013-09-12",1725,"018653",,"2","9","0","1",,"1","135","-","Y","ED",3,49,"-","-",2.99,"H","-","S","Y",1,"A","-",22107,,"N","A","H","-","A","D","0","Y","A","07",0,0,2,0,0,0,0,0,0,"-","-","UNINCORPORATED","EL DORADO","CA",-120.8462,38.59262
"6209731",-120.7312706,38.6750767,2013,"0900","5","1","4","05",0,1,"A",,,,,,1200,9,"E","I","A","BUCKS BAR RD","PLEASANT VALLEY RD",2640,"S","N","2014-04-07",9245,"2013-09-09",1133,"013279",,"1","9","0","3",,"2","004","-","N",,0,0,,,0,,,,"Y",1,"A","-",21460,"A","N","A","H","-","A","A","0","Y","A","01",0,0,1,0,0,0,0,0,0,"-","-","UNINCORPORATED","EL DORADO","CA",-120.732,38.677
"6209711",0,0,2013,"0900","4","7","4","08",0,1,"A",,,"Y",,,1500,9,"F","A","A","MOSQUITO RD","LUPIN LN",0,,"Y","2014-04-07",9245,"2013-09-22",1230,"013279",,"1","9","0","2",,"1","023","-","N",,0,0,,,0,,,,"N",1,"A","-",22107,,"N","A","H","-","A","D","0","Y","C","02",0,0,1,0,0,0,0,0,1,"-","-","UNINCORPORATED","EL DORADO","CA",-120.71095,38.0042
"6207721",-121.0690731,38.6497951,2013,"0900","4","2","4","12",0,2,"A",,,,,,1500,8,"D","C","A","LATROBE RD","TOWN CENTER BL",0,,"Y","2013-12-02",9245,"2013-08-27",1230,"17604",,"1","9","0","2",,"2","031","-","N",,0,0,,,0,,,,"Y",2,"A","-",21453,"A","N","A","H","-","A","A","0","Y","J","48",0,0,2,0,0,0,0,0,0,"-","-","UNINCORPORATED","EL DORADO","CA",-121.06905,38.64985
"6204583",-120.8227226,38.700432,2013,"0900","4","5","3","01",0,1,"A",,"Y",,,"Y",1800,9,"D","G","A","MISSOURI FLAT RD","CHINA GARDEN RD",50,"N","N","2014-04-09",9245,"2013-09-20",1610,"016629",,"2","9","0","2",,"1","037","-","N",,0,0,,,0,,,,"N",2,"A","-",21200,"5","N","A","H","-","A","D","0","Y","L","04",0,1,0,0,0,0,1,0,0,"-","-","UNINCORPORATED","EL DORADO","CA",0,0
"6204579",-120.7707686,38.6782924,2013,"0900","4","5","2","05",0,3,"A",,,,,,1800,9,"A","C","A","PLEASANT VALLEY RD","MOON SHINE HILL RD",41,"W","N","2014-04-09",9245,"2013-09-13",1745,"016629",,"2","9","0","2",,"1","041","-","N",,0,0,,,0,,,,"Y",2,"A","-",21460,"A","N","A","H","-","A","D","0","Y","A","01",1,1,1,0,0,0,0,0,0,"-","-","UNINCORPORATED","EL DORADO","CA",-120.77084,38.67848
"6204563",0,0,2013,"0900","5","1","3","05",0,1,"A",,,,,,1500,9,"B","C","A","SANDRIDGE RD","BREKS RD",160,"W","N","2014-04-09",9245,"2013-09-16",1340,"013279",,"1","9","0","3",,"2","004","-","N",,0,0,,,0,,,,"Y",2,"A","-",21460,"A","N","A","H","-","A","A","0","Y","D","22",0,1,0,0,0,0,0,0,0,"-","-","UNINCORPORATED","EL DORADO","CA",0,0
"6202577",-120.7893745,38.6910024,2013,"0900","4","3","4","09",0,1,"A",,,,,,1500,9,"D","C","A","PLEASANT VALLEY RD","TREVA ANN DR",50,"E","N","2014-04-04",9245,"2013-09-04",1255,"012382",,"1","9","0","2",,"1","041","-","N",,0,0,,,0,,,,"Y",2,"A","-",21804,"A","N","A","H","-","A","A","0","Y","A","01",0,0,1,0,0,0,0,0,0,"-","-","UNINCORPORATED","EL DORADO","CA",-120.78948,38.69107
"6202532",-120.8015045,38.7295795,2013,"0901","0","1","3","03",0,2,"A",,,,,,1800,9,"C","C","A","RT 50","CENTER ST",587,"E","N","2014-04-04",901,"2013-09-09",1719,"2373","0901","5","2","0","0",,"0","PP1","-","Y","ED",3,50,"-","-",17.9,"H","-","E","Y",4,"A","-",22350,,"N","A","H","-","A","A","0","Y","-","-",0,1,1,0,0,0,0,0,0,"-","-","PLACERVILLE","EL DORADO","CA",0,0
"6200031",-120.0380656,38.9333884,2013,"0900","3","6","4","03",0,1,"A",,,,,,1500,8,"C","C","A","RT 89","CAMP RICHARDSON ROAD",100,"N","N","2014-04-04",9246,"2013-08-31",1415,"18006",,"2","9","0","1",,"1","030","-","Y","ED",3,89,"-","-",11.02,"H","-","N","N",2,"A","-",22350,,"N","A","H","-","A","D","0","Y","A","01",0,0,1,0,0,0,0,0,0,"-","-","UNINCORPORATED","EL DORADO","CA",0,0
"6200023",-120.0162338,38.853887,2013,"0900","2","5","3","01",0,2,"A",,,,,,1200,8,"D","C","A","RT 50","APACHE AV",0,,"Y","2014-04-04",9246,"2013-08-30",1026,"15992",,"1","9","0","1",,"1","022","-","Y","ED",3,50,"-","-",71.005,"I","5","E","Y",2,"A","-",23152,"A","N","A","H","-","A","A","0","Y","A","07",0,1,1,0,0,0,0,0,0,"-","-","UNINCORPORATED","EL DORADO","CA",0,0
"6198606",-121.0772434,38.6505968,2013,"0900","2","3","4","03",0,1,"A",,,,,,2100,9,"C","C","A","RT 50","LATROBE RD",600,"W","N","2014-04-03",9245,"2013-09-04",1810,"017089",,"2","9","0","1",,"2","110","-","Y","ED",3,50,"-","-",0.57,"H","-","E","Y",2,"A","-",22350,,"N","A","H","-","A","D","1","Y","A","07",0,0,1,0,0,0,0,0,0,"-","-","UNINCORPORATED","EL DORADO","CA",-121.07504,38.65126
"6198251",-121.0345931,38.9106926,2013,"0900","3","6","3","08",0,2,"A",,,"Y",,,1500,8,"B","C","A","RT 49","PLACER CO LINE",2640,"S","N","2014-03-26",9245,"2013-08-31",1315,"013463",,"1","9","0","1",,"1","115","-","Y","ED",3,49,"-","-",37.73,"H","-","N","Y",2,"A","-",22107,,"N","A","H","-","A","D","0","Y","C","02",0,2,0,0,0,0,0,0,2,"-","-","UNINCORPORATED","EL DORADO","CA",-121.02344,38.91094
"6196503",-120.8711693,38.6793613,2013,"0900","4","1","4","03",0,1,"A",,,,,,900,8,"D","C","A","MOTHER LODE DR","DAVIDSON RD",200,"W","N","2014-03-27",9245,"2013-08-26",800,"013839",,"1","9","0","2",,"1","039","-","N",,0,0,,,0,,,,"Y",2,"A","-",22350,,"N","A","H","-","A","D","0","Y","A","01",0,0,1,0,0,0,0,0,0,"-","-","UNINCORPORATED","EL DORADO","CA",-120.87168,38.67898
"6196499",-121.0733407,38.6525242,2013,"0900","5","6","3","06",0,1,"A",,,"Y",,,2400,8,"D","C","A","SARATOGA WY","EL DORADO HILLS BL",800,"W","N","2014-03-27",9245,"2013-08-31",2120,"015107",,"2","9","0","3",,"2","001","-","N",,0,0,,,0,,,,"Y",2,"A","-",21750,,"N","A","H","-","C","D","0","Y","C","02",0,1,0,0,0,0,0,0,1,"-","-","UNINCORPORATED","EL DORADO","CA",-121.07268,38.65633
"6196464",-120.7456219,38.6782137,2013,"0900","4","1","4","05",0,1,"B",,,,,,900,9,"F","A","A","PLEASANT VALLEY RD","DEMYHIG LN",120,"E","N","2014-04-14",9245,"2013-09-02",603,"013279",,"1","9","0","2",,"1","041","C","N",,0,0,,,0,,,,"Y",1,"A","-",21650,,"N","B","H","-","D","A","0","Y","A","01",0,0,1,0,0,0,0,0,0,"-","-","UNINCORPORATED","EL DORADO","CA",0,0
"6196460",-120.8399064,38.9054111,2013,"0900","5","1","3","05",0,1,"B",,,"Y",,,1500,9,"F","A","A","WENTWORTH SPRINGS RD","RT 193",26,"E","N","2014-04-14",9245,"2013-09-02",1234,"013279",,"1","9","0","3",,"2","002","-","Y",,0,0,,,0,,,,"Y",1,"A","-",21650,,"N","A","H","-","A","A","0","Y","C","02",0,1,0,0,0,0,0,0,1,"-","-","UNINCORPORATED","EL DORADO","CA",0,0
"6196456",-120.7371924,38.5876773,2013,"0900","4","1","3","18",0,1,"A",,,"Y",,,1800,9,"E","H","A","MOUNT AUKUM RD","MOUNT AUKUM CT",528,"N","N","2014-04-14",9245,"2013-09-02",1600,"015459",,"2","9","0","2",,"1","042","-","N",,0,0,,,0,,,,"Y",1,"C","-",0,,"N","A","H","-","A","D","0","Y","-","-",0,1,0,0,0,0,0,0,1,"-","-","UNINCORPORATED","EL DORADO","CA",-120.69383,38.63815
"6196452",-120.224573,38.6637157,2013,"0900","5","7","4","05",0,1,"B",,,,,,1500,9,"E","I","A","SILVER FORK RD","MORMAN EMIGRANT TRL",10560,"N","N","2014-04-14",9245,"2013-09-01",1200,"013279",,"1","9","0","3",,"2","004","-","N",,0,0,,,0,,,,"N",1,"A","-",21650,,"N","A","H","-","A","D","0","Y","A","01",0,0,1,0,0,0,0,0,0,"-","-","UNINCORPORATED","EL DORADO","CA",-120.2241,38.6651
"6196037",-120.5670728,38.7436094,2013,"0900","4","3","4","05",0,2,"B",,,,,,900,8,"E","I","A","SLY PARK RD","DIAMOND DR",381,"S","N","2014-03-27",9245,"2013-08-28",625,"012382",,"1","9","0","2",,"1","043","-","N",,0,0,,,0,,,,"Y",1,"A","-",21650,,"N","A","H","-","A","A","0","Y","D","22",0,0,2,0,0,0,0,0,0,"-","-","UNINCORPORATED","EL DORADO","CA",-120.5671,38.7436
"6194745",0,0,2013,"0901","0","7","4","03",0,1,"A",,,,,,1800,8,"C","C","A","PLACERVILLE DR","WINTER LN",50,"S","N","2014-04-02",901,"2013-08-18",1653,"287","901","5","2","0","0",,"0","PP1","-","N",,0,0,,,0,,,,"N",2,"A","-",22350,,"F","A","H","-","A","D","0","Y","-","-",0,0,1,0,0,0,0,0,0,"-","-","PLACERVILLE","EL DORADO","CA",0,0
"6194737",0,0,2013,"0901","0","7","4","22",0,1,"A",,,,,,1200,7,"H","J","A","CEDAR RAVINE RD","MARKER 408",508,"S","N","2014-04-02",901,"2013-07-14",1051,"256","PPD","5","2","0","0",,"0","PP2","-","N",,0,0,,,0,,,,"Y",1,"B","-",0,,"N","A","H","-","A","D","0","Y","-","-",0,0,1,0,0,0,0,0,0,"-","-","PLACERVILLE","EL DORADO","CA",0,0
"6194733",-120.8249591,38.7342184,2013,"0901","0","4","2","08",0,1,"A",,"Y",,,,1500,6,"D","G","A","COLD SPRINGS RD","SLEEPY HOLLOW CT",60,"W","N","2014-04-02",901,"2013-06-27",1400,"240","0901","5","2","0","0",,"0","PP1","-","N",,0,0,,,0,,,,"N",2,"A","-",22107,,"N","A","H","-","A","D","0","Y","-","-",1,0,0,0,0,0,1,0,0,"-","-","PLACERVILLE","EL DORADO","CA",0,0
"6191322",0,0,2013,"0900","5","6","3","01",0,1,"B",,,,,"Y",2100,8,"E","I","A","PLEASANT VALLEY RD","BODEGA WY",165,"E","N","2014-04-21",9245,"2013-08-31",1850,"018114",,"2","9","0","3",,"2","004","-","N",,0,0,,,0,,,,"Y",1,"A","-",23152,"A","N","A","H","-","A","D","0","Y","A","01",0,1,0,0,0,0,0,0,0,"-","-","UNINCORPORATED","EL DORADO","CA",-120.69986,38.69002
"6184535",-121.0808327,38.6893797,2013,"0900","4","4","4","03",0,2,"A",,,,,,1800,8,"C","C","A","EL DORADO HILLS BL","ST ANDREWS DR",1056,"N","N","2014-03-25",9245,"2013-08-29",1530,"15107",,"2","9","0","2",,"2","012","-","N",,0,0,,,0,,,,"Y",2,"A","-",22350,,"N","A","H","-","A","D","0","Y","A","01",0,0,2,0,0,0,0,0,0,"-","-","UNINCORPORATED","EL DORADO","CA",-121.08184,38.69263
"6184416",-120.8930131,38.6680024,2013,"0900","4","3","4","05",0,1,"A",,,,,,1800,8,"E","I","A","OLD FRENCH TOWN RD","MOTHER LODE DR",2640,"S","N","2014-03-20",9245,"2013-08-28",1700,"15107",,"2","9","0","2",,"2","012","-","N",,0,0,,,0,,,,"Y",1,"A","-",21650,,"N","A","H","-","A","D","0","Y","A","01",0,0,1,0,0,0,0,0,0,"-","-","UNINCORPORATED","EL DORADO","CA",-120.5339,38.4002
"6184189",-121.0247233,38.6027775,2013,"0900","4","5","4","03",0,2,"A",,,,,,1500,8,"C","C","A","LATROBE RD","RYAN RANCH RD",10,"N","N","2014-03-19",9245,"2013-08-23",1213,"011511",,"1","9","0","2",,"2","031","-","N",,0,0,,,0,,,,"Y",3,"A","-",22350,,"N","A","H","-","A","D","0","Y","A","01",0,0,2,0,0,0,0,0,0,"-","-","UNINCORPORATED","EL DORADO","CA",-121.02469,38.60288
"6183084",-120.0000745,38.8895102,2013,"0900","2","6","2","03",0,1,"A",,,"Y",,,1200,7,"F","A","A","RT 50","JEWELL RD",5,"W","N","2014-03-21",9246,"2013-07-27",1135,"018006",,"1","9","0","1",,"1","022","-","Y","ED",3,50,"-","-",73.71,"H","-","E","Y",2,"A","-",22350,,"N","A","H","-","A","D","0","Y","C","02",1,0,0,0,0,0,0,0,1,"-","-","UNINCORPORATED","EL DORADO","CA",0,0
"6182740",-120.7729248,38.7338974,2013,"0900","2","7","3","08",0,1,"A",,,"Y",,,2100,8,"E","I","A","RT 50","SCHNELL SCHOOL RD",158,"E","N","2014-03-27",9245,"2013-08-18",2030,"017756",,"2","9","0","1",,"2","140","-","Y","ED",3,50,"-","-",19.45,"H","-","E","Y",1,"A","-",22107,,"N","A","H","-","A","A","1","Y","C","02",0,1,0,0,0,0,0,0,1,"-","-","UNINCORPORATED","EL DORADO","CA",-120.775,38.7341
"6182480",-120.1128229,38.8025352,2013,"0900","2","1","4","03",0,2,"A",,,,,,600,8,"E","I","A","RT 50","SAYLES CANYON TRACT",1000,"W","N","2014-03-26",9246,"2013-08-12",340,"18418",,"3","9","0","1",,"1","021","-","Y","ED",3,50,"-","-",61.21,"H","-","W","Y",1,"A","-",22350,,"N","A","H","-","D","D","0","Y","A","01",0,0,2,0,0,0,0,0,0,"-","-","UNINCORPORATED","EL DORADO","CA",-120.11216,38.80234
"6182476",-119.9632817,38.795562,2013,"0900","3","5","2","08",0,1,"A",,,,,,1500,8,"E","I","A","RT 89","LUTHER PASS",8448,"N","N","2014-03-26",9246,"2013-08-02",1435,"15992",,"2","9","0","1",,"1","023","-","Y","ED",3,89,"-","-",1.09,"H","-","S","Y",1,"A","-",22107,,"N","A","H","-","A","D","0","Y","A","01",1,0,0,0,0,0,0,0,0,"-","-","UNINCORPORATED","EL DORADO","CA",0,0
"6182412",-121.068233,38.646715,2013,"0900","4","4","2","12",0,2,"A",,,,,,1800,8,"D","C","A","LATROBE RD","WHITE ROCK RD",0,,"Y","2014-03-25",9245,"2013-08-22",1750,"15107",,"2","9","0","2",,"2","012","-","N",,0,0,,,0,,,,"Y",2,"A","-",21453,"A","N","A","H","-","A","A","0","Y","A","01",1,0,1,0,0,0,0,0,0,"-","-","UNINCORPORATED","EL DORADO","CA",-121.06803,38.64743
"6180682",-120.3831775,38.9768692,2013,"0900","5","5","3","03",0,1,"A",,,"Y",,,1500,8,"F","A","A","WENTWORTH SPRINGS RD","ICE HOUSE RD",19008,"W","N","2014-03-26",9245,"2013-08-16",1300,"17604",,"1","9","0","3",,"2","002","-","N",,0,0,,,0,,,,"N",1,"A","-",22350,,"N","A","H","-","A","D","0","Y","C","02",0,1,0,0,0,0,0,0,1,"-","-","UNINCORPORATED","EL DORADO","CA",-120.45076,38.94533
"6177920",-121.0571831,38.6572752,2013,"0900","2","4","4","08",0,1,"A",,,,,,300,8,"E","I","A","RT 50","SILVA VALLEY PKWY",250,"W","N","2014-03-29",9245,"2013-08-22",50,"18240",,"3","9","0","1",,"2","110","-","Y","ED",3,50,"-","-",1.6,"H","-","E","Y",2,"A","-",22107,,"N","A","H","-","D","A","1","Y","A","07",0,0,1,0,0,0,0,0,0,"-","-","UNINCORPORATED","EL DORADO","CA",-121.05883,38.65665
"6177916",-120.8308544,38.706535,2013,"0900","5","5","4","21",0,2,"A",,,,,,1500,8,"C","C","A","MISSOURI FLAT RD","FORNI RD",25,"N","N","2014-03-29",9245,"2013-08-16",1440,"18114",,"2","9","0","3",,"2","003","-","N",,0,0,,,0,,,,"N",2,"A","-",22106,,"N","A","H","-","A","A","0","Y","A","01",0,0,2,0,0,0,0,0,0,"-","-","UNINCORPORATED","EL DORADO","CA",-120.83075,38.70645
"6177904",-121.0722371,38.6522696,2013,"0900","2","3","3","03",0,1,"A",,,"Y",,,900,8,"C","C","A","RT 50","LATROBE RD",100,"W","N","2014-03-29",9245,"2013-08-21",705,"17604",,"1","9","0","1",,"2","110","-","Y","ED",3,50,"-","-",0.84,"H","-","E","Y",2,"A","-",22350,,"N","A","H","-","A","D","1","Y","A","01",0,1,0,0,0,0,0,0,1,"-","-","UNINCORPORATED","EL DORADO","CA",-121.07002,38.65281
"6177747",-120.7338825,38.7378864,2013,"0900","2","5","4","05",0,1,"A",,,,,,1500,8,"F","A","A","RT 50","STILL MEADOW RD",500,"W","N","2014-03-24",9245,"2013-08-09",1215,"13028",,"1","9","0","1",,"2","140","-","Y","ED",3,50,"-","R",21.97,"H","-","W","Y",1,"A","-",21650,,"N","A","H","-","A","D","1","Y","A","01",0,0,1,0,0,0,0,0,0,"-","-","UNINCORPORATED","EL DORADO","CA",-120.7293,38.73886
"6177746",-120.9612334,38.6594352,2013,"0900","2","6","4","03",0,2,"A",,,,,,2400,8,"C","C","A","RT 50","CAMERON PARK DR",1584,"E","N","2014-03-24",9245,"2013-08-10",2240,"18653",,"3","9","0","1",,"2","110","-","Y","ED",3,50,"-","-",6.89,"H","-","E","N",2,"A","-",22350,,"N","A","H","-","D","D","1","Y","A","01",0,0,2,0,0,0,0,0,0,"-","-","UNINCORPORATED","EL DORADO","CA",-120.9591,38.65926
"6177745",-120.8438457,38.7587252,2013,"0900","3","6","3","03",0,1,"A",,,"Y",,,1500,8,"F","A","A","RT 49","GRANITE HILL RD",1056,"N","N","2014-03-24",9245,"2013-08-10",1345,"13463",,"1","9","0","1",,"1","115","-","Y","ED",3,49,"-","-",18.2,"H","-","N","Y",1,"A","-",22350,,"N","A","H","-","A","D","0","Y","C","02",0,1,0,0,0,0,0,0,1,"-","-","UNINCORPORATED","EL DORADO","CA",-120.84462,38.75755
"6177744",-120.8567769,38.7642991,2013,"0900","3","6","3","03",0,1,"A",,,"Y",,,1500,8,"F","A","A","RT 49","GOLD HILL RD",45,"N","N","2014-03-24",9245,"2013-08-10",1205,"13463",,"1","9","0","1",,"1","115","-","Y","ED",3,49,"-","-",19.43,"H","-","S","Y",1,"A","-",22350,,"N","A","H","-","A","D","0","Y","C","02",0,1,0,0,0,0,0,0,1,"-","-","UNINCORPORATED","EL DORADO","CA",-120.85641,38.76395
"6177743",-121.0066134,38.5845534,2013,"0900","4","7","4","08",0,1,"A",,,,,,300,8,"E","I","A","LATROBE RD","SUN RIDGE MEADOW RD",1200,"S","N","2014-04-02",9245,"2013-08-11",250,"17737",,"3","9","0","2",,"2","031","-","N",,0,0,,,0,,,,"Y",1,"A","-",22107,,"N","A","H","-","D","D","0","Y","A","01",0,0,1,0,0,0,0,0,0,"-","-","UNINCORPORATED","EL DORADO","CA",-121.0013,38.5792
"6177742",-120.9490066,38.6756463,2013,"0900","5","2","2","03",0,3,"A",,,,,"Y",1500,8,"B","C","A","MEDER RD","RESLER WY",260,"E","N","2014-03-24",9245,"2013-08-13",1350,"17604",,"1","9","0","3",,"2","001","-","N",,0,0,,,0,,,,"Y",2,"A","-",22350,,"N","A","H","-","A","D","0","Y","A","01",1,0,2,0,0,0,0,0,0,"-","-","UNINCORPORATED","EL DORADO","CA",-120.94912,38.67577
"6177741",-120.7672724,38.7140843,2013,"0900","5","6","3","03",0,1,"A",,,,,,300,8,"F","I","A","CEDAR RAVINE RD","ELYSIAN WY",25,"S","N","2014-03-24",9245,"2013-08-17",100,"18466",,"3","9","0","3",,"2","004","-","N",,0,0,,,0,,,,"Y",1,"A","-",22350,,"N","A","H","-","D","D","0","Y","A","01",0,1,0,0,0,0,0,0,0,"-","-","UNINCORPORATED","EL DORADO","CA",-120.76715,38.71372
"6177740",-121.0690731,38.6497951,2013,"0900","4","4","4","12",0,2,"A",,,,,,2400,8,"D","C","A","LATROBE RD","TOWN CENTER BL",0,,"Y","2014-03-24",9245,"2013-08-15",2115,"15107",,"2","9","0","2",,"2","031","-","N",,0,0,,,0,,,,"Y",2,"A","-",21453,"A","N","A","H","-","C","A","0","Y","A","07",0,0,2,0,0,0,0,0,0,"-","-","UNINCORPORATED","EL DORADO","CA",-121.0688,38.64946
"6176878",-120.0463066,38.8245304,2013,"0900","2","4","4","03",0,3,"C",,,,,,1800,7,"B","C","A","RT 50","ECHO LAKES RD",1584,"E","N","2014-03-22",9246,"2013-07-25",1715,"18476",,"2","9","0","1",,"1","021","-","Y","ED",3,50,"-","-",65.42,"H","-","W","Y",2,"A","-",22350,,"N","B","H","-","A","D","0","Y","A","01",0,0,3,0,0,0,0,0,0,"-","-","UNINCORPORATED","EL DORADO","CA",-120.03679,38.82045
"6176870",-120.0120941,38.8594056,2013,"0900","2","1","4","22",0,2,"A",,,,,,1500,7,"D","C","A","RT 50","PIONEER TRAIL",0,,"Y","2014-07-18",9246,"2013-07-08",1340,"014478",,"1","9","0","1",,"1","022","-","Y","ED",3,50,"-","-",71.48,"I","5","E","Y",2,"B","-",0,,"N","A","H","-","A","A","0","Y","J","43",0,0,2,0,0,0,0,0,0,"-","-","UNINCORPORATED","EL DORADO","CA",-120.0126,35.85676
"6176831",-121.104062,38.7027625,2013,"0900","4","5","4","09",0,1,"A",,,,"Y",,1800,8,"D","C","A","GREEN VALLEY RD","AMY'S LN",317,"E","N","2014-03-28",9245,"2013-08-23",1600,"17604",,"2","9","0","2",,"2","011","-","N",,0,0,,,0,,,,"Y",3,"A","-",21801,"A","N","A","H","-","A","D","0","Y","F","26",0,0,1,0,0,0,0,0,0,"-","-","UNINCORPORATED","EL DORADO","CA",-121.1043,38.70265
"6176827",-120.8155043,38.69422,2013,"0900","3","5","4","03",0,1,"A",,,,,,900,8,"C","C","A","RT 49","DIAMOND MEADOWS WY",108,"E","N","2014-03-26",9245,"2013-08-16",800,"12382",,"1","9","0","1",,"1","135","-","Y","ED",3,49,"-","-",11.72,"H","-","S","N",2,"A","-",22350,,"N","A","H","-","A","A","0","Y","D","22",0,0,1,0,0,0,0,0,0,"-","-","UNINCORPORATED","EL DORADO","CA",-120.81473,38.6945
"6175880",-120.9319502,38.6496283,2013,"0900","5","7","3","03",0,1,"A",,,"Y",,,2100,8,"F","A","A","WOODSIDE WY","COUSINS CT",300,"N","N","2014-03-25",9245,"2013-08-18",1808,"17089",,"2","9","0","3",,"2","003","-","N",,0,0,,,0,,,,"Y",1,"A","-",22350,,"N","A","H","-","A","D","0","Y","C","02",0,1,0,0,0,0,0,0,1,"-","-","UNINCORPORATED","EL DORADO","CA",-120.9337,38.6497
"6175879",0,0,2013,"0900","5","7","3","08",0,1,"B",,,"Y",,,1800,8,"F","A","A","WENTWORTH SPRINGS RD","LOFTY PEAK LN",400,"E","N","2014-03-25",9245,"2013-08-18",1535,"17728",,"2","9","0","3",,"2","002","-","N",,0,0,,,0,,,,"Y",1,"A","-",22107,,"N","A","H","-","A","D","0","Y","C","02",0,1,0,0,0,0,0,0,1,"-","-","UNINCORPORATED","EL DORADO","CA",-120.70907,39.93201