"CASEID","POINT_X","POINT_Y","YEAR_","LOCATION","CHPTYPE","DAYWEEK","CRASHSEV","VIOLCAT","KILLED","INJURED","WEATHER1","PEDCOL","BICCOL","MCCOL","TRUCKCOL","ETOH","TIMECAT","MONTH_","CRASHTYP","INVOLVE","PED","PRIMARYRD","SECONDRD","DISTANCE","DIRECT","INTERSECT_","PROCDATE","JURIS","DATE_","TIME_","BADGE","JURIDIST","SHIFT","POP","SPECIAL","BEATTYPE","LAPDDIV","BEATCLAS","BEATNUMB","WEATHER2","STATEHW","CALTRANC","CALTRAND","STROUTE","ROUTESUF","POSTPRE","POSTMILE","LOCATYPE","RAMP","SIDEHW","TOWAWAY","PARTIES","PCF","VIOLCODE","VIOL","VIOLSUB","HITRUN","ROADSURF","RDCOND1","RDCOND2","LIGHTING","RIGHTWAY","CHPRDTYP","NOTPRIV","STFAULT","CHPFAULT","SEVINJ","OTHERINJ","COP","PEDKILL","PEDINJ","BICKILL","BICINJ","MCKILL","MCINJURE","RAMP1","RAMP2","CITY","COUNTY","STATE","X_CHP","Y_CHP"
"6175529",-120.8340562,38.9113541,2013,"0900","5","5","3","05",0,1,"A",,,,,,1500,8,"E","I","A","WENTWORTH SPRINGS RD","FAIN LN",2112,"W","N","2014-03-24",9245,"2013-08-16",1200,"13028",,"1","9","0","3",,"2","002","-","N",,0,0,,,0,,,,"Y",1,"A","-",21650,,"N","A","H","-","A","D","0","Y","D","22",0,1,0,0,0,0,0,0,0,"-","-","UNINCORPORATED","EL DORADO","CA",-120.83504,38.91049
"6172480",-121.0786731,38.710095,2013,"0900","4","5","2","09",0,1,"A",,"Y",,,,1500,8,"D","J","A","GREEN VALLEY RD","EL DORADO HILLS BL",0,,"Y","2014-03-26",9245,"2013-08-09",1230,"17604",,"1","9","0","2",,"2","011","-","N",,0,0,,,0,,,,"N",2,"A","-",21453,"C","N","A","H","-","A","A","0","Y","L","04",1,0,0,0,0,0,1,0,0,"-","-","UNINCORPORATED","EL DORADO","CA",-121.07844,38.71005
"6171328",-120.924799,38.6454763,2013,"0900","5","5","2","17",0,1,"A",,,"Y",,,1800,8,"A","C","A","TROTTER LN","HILLWOOD DR",300,"N","N","2014-03-27",9245,"2013-08-16",1517,"018114",,"2","9","0","3",,"2","003","-","N",,0,0,,,0,,,,"N",2,"A","-",21662,"A","N","A","H","-","A","D","0","Y","C","02",1,0,0,0,0,0,0,0,1,"-","-","UNINCORPORATED","EL DORADO","CA",-120.92489,38.64498
"6171320",-120.8387213,38.9065246,2013,"0900","5","4","4","06",0,1,"A",,,,,,1800,8,"B","C","A","MAIN ST","HARKNESS ST",528,"S","N","2014-03-28",9245,"2013-08-08",1755,"16629",,"2","9","0","3",,"2","002","-","N",,0,0,,,0,,,,"N",2,"A","-",21750,,"N","A","H","-","A","D","0","Y","A","01",0,0,1,0,0,0,0,0,0,"-","-","UNINCORPORATED","EL DORADO","CA",-120.83768,38.90763
"6171268",-120.7577268,38.6761082,2013,"0900","4","2","4","05",0,2,"A",,,,,,1200,7,"B","C","A","PLEASANT VALLEY RD","VICTORY MINE RD",300,"W","N","2014-03-25",9245,"2013-07-16",925,"16451",,"1","9","0","2",,"1","041","-","N",,0,0,,,0,,,,"Y",3,"A","-",21460,,"N","A","H","-","A","D","0","Y","A","01",0,0,2,0,0,0,0,0,0,"-","-","UNINCORPORATED","EL DORADO","CA",-120.75843,38.67625
"6169321",-120.8451658,38.8294019,2013,"0900","5","4","2","01",0,1,"A",,,,,"Y",300,8,"E","I","A","GARDEN VALLEY RD","WATERWILLOW LN",1056,"N","N","2014-03-24",9245,"2013-08-15",15,"015609",,"3","9","0","3",,"2","002","-","N",,0,0,,,0,,,,"Y",1,"A","-",23152,"A","N","A","H","-","D","D","0","Y","D","22",1,0,0,0,0,0,0,0,0,"-","-","UNINCORPORATED","EL DORADO","CA",-120.84445,38.82845
"6165792",-120.4202091,38.781668,2013,"0900","4","6","3","01",0,3,"A",,,,,"Y",1800,8,"F","A","A","ICE HOUSE RD","WEBER MILL RD",2112,"N","N","2014-04-01",9245,"2013-08-10",1600,"016629",,"2","9","0","2",,"1","026","-","N",,0,0,,,0,,,,"Y",1,"A","-",23152,"A","N","A","H","-","A","D","0","Y","A","07",0,3,0,0,0,0,0,0,0,"-","-","UNINCORPORATED","EL DORADO","CA",-120.41282,38.786
"6165788",0,0,2013,"0900","4","6","3","03",0,1,"A",,"Y",,,,1200,8,"F","A","A","SALMON FALLS RD","OLD BRIDGE RD",1584,"N","N","2014-04-01",9245,"2013-08-10",930,"011511",,"1","9","0","2",,"2","012","-","N",,0,0,,,0,,,,"N",1,"A","-",22350,,"N","A","H","-","A","D","0","Y","L","04",0,1,0,0,0,0,1,0,0,"-","-","UNINCORPORATED","EL DORADO","CA",-121.04954,38.75116
"6165784",-120.9375519,38.7140772,2013,"0900","5","5","4","05",0,1,"A",,,,,,1500,8,"F","A","A","NORTH SHINGLE RD","GREEN VALLEY RD",528,"S","N","2014-04-01",9245,"2013-08-09",1345,"015107",,"1","9","0","3",,"2","001","-","N",,0,0,,,0,,,,"Y",1,"A","-",21650,,"N","A","H","-","A","D","0","Y","A","01",0,0,1,0,0,0,0,0,0,"-","-","UNINCORPORATED","EL DORADO","CA",-120.5608,38.4228
"6165780",-120.8781006,38.7852334,2013,"0900","3","6","3","05",0,3,"A",,,,,,2400,8,"E","I","A","RT 49","RIVERWOOD DR",800,"N","N","2014-04-01",9245,"2013-08-03",2220,"018240",,"3","9","0","1",,"1","115","-","Y","ED",3,49,"-","-",21.1,"H","-","N","Y",1,"A","-",21460,"A","N","A","H","-","D","D","0","Y","A","01",0,1,2,0,0,0,0,0,0,"-","-","UNINCORPORATED","EL DORADO","CA",-121.87362,38.78057
"6165675",0,0,2013,"0900","4","2","4","12",0,1,"A",,,,,,2400,7,"D","C","A","SOUTH SHINGLE RD","MOTHER LODE DR",0,,"Y","2014-03-21",9245,"2013-07-30",2206,"013603",,"3","9","0","2",,"1","032","-","N",,0,0,,,0,,,,"Y",2,"A","-",21453,"A","N","A","H","-","C","A","0","Y","D","23",0,0,1,0,0,0,0,0,0,"-","-","UNINCORPORATED","EL DORADO","CA",-120.93706,38.66156
"6165667",-121.0179524,38.5954054,2013,"0900","4","5","3","05",0,1,"A",,,,,,900,8,"A","C","A","LATROBE RD","COTHRIN RANCH RD",2112,"S","N","2014-04-01",9245,"2013-08-09",800,"011511",,"1","9","1","2",,"2","031","-","N",,0,0,,,0,,,,"Y",2,"A","-",21460,"A","N","A","H","-","A","D","0","Y","A","01",0,1,0,0,0,0,0,0,0,"-","-","UNINCORPORATED","EL DORADO","CA",-121.01701,38.59461
"6163868",-120.6517691,38.6385202,2013,"0900","5","2","4","18",0,1,"A",,,,,,1800,8,"E","I","A","GRIZZLY FLAT RD","PANO LN",792,"E","N","2014-10-08",9245,"2013-08-13",1625,"015459",,"2","9","0","3",,"2","004","-","N",,0,0,,,0,,,,"Y",1,"C","-",0,,"N","A","H","-","A","D","0","Y","-","-",0,0,1,0,0,0,0,0,0,"-","-","UNINCORPORATED","EL DORADO","CA",-120.65263,38.63869
"6163015",-120.934723,38.740655,2013,"0900","4","2","3","05",0,1,"A",,,"Y",,,1200,8,"F","A","A","LOTUS RD","SIERRA ROCK RD",0,,"Y","2014-04-01",9245,"2013-08-06",955,"017756",,"1","9","0","2",,"1","013","-","N",,0,0,,,0,,,,"N",1,"A","-",21650,,"N","A","H","-","A","A","0","Y","C","02",0,1,0,0,0,0,0,0,1,"-","-","UNINCORPORATED","EL DORADO","CA",-120.93356,38.73959
"6162803",-120.8388683,38.7098715,2013,"0900","4","3","3","03",0,1,"A",,,"Y",,,1800,7,"B","C","A","MOTHER LODE DR","GREEN LEAF DR",150,"W","N","2014-03-22",9245,"2013-07-31",1700,"017089",,"2","9","0","2",,"1","039","-","N",,0,0,,,0,,,,"Y",2,"A","-",22350,,"N","A","H","-","A","D","0","Y","C","02",0,1,0,0,0,0,0,0,1,"-","-","UNINCORPORATED","EL DORADO","CA",-120.83956,38.70961
"6162762",-120.8451517,38.7019371,2013,"0900","4","4","2","18",0,2,"A",,,,,,900,8,"E","I","A","MOTHER LODE DR","LINDBERG AV",125,"E","N","2014-04-01",9245,"2013-08-01",700,"13463",,"1","9","0","2",,"1","039","-","N",,0,0,,,0,,,,"Y",1,"C","-",0,,"N","A","H","-","A","D","0","Y","-","-",1,1,0,0,0,0,0,0,0,"-","-","UNINCORPORATED","EL DORADO","CA",-120.84478,38.70205
"6162682",-120.9114232,38.6363092,2013,"0900","4","5","3","05",0,1,"A",,,,,,600,8,"E","I","A","FRENCH CREEK RD","BIG CANYON RD",38,"N","N","2014-10-09",9245,"2013-08-02",406,"15607",,"3","9","0","2",,"1","032","-","N",,0,0,,,0,,,,"Y",1,"A","-",21650,,"M","A","H","-","D","-","0","Y","A","01",0,1,0,0,0,0,0,0,0,"-","-","UNINCORPORATED","EL DORADO","CA",-120.9112,38.6362
"6162347",-121.0755838,38.6514355,2013,"0900","2","2","3","07",0,2,"A",,,,,,1200,7,"C","C","A","RT 50","EL DORADO HILLS BL",2112,"W","N","2014-03-19",9245,"2013-07-30",905,"014956",,"1","9","0","1",,"2","110","-","Y","ED",3,50,"-","-",0.65,"H","-","W","Y",3,"A","-",21658,"A","N","A","H","-","A","D","1","Y","A","01",0,1,1,0,0,0,0,0,0,"-","-","UNINCORPORATED","EL DORADO","CA",-121.07698,38.65091
"6162331",-120.6048371,38.7531842,2013,"0900","4","5","3","03",0,1,"A",,,,,,1200,8,"C","C","A","PONY EXPRESS TRL","BLAIR RD",35,"W","N","2014-03-27",9245,"2013-08-02",1020,"13463",,"1","9","0","2",,"1","025","-","N",,0,0,,,0,,,,,2,"A","-",22350,,"N","A","H","-","A","D","0","Y","D","22",0,1,0,0,0,0,0,0,0,"-","-","UNINCORPORATED","EL DORADO","CA",-120.60506,38.75305
"6158657",-120.7790792,38.6860787,2013,"0900","5","6","2","03",0,1,"A",,,,,,1800,7,"E","I","A","PLEASANT VALLEY RD","KEARNS RD",160,"E","N","2014-03-18",9245,"2013-07-27",1510,"018114",,"2","9","0","3",,"2","004","-","N",,0,0,,,0,,,,"Y",1,"A","-",22350,,"N","A","H","-","A","D","0","Y","A","01",1,0,0,0,0,0,0,0,0,"-","-","UNINCORPORATED","EL DORADO","CA",-120.77835,38.68577
"6158653",-121.0140151,38.9054215,2013,"0900","3","7","4","05",0,1,"A",,,"Y",,,1800,7,"B","C","A","RT 49","RT 193",10560,"N","N","2014-03-18",9245,"2013-07-21",1553,"017756",,"2","9","0","1",,"1","115","-","Y","ED",3,49,"-","-",35.89,"H","-","N","Y",2,"A","-",21460,"A","N","A","H","-","A","D","0","Y","C","02",0,0,1,0,0,0,0,0,1,"-","-","UNINCORPORATED","EL DORADO","CA",-121.0142,38.90303
"6158056",0,0,2013,"0900","4","4","4","00",0,1,"A",,,"Y",,,2100,8,"F","A","A","LATROBE RD","CLUB VIEW DR",100,"N","N","2014-04-01",9245,"2013-08-01",1855,"015107",,"2","9","0","2",,"2","031","-","N",,0,0,,,0,,,,"N",1,"D","-",0,,"N","A","H","-","A","A","0","Y","-","-",0,0,1,0,0,0,0,0,1,"-","-","UNINCORPORATED","EL DORADO","CA",-121.05851,38.62849
"6157996",-120.859195,38.7036737,2013,"0900","2","6","3","08",0,1,"A",,,,,,1500,7,"F","A","A","RT 50","EL DORADO RD",450,"W","N","2014-03-14",9245,"2013-07-20",1345,"017089",,"1","9","0","1",,"2","120","-","Y","ED",3,50,"-","R",13.92,"H","-","E","Y",1,"A","-",22107,,"N","A","H","-","A","D","1","Y","A","01",0,1,0,0,0,0,0,0,0,"-","-","UNINCORPORATED","EL DORADO","CA",-120.86066,38.70313
"6157919",-120.8862173,38.8748751,2013,"0900","5","2","3","01",0,1,"A",,,,,"Y",1800,7,"F","I","A","GREENWOOD RD","MINT WY",1056,"S","N","2014-03-14",9245,"2013-07-23",1625,"017935",,"2","9","0","3",,"2","002","-","N",,0,0,,,0,,,,"Y",1,"A","-",23152,"A","N","A","H","-","A","D","0","Y","A","01",0,1,0,0,0,0,0,0,0,"-","-","UNINCORPORATED","EL DORADO","CA",-120.8884,38.87583
"6157918",-120.8603131,38.691745,2013,"0900","4","3","4","09",0,1,"A",,,,,,1800,7,"D","C","A","MOTHER LODE DR","EL DORADO RD",0,,"Y","2014-03-28",9245,"2013-07-24",1722,"018653",,"2","9","0","2",,"1","039","-","N",,0,0,,,0,,,,"Y",2,"A","-",21800,"A","N","A","H","-","A","A","0","Y","-","-",0,0,1,0,0,0,0,0,0,"-","-","UNINCORPORATED","EL DORADO","CA",-120.86013,38.69178
"6157914",-120.8377537,38.9075834,2013,"0900","5","6","3","03",0,1,"A",,,"Y",,,1500,7,"E","H","A","WENTWORTH SPRINGS RD","MAIN ST",15840,"E","N","2014-03-17",9245,"2013-07-27",1230,"011511",,"1","9","0","3",,"2","002","-","N",,0,0,,,0,,,,"N",1,"A","-",22350,,"N","A","H","-","A","D","0","Y","C","02",0,1,0,0,0,0,0,0,1,"-","-","UNINCORPORATED","EL DORADO","CA",0,0
"6157910",-120.6144084,38.6900116,2013,"0900","4","6","3","03",0,1,"A",,,"Y",,,1800,7,"E","A","A","SLY PARK RD","HOMESTEAD CT",1000,"N","N","2014-03-17",9245,"2013-07-27",1530,"018653",,"2","9","0","2",,"1","043","-","N",,0,0,,,0,,,,"N",1,"A","-",22350,,"N","A","H","-","A","D","0","Y","C","02",0,1,0,0,0,0,0,0,1,"-","-","UNINCORPORATED","EL DORADO","CA",-120.61525,38.68863
"6157902",-120.9624612,38.6594352,2013,"0900","2","1","3","03",0,2,"A",,,"Y",,,2400,7,"F","A","A","RT 50","CAMERON PARK DR",1215,"E","N","2014-03-17",9245,"2013-07-29",2359,"012833",,"3","9","0","1",,"2","110","-","Y","ED",3,50,"-","-",6.82,"H","-","E","N",1,"A","-",22350,,"N","A","H","-","D","D","1","Y","C","02",0,2,0,0,0,0,0,0,2,"-","-","UNINCORPORATED","EL DORADO","CA",-120.96498,38.65945
"6157890",-120.7482773,38.9356952,2013,"0900","5","6","3","09",0,1,"A",,,"Y",,,1200,7,"D","C","A","WENTWORTH SPRINGS RD","MT CEDAR RD",150,"E","N","2014-03-17",9245,"2013-07-27",1100,"011511",,"1","9","0","3",,"2","002","-","N",,0,0,,,0,,,,"Y",2,"A","-",21804,"A","N","A","H","-","A","D","0","Y","A","07",0,1,0,0,0,0,0,0,1,"-","-","UNINCORPORATED","EL DORADO","CA",-120.74811,39.93572
"6157856",-120.7712731,38.6784351,2013,"0900","4","6","4","09",0,1,"A",,,,,,1500,7,"D","C","A","PLEASANT VALLEY RD","OAK HILL RD",0,,"Y","2014-03-17",9245,"2013-07-27",1310,"017089",,"1","9","0","2",,"1","041","-","N",,0,0,,,0,,,,"N",3,"A","-",21801,"A","N","A","H","-","A","A","0","Y","A","01",0,0,1,0,0,0,0,0,0,"-","-","UNINCORPORATED","EL DORADO","CA",-120.77131,38.67825
"6157849",-120.8978539,38.656774,2013,"0900","5","3","4","18",0,1,"A",,,"Y",,,900,7,"E","H","A","OLD FRENCH TOWN RD","MARYBELLE LN",364,"E","N","2014-03-17",9245,"2013-07-31",630,"01562",,"1","9","0","3",,"2","003","-","N",,0,0,,,0,,,,"N",1,"C","-",0,,"N","A","H","-","A","A","0","Y","-","-",0,0,1,0,0,0,0,0,1,"-","-","UNINCORPORATED","EL DORADO","CA",-120.89788,38.65689
"6157844",-120.7628345,38.7062276,2013,"0900","4","1","4","08",0,2,"A",,,,,,1500,7,"E","I","A","CEDAR RAVINE RD","CAMP NAUVOO RD",280,"S","N","2014-03-17",9245,"2013-07-29",1300,"017756",,"1","9","0","2",,"1","041","-","N",,0,0,,,0,,,,"Y",1,"A","-",22107,,"N","A","H","-","A","D","0","Y","A","01",0,0,2,0,0,0,0,0,0,"-","-","UNINCORPORATED","EL DORADO","CA",-120.7628,38.7062
"6157537",-120.8471202,38.5599869,2013,"0900","3","6","2","09",0,1,"A",,,"Y",,,1200,7,"H","A","A","RT 49","SAND RIDGE RD",10560,"S","N","2014-03-18",9245,"2013-07-27",1125,"16465",,"1","9","0","1",,"1","135","-","Y","ED",3,49,"-","-",0.68,"H","-","S","N",3,"A","-",21801,"A","N","A","H","-","A","D","0","Y","D","22",1,0,0,0,0,0,0,0,1,"-","-","UNINCORPORATED","EL DORADO","CA",-120.84701,36.56031
"6157529",-120.9182399,38.9105888,2013,"0900","3","4","3","08",0,1,"A",,,,,,1800,7,"E","I","A","RT 193","SLIGER MINE RD",165,"W","N","2014-03-17",9245,"2013-07-25",1600,"18653",,"2","9","0","1",,"1","122","-","Y","ED",3,193,"-","R",6.15,"H","-","W","Y",1,"A","-",22107,,"N","A","H","-","A","D","0","Y","D","22",0,1,0,0,0,0,0,0,0,"-","-","UNINCORPORATED","EL DORADO","CA",-120.91861,38.91143
"6157513",-120.9701831,38.661435,2013,"0900","4","5","4","12",0,1,"A",,,,,,2400,7,"D","C","A","CAMERON PARK DR","PALMER DR",0,,"Y","2014-03-22",9245,"2013-07-26",2140,"018466",,"2","9","0","2",,"1","015","-","N",,0,0,,,0,,,,"Y",2,"A","-",21453,"A","N","A","H","-","C","A","0","Y","A","01",0,0,1,0,0,0,0,0,0,"-","-","UNINCORPORATED","EL DORADO","CA",-120.97015,38.6614
"6154640",0,0,2013,"0900","5","5","3","05",0,1,"A",,,"Y",,,2100,7,"F","A","A","SALMON FALLS RD","PERSIA LN",1056,"S","N","2014-03-21",9245,"2013-07-26",1810,"018114",,"2","9","1","3",,"2","001","-","N",,0,0,,,0,,,,"Y",2,"A","-",21460,"A","N","A","H","-","A","D","0","Y","C","02",0,1,0,0,0,0,0,0,1,"-","-","UNINCORPORATED","EL DORADO","CA",-121.04347,38.76214
"6154639",-120.990063,38.7000151,2013,"0900","5","4","3","09",0,4,"A",,,,,,1800,7,"D","C","A","GREEN VALLEY RD","LA CRESCENTA DR",0,,"Y","2014-03-21",9245,"2013-07-25",1635,"018114",,"2","9","0","3",,"2","001","-","N",,0,0,,,0,,,,"Y",2,"A","-",21802,"A","N","A","H","-","A","D","0","Y","A","01",0,1,3,0,0,0,0,0,0,"-","-","UNINCORPORATED","EL DORADO","CA",-120.98992,38.70006
"6154638",-120.7896424,38.6911327,2013,"0900","4","1","3","05",0,1,"A",,,,,,900,7,"C","C","A","PLEASANT VALLEY RD","TREVA ANN DR",40,"W","N","2014-03-21",9245,"2013-07-29",810,"015262",,"1","9","0","2",,"1","041","-","N",,0,0,,,0,,,,"Y",2,"A","-",21460,"A","N","A","-","-","A","A","0","Y","A","01",0,1,0,0,0,0,0,0,0,"-","-","UNINCORPORATED","EL DORADO","CA",-120.78954,38.69113
"6154637",-120.5577227,38.7514047,2013,"0900","5","3","4","17",0,1,"A",,,,,,1800,7,"E","I","A","SLY PARK RD","ONYX TRL",45,"E","N","2014-03-21",9245,"2013-07-17",1540,"018114",,"2","9","0","3",,"2","004","-","N",,0,0,,,0,,,,"Y",1,"A","-",21662,"A","N","A","H","-","A","D","0","Y","A","01",0,0,1,0,0,0,0,0,0,"-","-","UNINCORPORATED","EL DORADO","CA",-120.55777,38.75138
"6154476",-120.8433564,38.7091038,2013,"0900","2","6","2","03",0,1,"A",,,,,,1200,6,"C","C","A","RT 50","MISSOURI FLAT RD",1000,"W","N","2014-03-11",9245,"2013-06-29",1140,"013028",,"1","9","0","1",,"2","120","-","Y","ED",3,50,"-","R",14.87,"H","-","W","Y",2,"A","-",22350,,"N","A","H","-","A","D","1","Y","A","07",1,0,0,0,0,0,0,0,0,"-","-","UNINCORPORATED","EL DORADO","CA",-120.04627,38.70845
"6153825",-120.8268707,38.7332703,2013,"0901","0","6","4","08",0,1,"A",,"Y",,,,1200,7,"H","G","A","PLACERVILLE DR","COLD SPRINGS RD",1056,"W","N","2014-03-14",901,"2013-07-13",1052,"288","0901","5","2","0","0",,"0","PP1","-","N",,0,0,,,0,,,,"N",2,"A","-",22107,,"N","A","H","-","A","D","0","Y","-","-",0,0,1,0,0,0,1,0,0,"-","-","PLACERVILLE","EL DORADO","CA",0,0
"6153821",0,0,2013,"0901","0","6","4","01",0,1,"A",,,,,"Y",300,7,"A","I","A","SACRAMENTO ST","SKYLINE DR",528,"S","N","2014-03-14",901,"2013-07-20",240,"248","0901","5","2","0","0",,"0","PP1","-","Y",,0,0,,,0,,,,"Y",1,"A","-",23152,"A","N","A","H","-","D","D","0","Y","-","-",0,0,1,0,0,0,0,0,0,"-","-","PLACERVILLE","EL DORADO","CA",0,0
"6153817",-120.779433,38.732155,2013,"0901","0","6","4","03",0,2,"A",,,,,,1800,7,"C","C","A","SCHNELL SCHOOL RD","BROADWAY DR",0,,"Y","2014-03-14",901,"2013-07-06",1538,"287","0901","5","2","0","0",,"0","PP2","-","N",,0,0,,,0,,,,"N",2,"A","-",22350,,"N","A","H","-","A","A","0","Y","-","-",0,0,2,0,0,0,0,0,0,"-","-","PLACERVILLE","EL DORADO","CA",0,0
"6153695",-120.696623,38.7401414,2013,"0900","2","5","4","09",0,3,"A",,,,,,1800,7,"D","D","A","RT 50","CARSON RD",0,,"Y","2014-03-13",9245,"2013-07-12",1535,"018653",,"2","9","0","1",,"2","140","-","Y","ED",3,50,"-","-",24.05,"I","5","W","Y",2,"A","-",21802,"A","N","A","H","-","A","A","1","Y","A","01",0,0,3,0,0,0,0,0,0,"-","-","UNINCORPORATED","EL DORADO","CA",0,0
"6153691",-120.9985031,38.658895,2013,"0900","5","5","4","06",0,1,"A",,,"Y",,,1200,7,"D","C","A","CAMBRIDGE RD","KNOLLWOOD DR",0,,"Y","2014-03-13",9245,"2013-07-19",900,"013463",,"1","9","0","3",,"2","001","-","N",,0,0,,,0,,,,"Y",2,"A","-",21755,,"N","A","H","-","A","D","0","Y","C","02",0,0,1,0,0,0,0,0,1,"-","-","UNINCORPORATED","EL DORADO","CA",-120.99846,38.65886
"6153095",-121.0276428,38.9094051,2013,"0900","3","3","2","03",0,1,"A",,,"Y",,"Y",2400,8,"E","I","A","RT 193","RT 49",5280,"S","N","2014-03-24",9245,"2013-08-14",2200,"15609",,"3","9","0","1",,"1","122","-","Y",,0,0,,,0,,,,"N",1,"A","-",22350,,"N","A","H","-","D","D","0","Y","C","02",1,0,0,0,0,0,0,0,1,"-","-","UNINCORPORATED","EL DORADO","CA",-120.81117,38.73801
"6153091",-120.8489003,38.6398727,2013,"0900","5","6","3","05",0,1,"A",,,"Y",,"Y",2100,8,"E","I","A","DOLOMITE DR","RT 49",528,"E","N","2014-03-24",9245,"2013-08-03",1920,"16629",,"2","9","0","3",,"2","004","-","N",,0,0,,,0,,,,"Y",1,"A","-",21650,,"N","A","H","-","A","D","0","Y","C","02",0,1,0,0,0,0,0,0,1,"-","-","UNINCORPORATED","EL DORADO","CA",-120.84795,38.64083
"6153075",0,0,2013,"0900","4","7","3","01",0,1,"A",,,,,"Y",2400,8,"E","I","A","EL DORADO HILLS BL","CROWN DR",1115,"S","N","2014-03-24",9245,"2013-08-11",2343,"12833",,"3","9","0","2",,"2","012","-","N",,0,0,,,0,,,,"Y",1,"A","-",23152,"A","N","A","H","-","D","D","0","Y","A","01",0,1,0,0,0,0,0,0,0,"-","-","UNINCORPORATED","EL DORADO","CA",-121.08223,38.69417
"6151760",0,0,2013,"0900","5","3","4","05",0,2,"A",,,,,,1200,7,"A","C","A","CHINA HILL RD","UNION MINE RD",1056,"E","N","2014-03-13",9245,"2013-07-17",950,"016465",,"1","9","0","3",,"2","004","-","N",,0,0,,,0,,,,"Y",2,"A","-",21650,,"N","A","H","-","A","D","0","Y","A","01",0,0,2,0,0,0,0,0,0,"-","-","UNINCORPORATED","EL DORADO","CA",-120.8376,38.66507
"6151759",-121.090113,38.726245,2013,"0900","5","6","3","09",0,1,"A",,,,,,2100,7,"D","C","A","FRANCISCO DR","SHEFFIELD DR",0,,"Y","2014-03-13",9245,"2013-07-13",1840,"017089",,"2","9","0","3",,"2","001","-","N",,0,0,,,0,,,,"Y",2,"A","-",21802,"A","N","A","H","-","A","A","0","Y","A","01",0,1,0,0,0,0,0,0,0,"-","-","UNINCORPORATED","EL DORADO","CA",-121.09003,38.72611
"6151758",-120.615364,38.6884224,2013,"0900","4","6","3","03",0,2,"A",,,"Y",,,1500,7,"F","A","A","SLY PARK RD","HOMESTEAD DR",270,"N","N","2014-03-13",9245,"2013-07-13",1245,"016465",,"1","9","0","2",,"1","043","-","N",,0,0,,,0,,,,"Y",3,"A","-",22350,,"N","A","H","-","A","D","0","Y","C","02",0,2,0,0,0,0,0,0,2,"-","-","UNINCORPORATED","EL DORADO","CA",-120.61522,38.68864
"6151757",0,0,2013,"0900","5","7","3","03",0,1,"A",,,"Y",,,2100,7,"H","H","A","WENTWORTH SPRINGS RD","PIOLET CREEK RD",1000,"E","N","2014-03-13",9245,"2013-07-14",2030,"017756",,"2","9","0","3",,"2","002","-","N",,0,0,,,0,,,,"Y",1,"A","-",22350,,"N","A","H","-","A","D","0","Y","C","02",0,1,0,0,0,0,0,0,1,"-","-","UNINCORPORATED","EL DORADO","CA",-120.64291,38.90528
"6151756",-120.9350405,38.6637004,2013,"0900","2","1","3","08",0,1,"A",,,,,,1800,7,"E","I","A","RT 50","SHINGLE SPRINGS DR",800,"E","N","2014-03-13",9245,"2013-07-15",1510,"017756",,"2","9","0","1",,"2","120","-","Y","ED",3,50,"-","R",8.71,"H","-","W","Y",1,"A","-",22107,,"N","A","H","-","A","D","1","Y","A","01",0,1,0,0,0,0,0,0,0,"-","-","UNINCORPORATED","EL DORADO","CA",-120.91223,38.6831
"6151755",-120.8946679,38.6943251,2013,"0900","2","4","3","08",0,1,"A",,,,,,1500,7,"E","I","A","RT 50","GREENSTONE RD",1584,"W","N","2014-03-13",9245,"2013-07-18",1305,"011511",,"1","9","0","1",,"2","110","-","Y","ED",3,50,"-","R",11.84,"H","-","E","Y",1,"A","-",22107,,"N","A","H","-","A","D","1","Y","A","01",0,1,0,0,0,0,0,0,0,"-","-","UNINCORPORATED","EL DORADO","CA",-120.89237,38.69501
"6151754",-120.8283662,38.7142731,2013,"0900","4","4","3","01",0,1,"A",,,"Y",,,2400,7,"F","A","A","FORNI RD","DAWN LN",90,"W","N","2014-03-13",9245,"2013-07-11",2255,"018624",,"3","9","0","2",,"1","037","-","N",,0,0,,,0,,,,"Y",1,"A","-",23152,"A","N","A","H","-","D","D","0","Y","C","02",0,1,0,0,0,0,0,0,1,"-","-","UNINCORPORATED","EL DORADO","CA",-120.82842,38.71359
"6149992",-120.8723946,38.7484248,2013,"0900","4","2","3","01",0,1,"A",,,,,"Y",2400,7,"E","I","A","COLD SPRINGS RD","SKYVIEW LN",315,"N","N","2014-03-19",9245,"2013-07-30",2215,"012833",,"3","9","0","2",,"1","014","-","N",,0,0,,,0,,,,"Y",1,"A","-",23152,"A","N","A","H","-","D","D","0","Y","A","07",0,1,0,0,0,0,0,0,0,"-","-","UNINCORPORATED","EL DORADO","CA",-120.87275,38.74841
"6149214",-120.7633346,38.9275681,2013,"0900","5","2","3","01",0,1,"A",,,,,"Y",1200,7,"E","I","A","WENTWORTH SPRINGS RD","LEA WY",1584,"W","N","2014-09-25",9245,"2013-07-23",1105,"13028",,"1","9","0","3",,"2","002","-","N",,0,0,,,0,,,,"Y",1,"A","-",23152,"A","N","A","H","-","A","D","0","Y","A","01",0,1,0,0,0,0,0,0,0,"-","-","UNINCORPORATED","EL DORADO","CA",-120.75688,38.93266
"6148718",-120.8736915,38.6460967,2013,"0900","5","3","2","09",0,1,"A",,,"Y",,,1800,6,"F","A","A","CHINA HILL RD","BUMPER RD",10,"N","N","2014-03-06",9245,"2013-06-26",1758,"015607",,"2","9","0","3",,"2","003","-","N",,0,0,,,0,,,,"Y",2,"A","-",21804,"A","N","A","H","-","A","D","0","Y","A","01",1,0,0,0,0,0,0,0,1,"-","-","UNINCORPORATED","EL DORADO","CA",-120.8741,38.6451