"CASEID","POINT_X","POINT_Y","YEAR_","LOCATION","CHPTYPE","DAYWEEK","CRASHSEV","VIOLCAT","KILLED","INJURED","WEATHER1","PEDCOL","BICCOL","MCCOL","TRUCKCOL","ETOH","TIMECAT","MONTH_","CRASHTYP","INVOLVE","PED","PRIMARYRD","SECONDRD","DISTANCE","DIRECT","INTERSECT_","PROCDATE","JURIS","DATE_","TIME_","BADGE","JURIDIST","SHIFT","POP","SPECIAL","BEATTYPE","LAPDDIV","BEATCLAS","BEATNUMB","WEATHER2","STATEHW","CALTRANC","CALTRAND","STROUTE","ROUTESUF","POSTPRE","POSTMILE","LOCATYPE","RAMP","SIDEHW","TOWAWAY","PARTIES","PCF","VIOLCODE","VIOL","VIOLSUB","HITRUN","ROADSURF","RDCOND1","RDCOND2","LIGHTING","RIGHTWAY","CHPRDTYP","NOTPRIV","STFAULT","CHPFAULT","SEVINJ","OTHERINJ","COP","PEDKILL","PEDINJ","BICKILL","BICINJ","MCKILL","MCINJURE","RAMP1","RAMP2","CITY","COUNTY","STATE","X_CHP","Y_CHP"
"6148502",0,0,2013,"0900","5","2","2","03",0,1,"A",,"Y",,,,900,7,"H","G","A","BEATTY DR","POWERS DR",180,"S","N","2014-03-17",9245,"2013-07-02",820,"14956",,"1","9","0","3",,"2","001","-","N",,0,0,,,0,,,,"N",2,"A","-",22350,,"N","A","H","-","A","D","0","Y","L","04",1,0,0,0,0,0,1,0,0,"-","-","UNINCORPORATED","EL DORADO","CA",-121.09389,38.67812
"6148501",-120.972993,38.6593352,2013,"0900","4","5","4","03",0,1,"A",,,,,,900,7,"C","C","A","CAMERON PARK DR","RT 50",35,"N","N","2014-03-17",9245,"2013-07-05",625,"11511",,"1","9","0","2",,"1","032","-","Y","ED",3,50,"-","-",6.464,"R","4","E","N",2,"A","-",22350,,"N","A","H","-","A","A","1","Y","A","01",0,0,1,0,0,0,0,0,0,"-","EF","UNINCORPORATED","EL DORADO","CA",-120.96905,38.65899
"6148500",0,0,2013,"0900","5","4","4","01",0,1,"A",,,,,"Y",2100,7,"E","I","A","SCIARONI RD","CONSUMNES MINE RD",34,"E","N","2014-03-17",9245,"2013-07-11",1845,"17089",,"2","9","0","3",,"2","004","-","N",,0,0,,,0,,,,"Y",1,"A","-",23152,"A","N","A","H","-","A","D","0","Y","A","07",0,0,1,0,0,0,0,0,0,"-","-","UNINCORPORATED","EL DORADO","CA",-120.53289,38.66897
"6148499",-120.6724343,38.6474795,2013,"0900","5","7","3","01",0,1,"A",,,"Y",,"Y",1800,7,"E","I","A","GRIZZLY FLAT RD","ROOSTER LN",10,"E","N","2014-03-17",9245,"2013-07-07",1655,"15459",,"2","9","0","3",,"2","004","-","N",,0,0,,,0,,,,"Y",1,"A","-",23152,"A","N","A","H","-","A","D","0","Y","C","02",0,1,0,0,0,0,0,0,1,"-","-","UNINCORPORATED","EL DORADO","CA",-120.67229,38.64747
"6143171",-121.0225872,38.8152103,2013,"0900","5","7","3","01",0,1,"A",,,,,"Y",1800,7,"A","I","A","PILOT VIEW DR","SALMON FALLS RD",1056,"W","N","2014-03-12",9245,"2013-07-14",1725,"17728",,"2","9","0","3",,"2","001","-","N",,0,0,,,0,,,,"N",1,"A","-",23152,"A","N","A","H","-","A","D","0","Y","D","22",0,1,0,0,0,0,0,0,0,"-","-","UNINCORPORATED","EL DORADO","CA",-121.02277,38.81517
"6142003",-120.8692036,38.6807504,2013,"0900","4","6","3","03",0,1,"A",,,"Y",,,1800,7,"C","C","A","PLEASANT VALLEY RD","MOTHER LODE DR",10,"E","N","2014-03-18",9245,"2013-07-13",1535,"017089",,"2","9","0","2",,"1","037","-","N",,0,0,,,0,,,,"N",2,"A","-",22350,,"N","A","H","-","A","A","0","Y","A","01",0,1,0,0,0,0,0,0,0,"-","-","UNINCORPORATED","EL DORADO","CA",-120.86943,38.68074
"6141942",-120.8604502,38.6918349,2013,"0900","4","7","3","01",0,1,"A",,,,,"Y",300,6,"E","I","A","EL DORADO RD","MOTHER LODE DR",51,"N","N","2014-03-03",9245,"2013-06-30",45,"018624",,"3","9","0","2",,"1","039","-","N",,0,0,,,0,,,,"Y",1,"A","-",23152,"A","N","A","H","-","C","A","0","Y","A","07",0,1,0,0,0,0,0,0,0,"-","-","UNINCORPORATED","EL DORADO","CA",-120.86047,38.69177
"6141695",-120.837403,38.7141652,2013,"0900","4","4","3","01",0,1,"A",,,,"Y",,600,7,"E","I","A","MISSOURI FLAT RD","RT 50",42,"N","N","2014-03-22",9245,"2013-07-11",520,"15607",,"3","9","0","2",,"1","037","-","Y","ED",3,50,"-","R",15.211,"R","4","E","Y",1,"A","-",23152,"A","N","A","H","-","B","A","1","Y","G","25",0,1,0,0,0,0,0,0,0,"-","EO","UNINCORPORATED","EL DORADO","CA",0,0
"6141445",-120.8533023,38.6069384,2013,"0900","3","4","2","05",0,3,"A",,,,,,300,6,"A","C","A","RT 49","CRYSTAL BL",5280,"S","N","2014-03-07",9245,"2013-06-27",16,"017935",,"3","9","0","1",,"1","135","-","Y","ED",3,49,"-","-",4.25,"H","-","S","Y",2,"A","-",21460,"A","N","A","H","-","D","D","0","Y","A","01",1,2,0,0,0,0,0,0,0,"-","-","UNINCORPORATED","EL DORADO","CA",-120.85332,38.60676
"6141441",-121.008053,38.5855384,2013,"0900","4","2","4","08",0,1,"B",,,,,,1500,6,"F","A","A","LATROBE RD","SUN RIDGE MEADOW RD",650,"S","N","2014-03-07",9245,"2013-06-25",1314,"013463",,"1","9","0","2",,"2","031","-","N",,0,0,,,0,,,,"Y",1,"A","-",22107,,"N","A","H","-","A","D","0","Y","A","01",0,0,1,0,0,0,0,0,0,"-","-","UNINCORPORATED","EL DORADO","CA",-121.0058,38.58382
"6138392",-120.8505024,38.8594006,2013,"0900","5","5","4","03",0,1,"A",,,,,,1500,6,"C","C","A","MARSHALL RD","GREENWOOD RD",2640,"E","N","2014-03-06",9245,"2013-06-28",1326,"13028",,"1","9","0","3",,"2","002","-","N",,0,0,,,0,,,,"Y",2,"A","-",22350,,"N","A","H","-","A","D","0","Y","D","22",0,0,1,0,0,0,0,0,0,"-","-","UNINCORPORATED","EL DORADO","CA",-120.85634,38.855
"6138389",-120.8536645,38.840005,2013,"0900","5","4","3","01",0,2,"A",,,,,"Y",1800,7,"E","I","A","GARDEN VALLEY RD","WHITNEY CT",385,"N","N","2014-03-18",9245,"2013-07-04",1715,"18653",,"2","9","0","3",,"2","002","-","N",,0,0,,,0,,,,"Y",1,"A","-",23152,"A","N","A","H","-","A","D","0","Y","D","22",0,1,1,0,0,0,0,0,0,"-","-","UNINCORPORATED","EL DORADO","CA",-120.85355,38.83999
"6138387",-120.6405712,38.744114,2013,"0900","2","1","2","03",0,1,"A",,,,"Y",,1800,7,"C","C","A","RT 50","SLY PARK RD",5808,"W","N","2014-03-22",9245,"2013-07-08",1500,"015459",,"2","9","0","1",,"2","150","-","Y","ED",3,50,"-","R",30.2,"H","-","E","Y",2,"A","-",22350,,"N","A","H","-","A","D","1","Y","A","01",1,0,0,0,0,0,0,0,0,"-","-","UNINCORPORATED","EL DORADO","CA",-120.59416,38.75501
"6133151",-120.8022981,38.7322079,2013,"0901","0","5","3","06",0,1,"A",,,,,,1800,6,"C","C","A","SPRING ST","TUNNEL ST",261,"E","N","2014-03-06",901,"2013-06-21",1750,"288","0901","5","2","0","0",,"0","PP1","-","N",,0,0,,,0,,,,"Y",2,"A","-",21750,,"N","A","H","-","A","D","0","Y","-","-",0,1,0,0,0,0,0,0,0,"-","-","PLACERVILLE","EL DORADO","CA",0,0
"6133147",-120.7988511,38.7310183,2013,"0901","0","6","3","01",0,1,"A",,,,,"Y",300,6,"F","J","A","BEDFORD AV","COLEMAN ST",295,"S","N","2014-03-06",901,"2013-06-29",133,"237",,"5","2","0","0",,"0",,"-","N",,0,0,,,0,,,,"Y",1,"A","-",23152,"A","N","A","H","-","D","D","0","Y","-","-",0,1,0,0,0,0,0,0,0,"-","-","PLACERVILLE","EL DORADO","CA",0,0
"6133100",-120.8023607,38.7292646,2013,"0901","0","2","4","03",0,1,"A",,,,,,1200,7,"C","C","A","RT 50","CENTER ST",210,"E","N","2014-03-11",901,"2013-07-02",1138,"199",,"5","2","0","0",,"0","PP1","-","Y","ED",3,50,"-","-",17.82,"H","-","W","Y",2,"A","-",22350,,"N","A","H","-","A","D","0","Y","-","-",0,0,1,0,0,0,0,0,0,"-","-","PLACERVILLE","EL DORADO","CA",0,0
"6131181",-120.8192425,38.6935898,2013,"0900","3","7","3","09",0,1,"A",,,,,"Y",900,7,"C","C","A","RT 49","FAITH LN",0,,"Y","2014-03-11",9245,"2013-07-07",734,"013839",,"1","9","0","1",,"1","135","-","Y","ED",3,49,"-","-",11.51,"H","-","S","Y",2,"A","-",21801,"A","M","A","H","-","A","D","0","Y","A","01",0,1,0,0,0,0,0,0,0,"-","-","UNINCORPORATED","EL DORADO","CA",-120.81848,38.69368
"6127991",-120.8180885,38.7532769,2013,"0900","3","5","3","18",0,2,"A",,,,,,1800,6,"E","I","A","RT 193","RT 49",7392,"N","N","2014-03-22",9245,"2013-06-07",1625,"17604",,"2","9","0","1",,"1","122","-","Y","ED",3,193,"-","-",25.6,"H","-","E","Y",1,"C","-",0,,"N","A","H","-","A","D","0","Y","-","-",0,2,0,0,0,0,0,0,0,"-","-","UNINCORPORATED","EL DORADO","CA",-120.81896,38.76016
"6127990",-120.5669075,38.7591768,2013,"0900","4","3","2","05",0,1,"A",,,,,,1500,6,"E","I","A","SLY PARK RD","MIDWAY AV",150,"S","N","2014-03-11",9245,"2013-06-05",1245,"013028",,"1","9","0","2",,"1","043","-","N",,0,0,,,0,,,,"Y",1,"A","-",21650,,"N","A","H","-","A","D","0","Y","A","01",1,0,0,0,0,0,0,0,0,"-","-","UNINCORPORATED","EL DORADO","CA",-120.56688,38.75415
"6127989",-121.097286,38.7033484,2013,"0900","5","6","4","08",0,1,"A",,,,,,1800,6,"E","I","A","MORMON ISLAND DR","APPALOOSA CT",340,"N","N","2014-03-10",9245,"2013-06-15",1605,"017089",,"2","9","0","3",,"2","001","-","N",,0,0,,,0,,,,"Y",1,"A","-",22107,,"N","A","H","-","A","D","0","Y","A","01",0,0,1,0,0,0,0,0,0,"-","-","UNINCORPORATED","EL DORADO","CA",-121.09729,38.70352
"6127988",0,0,2013,"0900","4","6","3","03",0,4,"A",,,,,,1800,6,"A","C","A","ICE HOUSE RD","BASSI FALLS RD",535,"S","N","2014-03-05",9245,"2013-06-15",1720,"015607",,"2","9","0","2",,"1","026","-","N",,0,0,,,0,,,,"Y",2,"A","-",22350,,"N","A","H","-","A","D","0","Y","A","01",0,4,0,0,0,0,0,0,0,"-","-","UNINCORPORATED","EL DORADO","CA",-120.35939,38.88663
"6127036",-120.9758128,38.7396072,2013,"0900","5","7","3","03",0,1,"A",,,,,,2400,6,"E","I","A","DEER VALLEY RD","JURGENS RD",200,"W","N","2014-03-03",9245,"2013-06-16",2300,"015609",,"3","9","0","3",,"2","001","-","N",,0,0,,,0,,,,"Y",1,"A","-",22350,,"F","A","H","-","D","D","0","Y","A","01",0,1,0,0,0,0,0,0,0,"-","-","UNINCORPORATED","EL DORADO","CA",-120.97542,38.73961
"6125051",-120.9286089,38.6712507,2013,"0900","4","1","4","01",0,1,"A",,,,,,1200,7,"E","I","A","NORTH SHINGLE RD","EASTVIEW DR",50,"S","N","2014-03-11",9245,"2013-07-01",1020,"014956",,"1","9","0","2",,"1","013","-","N",,0,0,,,0,,,,"Y",1,"A","-",23152,"A","N","A","H","-","A","D","0","Y","A","01",0,0,1,0,0,0,0,0,0,"-","-","UNINCORPORATED","EL DORADO","CA",-120.9286,38.6714
"6124384",-120.0565229,38.8253253,2013,"0900","2","2","4","08",0,2,"A",,,,,,900,6,"E","I","A","RT 50","AUDRIAN WY",235,"E","N","2014-03-05",9246,"2013-06-04",825,"10056",,"1","9","0","1",,"1","021","-","Y","ED",3,50,"-","-",64.84,"H","-","E","Y",1,"A","-",22107,,"N","A","H","-","A","A","0","Y","A","01",0,0,2,0,0,0,0,0,0,"-","-","UNINCORPORATED","EL DORADO","CA",-120.0579,38.82494
"6124380",-120.0802435,38.9294836,2013,"0900","5","2","3","03",0,1,"A",,"Y",,,,1500,6,"F","A","A","SPRING CREEK RD","KAROK RD",200,"W","N","2014-03-05",9246,"2013-06-11",1425,"14478",,"2","9","0","3",,"2","300","-","N",,0,0,,,0,,,,"N",1,"A","-",22350,,"N","A","H","-","A","D","0","Y","L","04",0,1,0,0,0,0,1,0,0,"-","-","UNINCORPORATED","EL DORADO","CA",0,0
"6122161",-120.2335189,38.7909373,2013,"0900","5","7","4","05",0,1,"A",,,"Y",,,1500,6,"B","C","A","WRIGHTS LAKE RD","RT 50",10560,"N","N","2014-03-05",9245,"2013-06-30",1220,"13929",,"1","9","0","3",,"2","002","-","N",,0,0,,,0,,,,"N",2,"A","-",21650,,"N","A","H","-","A","D","0","Y","C","02",0,0,1,0,0,0,0,0,1,"-","-","UNINCORPORATED","EL DORADO","CA",0,0
"6121067",-120.5438637,38.6483117,2013,"0900","5","2","3","03",0,2,"A",,,,,,2400,7,"F","A","A","STRING CANYON RD","EAGLE HILL RD",528,"W","N","2014-03-11",9245,"2013-07-09",2155,"015609",,"2","9","0","3",,"2","004","-","N",,0,0,,,0,,,,"Y",1,"A","-",22350,,"N","A","H","-","D","D","0","Y","A","01",0,2,0,0,0,0,0,0,0,"-","-","UNINCORPORATED","EL DORADO","CA",-120.54344,38.64759
"6120989",-121.024354,38.7865966,2013,"0900","4","6","3","05",0,1,"A",,,"Y",,,1200,6,"B","C","A","SALMON FALLS RD","GALLAGHER RD",1056,"N","N","2014-03-05",9245,"2013-06-29",1045,"011511",,"1","9","0","2",,"2","012","-","N",,0,0,,,0,,,,"Y",2,"A","-",21460,"A","N","A","H","-","A","D","0","Y","C","02",0,1,0,0,0,0,0,0,1,"-","-","UNINCORPORATED","EL DORADO","CA",-121.02482,38.78762
"6120828",-120.8858749,38.7013587,2013,"0900","5","7","3","05",0,1,"A",,,,,,1500,6,"H","A","A","GREENSTONE RD","S SYLVAN LN",250,"S","N","2014-09-19",9245,"2013-06-30",1400,"13248",,"2","9","0","3",,"2","001","-","N",,0,0,,,0,,,,"Y",2,"A","-",21460,"A","F","A","H","-","A","D","0","Y","D","22",0,1,0,0,0,0,0,0,0,"-","-","UNINCORPORATED","EL DORADO","CA",0,0
"6120301",0,0,2013,"0900","5","4","2","00",0,1,"A","Y",,,,,1500,5,"G","B","B","SOPHIA PARKWAY","ALEXANDRA DR",6,"N","N","2014-02-26",9245,"2013-05-30",1230,"13028",,"1","9","0","3",,"2","001","-","N",,0,0,,,0,,,,"N",2,"D","-",0,,"N","A","H","-","A","A","0","Y","-","-",1,0,0,0,1,0,0,0,0,"-","-","UNINCORPORATED","EL DORADO","CA",-121.03572,38.69145
"6120276",-120.4959222,38.7667699,2013,"0900","2","6","4","05",0,1,"A",,,,,,300,6,"E","I","A","RT 50","PEAVINE RIDGE RD",4224,"E","N","2014-03-06",9245,"2013-06-29",240,"018466",,"3","9","0","1",,"2","150","-","Y","ED",3,50,"-","-",36.45,"H","-","E","Y",1,"A","-",21650,,"N","A","H","-","D","D","1","Y","A","01",0,0,1,0,0,0,0,0,0,"-","-","UNINCORPORATED","EL DORADO","CA",-120.49556,38.76687
"6119539",-120.7427895,38.7414839,2013,"0900","4","6","3","01",0,1,"A",,,,,"Y",2100,6,"E","I","A","CARSON RD","UNION RIDGE RD",1357,"E","N","2014-03-04",9245,"2013-06-22",1910,"015607",,"2","9","0","2",,"1","024","-","N",,0,0,,,0,,,,"Y",1,"A","-",23152,"A","N","A","H","-","A","D","0","Y","A","07",0,1,0,0,0,0,0,0,0,"-","-","UNINCORPORATED","EL DORADO","CA",-120.74117,38.74153
"6119535",-120.964463,38.6596552,2013,"0900","2","7","4","01",0,1,"A",,,,,,300,6,"E","I","A","RT 50","CAMERON PARK DR",80,"E","N","2014-03-04",9245,"2013-06-23",55,"018624","9245","3","9","0","1",,"2","110","-","Y","ED",3,50,"-","-",6.748,"R","2","W","Y",1,"A","-",23152,"A","N","A","H","-","D","D","1","Y","A","01",0,0,1,0,0,0,0,0,0,"WF","-","UNINCORPORATED","EL DORADO","CA",-120.96852,38.66053
"6119531",-120.9869792,38.6572758,2013,"0900","2","4","3","01",0,1,"A",,,,,"Y",2400,6,"E","J","A","RT 50","CAMERON PARK DR",5280,"W","N","2014-03-04",9245,"2013-06-13",2315,"018624","9245","3","9","0","1",,"2","110","-","Y","ED",3,50,"-","-",5.57,"H","-","W","Y",1,"A","-",23152,"A","N","A","H","-","D","D","1","Y","A","01",0,1,0,0,0,0,0,0,0,"-","-","UNINCORPORATED","EL DORADO","CA",-120.98609,38.65735
"6117903",-120.248463,38.6570751,2013,"0900","5","1","3","03",0,2,"A",,,,,,1200,7,"C","C","A","MORMAN EMIGRANT TRL","SILVER FORK RD",0,,"Y","2014-03-10",9245,"2013-07-01",1030,"13929",,"1","9","0","3",,"2","004","-","N",,0,0,,,0,,,,"Y",2,"A","-",22350,,"N","A","H","-","A","D","0","Y","D","22",0,2,0,0,0,0,0,0,0,"-","-","UNINCORPORATED","EL DORADO","CA",0,0
"6116446",-120.4557289,38.7741388,2013,"0900","4","4","4","08",0,1,"A",,,,,,600,6,"E","I","A","ICE HOUSE RD","WHITE MEADOWS RD",90,"N","N","2014-03-03",9245,"2013-06-20",450,"013603",,"3","9","0","2",,"1","026","-","N",,0,0,,,0,,,,"Y",1,"A","-",22107,,"N","A","H","-","D","D","0","Y","D","22",0,0,1,0,0,0,0,0,0,"-","-","UNINCORPORATED","EL DORADO","CA",-120.45555,38.77433
"6116438",-120.7764216,38.6835507,2013,"0900","4","1","4","05",0,2,"B",,,,,,1800,6,"A","C","A","PLEASANT VALLEY RD","PONDERHILL WY",528,"E","N","2014-03-03",9245,"2013-06-24",1645,"015459",,"2","9","0","2",,"1","041","C","N",,0,0,,,0,,,,"Y",2,"A","-",21460,"A","N","B","H","-","A","D","0","Y","A","01",0,0,2,0,0,0,0,0,0,"-","-","UNINCORPORATED","EL DORADO","CA",-120.77791,38.68566
"6116434",-120.7378378,38.5864832,2013,"0900","4","6","3","05",0,2,"A",,,,,,1500,6,"E","I","A","MOUNT AUKUM RD","PAINTED PONY RD",55,"N","N","2014-03-03",9245,"2013-06-29",1210,"016629",,"1","9","0","2",,"1","042","-","N",,0,0,,,0,,,,"Y",1,"A","-",21650,,"N","A","H","-","A","D","0","Y","D","22",0,2,0,0,0,0,0,0,0,"-","-","UNINCORPORATED","EL DORADO","CA",-120.73783,38.5864
"6116426",-121.020897,38.7884332,2013,"0900","5","3","3","01",0,1,"A",,,,,,600,6,"F","A","A","SALMON FALLS RD","SALMON FALLS CT",528,"N","N","2014-02-28",9245,"2013-06-19",300,"015609",,"3","9","0","3",,"2","001","-","N",,0,0,,,0,,,,"Y",1,"A","-",23152,"A","N","A","H","-","D","D","0","Y","A","01",0,1,0,0,0,0,0,0,0,"-","-","UNINCORPORATED","EL DORADO","CA",-121.02035,38.78871
"6116422",-120.8699437,38.8934678,2013,"0900","3","7","3","01",0,1,"A",,,,,"Y",1800,6,"E","I","A","RT 193","LONGVIEW LN",500,"N","N","2014-02-28",9245,"2013-06-09",1630,"017728",,"2","9","0","1",,"1","122","-","Y","ED",3,193,"-","-",9.8,"H","-","W","Y",1,"A","-",23152,"A","N","A","H","-","A","D","0","Y","A","07",0,1,0,0,0,0,0,0,0,"-","-","UNINCORPORATED","EL DORADO","CA",-120.88227,38.89338
"6113897",-120.0049429,38.8785353,2013,"0900","2","2","4","18",0,1,"A",,,,,,1200,5,"E","I","A","RT 50","SAWMILL RD",1056,"E","N","2014-03-03",9246,"2013-05-28",915,"14478",,"1","9","0","1",,"1","022","-","Y","ED",3,50,"-","-",72.91,"H","-","E","Y",1,"C","-",0,,"N","A","H","-","A","D","0","Y","-","-",0,0,1,0,0,0,0,0,0,"-","-","UNINCORPORATED","EL DORADO","CA",-120.00526,38.8776
"6113414",-120.2020664,38.7883974,2013,"0900","2","1","4","08",0,2,"A",,,,,,600,6,"E","I","A","RT 50","39 MILE STONE",949,"W","N","2014-03-04",9245,"2013-06-17",415,"14424",,"3","9","0","1",,"1","170","-","Y","ED",3,50,"-","-",54.48,"H","-","W","Y",1,"A","-",22107,,"N","A","H","-","D","D","0","Y","A","07",0,0,2,0,0,0,0,0,0,"-","-","UNINCORPORATED","EL DORADO","CA",-120.20323,38.78821
"6113410",-120.9951291,38.6990942,2013,"0900","4","2","4","09",0,1,"A","Y",,,,,1500,6,"G","B","E","GREEN VALLEY RD","CAMERON PARK DR",140,"E","N","2014-03-04",9245,"2013-06-11",1455,"14956",,"2","9","0","2",,"2","011","-","N",,0,0,,,0,,,,"N",2,"A","-",21804,"A","N","A","H","-","A","D","0","Y","A","01",0,0,1,0,1,0,0,0,0,"-","-","UNINCORPORATED","EL DORADO","CA",-120.99511,38.69893
"6113406",0,0,2013,"0900","5","1","3","03",0,2,"A",,,,,,2400,6,"F","A","A","BEATTY DR","ALEXANDRA DR",1584,"E","N","2014-03-04",9245,"2013-06-17",2230,"15609",,"3","9","0","3",,"2","001","-","N",,0,0,,,0,,,,"Y",1,"A","-",22350,,"N","A","H","-","D","D","0","Y","A","01",0,1,1,0,0,0,0,0,0,"-","-","UNINCORPORATED","EL DORADO","CA",-121.09513,38.68531
"6113402",-120.7080319,38.6371339,2013,"0900","4","7","3","05",0,2,"A",,,,,,1800,6,"B","C","A","SAND RIDGE RD","WEEBEELEE LN",40,"N","N","2014-04-05",9245,"2013-06-16",1640,"17756",,"2","9","0","2",,"1","042","-","N",,0,0,,,0,,,,"N",2,"A","-",21460,,"N","A","H","-","A","D","0","Y","-","-",0,2,0,0,0,0,0,0,0,"-","-","UNINCORPORATED","EL DORADO","CA",-120.70804,38.63709
"6113367",-120.6524365,38.6385823,2013,"0900","5","3","3","05",0,1,"A",,,,,,1500,6,"E","I","A","GRIZZLY FLAT RD","RODWELL CANYON RD",600,"E","N","2014-09-04",9245,"2013-06-19",1210,"15262",,"1","9","0","3",,"2","004","-","N",,0,0,,,0,,,,"Y",1,"A","-",21650,,"N","A","H","-","A","A","0","Y","A","01",0,1,0,0,0,0,0,0,0,"-","-","UNINCORPORATED","EL DORADO","CA",-120.65185,38.63857
"6113363",-120.7643211,38.6202743,2013,"0900","5","4","4","09",0,1,"A",,,"Y",,,1500,5,"F","A","A","SAND RIDGE RD","BOULDER POINT LN",12,"E","N","2014-09-04",9245,"2013-05-30",1300,"18114",,"1","9","0","3",,"2","004","-","N",,0,0,,,0,,,,"N",2,"A","-",21804,"A","N","A","H","-","A","D","0","Y","A","01",0,0,1,0,0,0,0,0,1,"-","-","UNINCORPORATED","EL DORADO","CA",-120.7643,38.62027
"6113197",-120.8212137,38.8198851,2013,"0900","3","3","3","01",0,1,"A",,,,,"Y",300,6,"E","I","A","RT 193","GARDEN VALLEY RD",2640,"W","N","2014-02-28",9245,"2013-06-19",135,"14424",,"3","9","0","1",,"1","122","-","Y","ED",3,193,"-","-",18.9,"H","-","W","Y",1,"A","-",23152,"A","N","A","H","-","D","D","0","Y","A","01",0,1,0,0,0,0,0,0,0,"-","-","UNINCORPORATED","EL DORADO","CA",-120.81994,38.82249
"6113193",0,0,2013,"0900","5","7","2","17",0,1,"A",,,"Y",,,1500,6,"B","C","A","NORTH SOUTH RD","OMO RANCH RD",2640,"N","N","2014-02-28",9245,"2013-06-16",1435,"15459",,"2","9","0","3",,"2","004","-","N",,0,0,,,0,,,,"N",2,"A","-",21662,"A","N","A","H","-","A","D","0","Y","C","02",1,0,0,0,0,0,0,0,1,"-","-","UNINCORPORATED","EL DORADO","CA",-120.45683,38.56406
"6112848",-120.6676482,38.7129956,2013,"0900","5","3","3","05",0,1,"A",,,,,,600,6,"E","I","A","SNOWS RD","GLORY HOLE DR",170,"N","N","2014-03-01",9245,"2013-06-19",550,"015262",,"3","9","0","3",,"2","004","-","N",,0,0,,,0,,,,"Y",1,"A","-",21650,,"N","A","H","-","A","A","0","Y","D","22",0,1,0,0,0,0,0,0,0,"-","-","UNINCORPORATED","EL DORADO","CA",-120.6688,38.7159
"6112843",-120.7862895,38.7825163,2013,"0900","5","6","2","05",0,1,"A",,,,,,300,6,"F","A","A","ROCK CREEK RD","SHOO FLY RD",1056,"W","N","2014-03-01",9245,"2013-06-15",200,"013028",,"3","9","0","3",,"2","002","-","N",,0,0,,,0,,,,"Y",1,"A","-",21650,,"N","A","H","-","D","D","0","Y","D","22",1,0,0,0,0,0,0,0,0,"-","-","UNINCORPORATED","EL DORADO","CA",-120.78622,38.78254
"6112791",-120.876263,38.8419051,2013,"0900","4","1","3","01",0,3,"A",,,,,"Y",300,4,"F","A","A","MARSHALL RD","MOUNT MURPHY RD",0,,"Y","2014-05-19",9245,"2013-04-29",20,"13603",,"3","9","0","2",,"1","021","-","N",,0,0,,,0,,,,"Y",1,"A","-",23152,"A","N","A","H","-","D","D","0","Y","A","01",0,1,2,0,0,0,0,0,0,"-","-","UNINCORPORATED","EL DORADO","CA",-120.87666,38.84168
"6112742",-120.9865308,38.5626946,2013,"0900","4","7","2","01",0,2,"A",,,,,"Y",1800,6,"E","I","A","LATROBE RD","LATROBE TRIANGLE RD",700,"N","N","2014-02-28",9245,"2013-06-09",1750,"013248",,"2","9","0","2",,"2","031","-","N",,0,0,,,0,,,,"N",1,"A","-",23152,"A","N","A","H","-","A","D","0","Y","A","01",2,0,0,0,0,0,0,0,0,"-","-","UNINCORPORATED","EL DORADO","CA",-120.98705,38.56333
"6112741",0,0,2013,"0900","5","1","3","05",0,1,"A",,,,,,1800,6,"E","I","A","MORMON EMIGRANT TRL","1N40",4224,"E","N","2014-02-28",9245,"2013-06-10",1620,"015459",,"2","9","0","3",,"2","004","-","N",,0,0,,,0,,,,"Y",1,"A","-",21650,,"N","A","H","-","A","D","0","Y","A","01",0,1,0,0,0,0,0,0,0,"-","-","UNINCORPORATED","EL DORADO","CA",-120.297,38.65013
"6112740",-121.0141869,38.6558882,2013,"0900","5","7","4","05",0,1,"A",,,"Y",,,1800,6,"F","A","A","COUNTRY CLUB DR","TIERRA DE DIOS DR",30,"E","N","2014-02-28",9245,"2013-06-02",1600,"013248",,"2","9","0","3",,"2","001","-","N",,0,0,,,0,,,,"Y",1,"A","-",21650,,"N","A","H","-","A","D","0","Y","C","02",0,0,1,0,0,0,0,0,1,"-","-","UNINCORPORATED","EL DORADO","CA",-121.01432,38.65571
"6112739",-120.7259091,38.7388552,2013,"0900","2","3","4","08",0,1,"A",,,,,,1800,6,"D","C","A","RT 50","BRAEBURN LN",50,"W","N","2014-04-05",9245,"2013-06-05",1515,"017737",,"2","9","0","1",,"2","140","-","Y","ED",3,50,"-","-",22.38,"H","-","W","Y",2,"A","-",22107,,"N","A","H","-","A","D","1","Y","A","01",0,0,1,0,0,0,0,0,0,"-","-","UNINCORPORATED","EL DORADO","CA",-120.73,38.7383
"6110704",-121.0583252,38.6569106,2013,"0900","2","1","4","08",0,2,"A",,,,,,600,6,"E","I","A","RT 50","EL DORADO HILLS BL",2640,"E","N","2014-02-27",9245,"2013-06-03",400,"17935",,"3","9","0","1",,"2","110","-","Y","ED",3,50,"-","-",1.53,"H","-","E","Y",1,"A","-",22107,,"N","A","H","-","D","D","1","Y","A","01",0,0,2,0,0,0,0,0,0,"-","-","UNINCORPORATED","EL DORADO","CA",-121.05458,38.65684