"CASEID","POINT_X","POINT_Y","YEAR_","LOCATION","CHPTYPE","DAYWEEK","CRASHSEV","VIOLCAT","KILLED","INJURED","WEATHER1","PEDCOL","BICCOL","MCCOL","TRUCKCOL","ETOH","TIMECAT","MONTH_","CRASHTYP","INVOLVE","PED","PRIMARYRD","SECONDRD","DISTANCE","DIRECT","INTERSECT_","PROCDATE","JURIS","DATE_","TIME_","BADGE","JURIDIST","SHIFT","POP","SPECIAL","BEATTYPE","LAPDDIV","BEATCLAS","BEATNUMB","WEATHER2","STATEHW","CALTRANC","CALTRAND","STROUTE","ROUTESUF","POSTPRE","POSTMILE","LOCATYPE","RAMP","SIDEHW","TOWAWAY","PARTIES","PCF","VIOLCODE","VIOL","VIOLSUB","HITRUN","ROADSURF","RDCOND1","RDCOND2","LIGHTING","RIGHTWAY","CHPRDTYP","NOTPRIV","STFAULT","CHPFAULT","SEVINJ","OTHERINJ","COP","PEDKILL","PEDINJ","BICKILL","BICINJ","MCKILL","MCINJURE","RAMP1","RAMP2","CITY","COUNTY","STATE","X_CHP","Y_CHP"
"6110703",-120.7620516,38.6898831,2013,"0900","5","3","4","09",0,1,"A",,,,,,1800,6,"D","C","A","QUARRY RD","CEDAR RAVINE RD",1056,"W","N","2014-02-27",9245,"2013-06-12",1715,"15459",,"2","9","0","3",,"2","004","-","N",,0,0,,,0,,,,"Y",2,"A","-",21804,"A","N","A","H","-","A","D","0","Y","A","07",0,0,1,0,0,0,0,0,0,"-","-","UNINCORPORATED","EL DORADO","CA",-120.76108,38.68953
"6110530",-120.8167525,38.6940102,2013,"0900","3","2","4","09",0,2,"A",,,,,,1800,5,"D","C","A","RT 49","ODD FELLOWS RD",0,,"Y","2014-02-28",9245,"2013-05-28",1515,"17935",,"2","9","0","1",,"1","135","-","Y","ED",3,49,"-","-",11.65,"I","5","S","Y",2,"A","-",21802,"A","N","A","H","-","A","A","0","Y","A","07",0,0,2,0,0,0,0,0,0,"-","-","UNINCORPORATED","EL DORADO","CA",-120.81593,38.69413
"6106944",-120.9368086,38.6570168,2013,"0900","4","3","3","18",0,1,"A",,,"Y",,,2400,6,"H","H","A","SOUTH SHINGLE RD","S SHINGLE CT",250,"S","N","2014-03-01",9245,"2013-06-12",2130,"17089",,"2","9","0","2",,"1","032","-","N",,0,0,,,0,,,,"Y",1,"C","-",0,,"N","A","H","-","D","D","0","Y","-","-",0,1,0,0,0,0,0,0,1,"-","-","UNINCORPORATED","EL DORADO","CA",-120.9367,38.65726
"6106606",-121.0333569,38.7047647,2013,"0900","4","5","4","09",0,4,"A",,,,,,2100,6,"D","C","A","GREEN VALLEY RD","DEER VALLEY RD",760,"W","N","2014-03-01",9245,"2013-06-07",1850,"18653",,"2","9","0","2",,"2","011","-","N",,0,0,,,0,,,,"Y",2,"A","-",21801,"A","N","A","H","-","A","D","0","Y","A","08",0,0,4,0,0,0,0,0,0,"-","-","UNINCORPORATED","EL DORADO","CA",-121.0391,38.70866
"6106566",-120.837403,38.7141652,2013,"0900","4","4","3","03",0,1,"A",,,,,,2100,6,"C","C","A","MISSOURI FLAT RD","RT 50",15,"S","N","2014-03-01",9245,"2013-06-13",1930,"17089",,"2","9","0","2",,"1","037","-","Y","ED",3,50,"-","R",15.211,"R","4","E","Y",2,"A","-",22350,,"N","A","H","-","A","A","1","Y","A","01",0,1,0,0,0,0,0,0,0,"-","-","UNINCORPORATED","EL DORADO","CA",-120.83866,38.71067
"6106562",-120.251273,38.7807401,2013,"0900","2","6","3","03",0,3,"A",,,,,,1800,6,"D","C","A","RT 50","36 MILE STONE",2112,"W","N","2014-03-01",9245,"2013-06-15",1735,"18653",,"2","9","0","1",,"1","170","-","Y","ED",3,50,"-","-",51.57,"H","-","E","Y",2,"A","-",22350,,"N","A","H","-","A","D","0","Y","D","22",0,2,1,0,0,0,0,0,0,"-","-","UNINCORPORATED","EL DORADO","CA",-120.25161,38.78045
"6106489",0,0,2013,"0900","4","3","4","03",0,2,"A",,,,,,1500,5,"C","C","A","NORTH SHINGLE RD","LANDES LN",86,"S","N","2014-02-28",9245,"2013-05-22",1355,"16465",,"1","9","0","2",,"1","013","-","N",,0,0,,,0,,,,"Y",3,"A","-",22350,,"N","A","H","-","A","D","0","Y","D","22",0,0,2,0,0,0,0,0,0,"-","-","UNINCORPORATED","EL DORADO","CA",-120.92897,38.68342
"6101440",-120.995003,38.695275,2013,"0900","4","7","4","09",0,2,"A",,,,,,2100,6,"D","C","A","CAMERON PARK DR","LA CANADA DR",0,,"Y","2014-02-27",9245,"2013-06-09",1850,"017728",,"2","9","0","2",,"1","015","-","N",,0,0,,,0,,,,"Y",3,"A","-",21453,"C","N","A","H","-","A","A","0","Y","A","01",0,0,2,0,0,0,0,0,0,"-","-","UNINCORPORATED","EL DORADO","CA",-120.99506,38.6953
"6101439",-120.8456831,38.6820451,2013,"0900","4","6","4","09",0,1,"A",,,,,,1500,6,"D","C","A","PLEASANT VALLEY RD","FORNI RD",0,,"Y","2014-02-27",9245,"2013-06-08",1400,"018653",,"2","9","0","2",,"1","037","-","N",,0,0,,,0,,,,"N",2,"A","-",21802,"A","N","A","H","-","-","A","0","Y","A","08",0,0,1,0,0,0,0,0,0,"-","-","UNINCORPORATED","EL DORADO","CA",-120.84564,38.68198
"6101268",-120.884103,38.7929152,2013,"0900","3","4","3","05",0,2,"A",,,,,,900,6,"E","I","A","RT 49","WESTAR CT",150,"S","N","2014-02-27",9245,"2013-06-13",700,"13028",,"1","9","0","1",,"1","115","-","Y","ED",3,49,"-","-",22.37,"H","-","S","Y",1,"A","-",21650,,"N","A","H","-","A","D","0","Y","D","22",0,2,0,0,0,0,0,0,0,"-","-","UNINCORPORATED","EL DORADO","CA",0,0
"6098467",-120.621173,38.7476752,2013,"0900","4","7","4","09",0,1,"A",,,,,,1800,5,"D","C","A","SLY PARK RD","RT 50",7,"S","N","2014-02-28",9245,"2013-05-19",1535,"16465",,"2","9","0","2",,"1","043","-","Y","ED",3,50,"-","R",31.184,"R","4","E","Y",2,"A","-",21802,"A","N","A","H","-","A","A","1","Y","A","01",0,0,1,0,0,0,0,0,0,"-","EF","UNINCORPORATED","EL DORADO","CA",-120.57564,38.76096
"6098463",0,0,2013,"0900","4","4","4","09",0,1,"A",,,,,,1800,5,"A","C","A","EL DORADO HILLS BL","BRITTANY WY",0,,"Y","2014-02-28",9245,"2013-05-23",1505,"16629",,"2","9","0","2",,"2","012","-","N",,0,0,,,0,,,,"Y",2,"A","-",21801,"A","N","A","H","-","A","A","0","Y","A","01",0,0,1,0,0,0,0,0,0,"-","-","UNINCORPORATED","EL DORADO","CA",-121.08351,38.70001
"6098059",-120.6138903,38.7487105,2013,"0900","2","3","3","08",0,2,"A",,,,,,600,6,"E","I","A","RT 50","SLY PARK RD",1100,"E","N","2014-03-03",9245,"2013-06-05",400,"018240",,"3","9","0","1",,"2","140","-","Y","ED",3,50,"-","R",31.52,"H","-","E","Y",1,"A","-",22107,,"N","A","H","-","D","D","1","Y","A","01",0,2,0,0,0,0,0,0,0,"-","-","UNINCORPORATED","EL DORADO","CA",-120.56624,38.76118
"6098055",-120.5709411,38.7175134,2013,"0900","5","5","3","05",0,1,"A",,,"Y",,,2100,6,"E","I","A","MORMON EMIGRANT TRL","SLY PARK RD",1400,"S","N","2014-03-03",9245,"2013-06-07",2050,"018240",,"2","9","0","3",,"2","004","-","N",,0,0,,,0,,,,"N",1,"A","-",21650,,"N","A","H","-","E","D","0","Y","C","02",0,1,0,0,0,0,0,0,1,"-","-","UNINCORPORATED","EL DORADO","CA",-120.57079,38.71737
"6098051",0,0,2013,"0900","4","7","4","08",0,1,"A",,,"Y",,,1200,6,"F","A","A","ICE HOUSE RD","WENTWORTH SPRINGS RD",528,"S","N","2014-03-03",9245,"2013-06-09",1030,"013929",,"1","9","0","2",,"1","026","-","N",,0,0,,,0,,,,,1,"A","-",22107,,"N","A","H","-","A","D","0","Y","C","02",0,0,1,0,0,0,0,0,1,"-","-","UNINCORPORATED","EL DORADO","CA",0,0
"6097305",-121.0231311,38.7880138,2013,"0900","4","3","3","05",0,1,"A",,"Y",,,,1500,6,"A","G","A","SALMON FALLS RD","MINERS VALLEY RD",528,"S","N","2014-03-05",9245,"2013-06-05",1440,"016629",,"2","9","0","2",,"2","012","-","N",,0,0,,,0,,,,"N",2,"A","-",21460,"A","N","A","H","-","A","D","0","Y","L","04",0,1,0,0,0,0,1,0,0,"-","-","UNINCORPORATED","EL DORADO","CA",-121.02376,38.78747
"6097303",-120.741253,38.6787051,2013,"0900","4","3","4","03",0,1,"A",,,,,,1800,6,"C","C","A","PLEASANT VALLEY RD","CEDAR RAVINE RD",0,,"Y","2014-03-05",9245,"2013-06-12",1510,"015459",,"2","9","0","2",,"1","041","-","N",,0,0,,,0,,,,"Y",2,"A","-",22350,,"N","A","H","-","A","D","0","Y","D","22",0,0,1,0,0,0,0,0,0,"-","-","UNINCORPORATED","EL DORADO","CA",-120.74104,38.67883
"6095232",-121.0190693,38.8658627,2013,"0900","3","3","2","01",0,2,"A",,,,,,900,3,"A","C","A","RT 49","CATECRAFT LN",45,"S","N","2014-10-29",9245,"2013-03-27",640,"14424",,"1","9","0","1",,"1","115","-","Y","ED",3,49,"-","-",32.95,"H","-","S","Y",2,"A","-",23152,"A","N","A","H","-","B","D","0","Y","A","01",1,1,0,0,0,0,0,0,0,"-","-","UNINCORPORATED","EL DORADO","CA",-121.01906,38.86561
"6094593",0,0,2013,"0900","4","1","3","06",0,1,"B",,"Y",,,,900,6,"C","G","A","NEWTOWN RD","POINT VIEW DR",3590,"E","N","2014-03-01",9245,"2013-06-10",740,"013929",,"1","9","0","2",,"1","045","-","N",,0,0,,,0,,,,"N",2,"A","-",21750,,"N","A","H","-","A","D","0","Y","D","22",0,1,0,0,0,0,1,0,0,"-","-","UNINCORPORATED","EL DORADO","CA",0,0
"6094585",-120.9392361,38.6527179,2013,"0900","4","5","3","03",0,1,"A",,,,,,1200,6,"E","I","A","SOUTH SHINGLE RD","PELKIE LN",248,"N","N","2014-03-01",9245,"2013-06-07",915,"011511",,"1","9","0","2",,"1","032","-","N",,0,0,,,0,,,,"Y",2,"A","-",22350,,"N","A","H","-","A","D","0","Y","A","01",0,1,0,0,0,0,0,0,0,"-","-","UNINCORPORATED","EL DORADO","CA",-120.93928,38.6528
"6093072",-120.9385431,38.6647925,2013,"0900","4","3","4","03",0,1,"A",,,,,,1500,5,"C","C","A","PONDEROSA RD","WILD CHAPARRAL DR",300,"N","N","2014-02-24",9245,"2013-05-29",1405,"13929",,"2","9","0","2",,"1","013","-","N",,0,0,,,0,,,,"Y",3,"A","-",22350,,"N","A","H","-","A","D","0","Y","A","07",0,0,1,0,0,0,0,0,0,"-","-","UNINCORPORATED","EL DORADO","CA",-120.93862,38.66438
"6093068",-120.4021785,38.8307177,2013,"0900","5","7","3","03",0,1,"A",,"Y",,,,1500,5,"F","A","A","BIG HILL LOOKOUT RD","ICE HOUSE RD",5808,"W","N","2014-02-24",9245,"2013-05-26",1400,"18653",,"2","9","0","3",,"2","002","-","N",,0,0,,,0,,,,"N",2,"A","-",22350,,"N","A","B","-","A","D","0","Y","L","04",0,1,0,0,0,0,1,0,0,"-","-","UNINCORPORATED","EL DORADO","CA",-120.40437,38.83097
"6093064",-120.7265989,38.6879509,2013,"0900","4","1","3","05",0,3,"C",,,,,,1500,5,"D","C","A","PLEASANT VALLEY RD","CLYDESDALE CT",1056,"E","N","2014-02-24",9245,"2013-05-27",1332,"18653",,"1","9","0","2",,"1","037","-","N",,0,0,,,0,,,,"Y",2,"A","-",21460,"A","N","B","H","-","A","D","0","Y","A","01",0,2,1,0,0,0,0,0,0,"-","-","UNINCORPORATED","EL DORADO","CA",-120.72567,38.68859
"6087369",-120.6561865,38.6843188,2013,"0900","4","4","3","01",0,3,"A",,,,,"Y",900,5,"A","C","A","SLY PARK RD","BONITA VISTA DR",342,"W","N","2014-02-22",9245,"2013-05-02",810,"016465",,"1","9","0","2",,"1","043","-","N",,0,0,,,0,,,,"Y",2,"A","-",23152,"A","N","A","H","-","A","D","0","Y","A","07",0,3,0,0,0,0,0,0,0,"-","-","UNINCORPORATED","EL DORADO","CA",-120.65627,38.68428
"6087368",-120.4947059,38.5450654,2013,"0900","4","5","3","03",0,1,"A",,,"Y",,,1500,5,"F","A","A","OMO RANCH RD","INDIAN DIGGINS RD",24288,"E","N","2014-02-22",9245,"2013-05-03",1400,"016465",,"2","9","0","2",,"1","042","-","N",,0,0,,,0,,,,"Y",1,"A","-",22350,,"N","A","H","-","A","D","0","Y","C","02",0,1,0,0,0,0,0,0,1,"-","-","UNINCORPORATED","EL DORADO","CA",-120.49028,38.54388
"6087367",-120.8414404,38.7126038,2013,"0900","4","5","4","03",0,1,"A",,,,,,1200,5,"C","C","A","MISSOURI FLAT RD","PLAZA DR",28,"S","N","2014-02-22",9245,"2013-05-10",1105,"018114",,"1","9","0","2",,"2","011","-","N",,0,0,,,0,,,,"N",2,"A","-",22350,,"N","A","H","-","A","D","0","Y","A","01",0,0,1,0,0,0,0,0,0,"-","-","UNINCORPORATED","EL DORADO","CA",-120.84128,38.71298
"6087030",-121.0122099,38.8493018,2013,"0900","3","2","4","05",0,1,"B",,,"Y",,,1500,5,"F","A","A","RT 49","MEADOWVIEW ACRES RD",2640,"S","N","2014-02-20",9245,"2013-05-07",1310,"13248",,"1","9","0","1",,"1","115","-","Y","ED",3,49,"-","-",31.72,"H","-","S","Y",1,"A","-",21650,,"N","A","H","-","A","D","0","Y","C","02",0,0,1,0,0,0,0,0,1,"-","-","UNINCORPORATED","EL DORADO","CA",-121.01227,38.84844
"6087029",0,0,2013,"0900","4","5","4","08",0,1,"A",,,"Y",,,1800,5,"D","C","A","DUROCK RD","COACH LN",528,"S","N","2014-02-20",9245,"2013-05-03",1630,"17756",,"2","9","0","2",,"1","032","-","N",,0,0,,,0,,,,"N",2,"A","-",22107,,"N","A","H","-","A","D","0","Y","C","02",0,0,1,0,0,0,0,0,1,"-","-","UNINCORPORATED","EL DORADO","CA",-120.9689,38.6565
"6086457",-120.1153236,38.8033668,2013,"0900","2","6","3","01",0,1,"A",,,,,"Y",600,5,"E","I","A","RT 50","CAMP SACRAMENTO",405,"E","N","2014-02-19",9246,"2013-05-18",540,"015992",,"3","9","0","1",,"1","021","-","Y","ED",3,50,"-","-",61.06,"H","-","E","Y",1,"A","-",23152,"A","N","A","H","-","B","D","0","Y","A","01",0,1,0,0,0,0,0,0,0,"-","-","UNINCORPORATED","EL DORADO","CA",0,0
"6086453",-119.9686545,38.9047937,2013,"0900","4","1","4","05",0,1,"A",,,,,,1800,5,"E","I","A","PIONEER TRL","KOKANEE TRL",510,"S","N","2014-02-19",9246,"2013-05-20",1530,"010056",,"2","9","0","2",,"1","024","-","N",,0,0,,,0,,,,"Y",2,"A","-",21460,"A","N","A","H","-","A","A","0","Y","A","07",0,0,1,0,0,0,0,0,0,"-","-","UNINCORPORATED","EL DORADO","CA",-119.96817,38.90518
"6086449",-119.9626375,38.9082949,2013,"0900","4","2","3","08",0,1,"A",,,,,,300,5,"E","I","A","PIONEER TRL","HIGH MEADOWS TRL",249,"N","N","2014-02-19",9246,"2013-05-14",155,"15487",,"3","9","0","2",,"1","024","-","N",,0,0,,,0,,,,"Y",1,"A","-",22107,,"N","A","H","-","C","D","0","Y","A","01",0,1,0,0,0,0,0,0,0,"-","-","UNINCORPORATED","EL DORADO","CA",-119.96259,39.90829
"6086137",-120.0223729,38.8510653,2013,"0900","3","4","4","03",0,1,"A",,,,,,1800,5,"C","C","A","RT 89","RT 50",10,"S","N","2014-03-05",9246,"2013-05-09",1615,"15992",,"2","9","0","1",,"1","023","-","Y","ED",3,50,"-","-",70.621,"I","5","E","N",2,"A","-",22350,,"N","A","H","-","A","A","0","Y","D","22",0,0,1,0,0,0,0,0,0,"-","-","UNINCORPORATED","EL DORADO","CA",0,0
"6085258",0,0,2013,"0900","2","1","4","01",0,1,"A",,,,,,2400,4,"E","I","A","PONY EXPRESS TRL","TREE LN",80,"W","N","2014-02-19",9245,"2013-04-08",2235,"14424",,"3","9","0","1",,"2","120","-","N",,0,0,,,0,,,,"N",1,"A","-",23152,"A","N","A","H","-","D","D","0","Y","A","01",0,0,1,0,0,0,0,0,0,"-","-","UNINCORPORATED","EL DORADO","CA",-120.62797,38.74672
"6085160",-120.8204834,38.7603773,2013,"0900","3","1","2","01",0,3,"A",,,,,"Y",1800,5,"F","J","A","RT 193","MINERS SPRING RD",0,"S","N","2014-02-22",9245,"2013-05-20",1755,"18624","9245","2","9","0","1",,"1","122","-","Y","ED",3,193,"-","-",25.05,"H","-","W","Y",1,"A","-",23152,"A","N","A","H","-","A","D","0","Y","A","07",1,2,0,0,0,0,0,0,0,"-","-","UNINCORPORATED","EL DORADO","CA",-120.82092,38.7625
"6084142",-121.0106878,38.887593,2013,"0900","3","4","3","03",0,2,"A",,,,,,1800,5,"C","C","A","RT 193","CHERRY ACRES DR",1213,"W","N","2014-02-26",9245,"2013-05-23",1725,"017728",,"2","9","0","1",,"1","122","-","Y","ED",3,193,"-","-",0.29,"H","-","E","Y",3,"A","-",22350,,"N","A","H","-","A","D","0","Y","D","22",0,1,1,0,0,0,0,0,0,"-","-","UNINCORPORATED","EL DORADO","CA",-121.01044,38.88757
"6084134",-120.3254803,38.7640724,2013,"0900","2","6","3","08",0,2,"A",,,,,"Y",1800,5,"E","I","A","RT 50","30 MILE STONE",2640,"E","N","2014-02-26",9245,"2013-05-18",1525,"016629",,"2","9","0","1",,"1","160","-","Y","ED",3,50,"-","-",47.09,"H","-","E","Y",1,"A","-",22107,,"N","A","H","-","A","D","0","Y","D","22",0,2,0,0,0,0,0,0,0,"-","-","UNINCORPORATED","EL DORADO","CA",0,0
"6081854",-121.0609276,38.6562958,2013,"0900","2","2","4","03",0,1,"A",,,,,,900,5,"C","C","A","RT 50","EL DORADO HILLS BL",2500,"E","N","2014-02-19",9245,"2013-05-14",820,"13463",,"1","9","0","1",,"2","110","-","Y","ED",3,50,"-","-",1.36,"H","-","W","Y",3,"A","-",22350,,"N","A","H","-","A","D","1","Y","A","01",0,0,1,0,0,0,0,0,0,"-","-","UNINCORPORATED","EL DORADO","CA",-121.05546,38.65767
"6081117",-120.8310431,38.7330551,2013,"0901","0","2","3","09",0,1,"A",,"Y",,,,900,5,"D","G","A","PLACERVILLE DR","PIERROZ RD",0,,"Y","2014-02-20",901,"2013-05-14",655,"199",,"5","2","0","0",,"0","PP1","-","N",,0,0,,,0,,,,"N",2,"A","-",21801,"A","N","A","G","-","A","D","0","Y","-","-",0,1,0,0,0,0,1,0,0,"-","-","PLACERVILLE","EL DORADO","CA",0,0
"6081042",-120.7993434,38.7311487,2013,"0901","0","6","3","01",0,1,"A",,,,,"Y",2400,5,"E","I","A","SPRING ST","UNION ST",147,"N","N","2014-02-20",901,"2013-05-25",2311,"236","0901","5","2","0","0",,"0","PP1","-","N",,0,0,,,0,,,,"N",1,"A","-",23152,"A","M","A","H","-","D","D","0","Y","-","-",0,1,0,0,0,0,0,0,0,"-","-","PLACERVILLE","EL DORADO","CA",0,0
"6080908",-120.806634,38.7281552,2013,"0901","0","2","3","03",0,2,"A",,,,,,1800,4,"C","C","A","RT 50","CANAL ST",48,"E","N","2014-02-24",901,"2013-04-23",1530,"199",,"5","2","0","0",,"0","PP2","-","Y","ED",3,50,"-","-",17.53,"H","-","W","Y",2,"A","-",22350,,"N","A","H","-","A","A","0","Y","-","-",0,1,1,0,0,0,0,0,0,"-","-","PLACERVILLE","EL DORADO","CA",0,0
"6079867",-120.7986574,38.9238974,2013,"0900","5","6","3","08",0,1,"A",,,"Y",,,1800,5,"A","I","A","WENTWORTH SPRINGS RD","BRAUER RD",528,"E","N","2014-02-21",9245,"2013-05-11",1625,"017728",,"2","9","0","3",,"2","002","-","N",,0,0,,,0,,,,"N",1,"A","-",22107,,"N","A","H","-","A","D","0","Y","C","02",0,1,0,0,0,0,0,0,1,"-","-","UNINCORPORATED","EL DORADO","CA",-120.79809,38.92419
"6079866",-120.7657944,38.7567269,2013,"0900","4","6","3","01",0,1,"A",,"Y",,,"Y",1800,5,"F","A","A","MOSQUITO RD","UNION RIDGE RD",3168,"N","N","2014-02-21",9245,"2013-05-11",1730,"017089",,"2","9","0","2",,"1","023","-","N",,0,0,,,0,,,,"N",1,"A","-",21200,"5","N","A","H","-","A","D","0","Y","L","04",0,1,0,0,0,0,1,0,0,"-","-","UNINCORPORATED","EL DORADO","CA",-120.76601,38.75668
"6075632",-120.9332416,38.7330392,2013,"0900","4","3","3","05",0,2,"A",,,,,,1500,5,"E","I","A","LOTUS RD","POCO DR",167,"N","N","2014-02-22",9245,"2013-05-22",1200,"17604",,"1","9","0","2",,"1","013","-","N",,0,0,,,0,,,,"Y",2,"A","-",21460,"A","F","A","H","-","A","D","0","Y","-","99",0,2,0,0,0,0,0,0,0,"-","-","UNINCORPORATED","EL DORADO","CA",-120.9931,38.73297
"6074203",-120.7452692,38.6840202,2013,"0900","4","5","4","05",0,1,"A",,,,,,900,7,"E","J","A","CEDAR RAVINE RD","WOODLAND DR",416,"S","N","2013-08-23",9245,"2013-07-19",720,"016465",,"1","9","0","2",,"1","041","-","N",,0,0,,,0,,,,"Y",1,"A","-",21650,,"N","A","H","-","A","D","0","Y","J","48",0,0,1,0,0,0,0,0,0,"-","-","UNINCORPORATED","EL DORADO","CA",-120.74461,38.68331
"6070350",-120.999873,38.6565252,2013,"0900","5","6","4","12",0,1,"A",,,,,,1800,5,"D","C","A","CAMBRIDGE RD","MERRYCHASE DR",0,,"Y","2014-02-20",9245,"2013-05-18",1600,"17604",,"2","9","0","3",,"2","001","-","Y","ED",3,50,"-","-",5.003,"R","4","W","Y",2,"A","-",21453,"A","N","A","H","-","A","A","1","Y","A","01",0,0,1,0,0,0,0,0,0,"-","-","UNINCORPORATED","EL DORADO","CA",-120.99855,38.65767
"6070346",-120.8218846,38.6899478,2013,"0900","5","5","3","03",0,2,"A",,,,,,1800,5,"E","I","A","TULLIS MINE RD","SUNRISE DR",1056,"S","N","2014-02-20",9245,"2013-05-17",1515,"016629",,"2","9","0","3",,"2","004","-","N",,0,0,,,0,,,,"Y",1,"A","-",22350,,"N","A","H","-","A","D","0","Y","A","01",0,1,1,0,0,0,0,0,0,"-","-","UNINCORPORATED","EL DORADO","CA",-120.82171,38.69027
"6066455",-120.9464138,38.6590685,2013,"0900","5","3","4","03",0,1,"A",,,,,,1800,5,"C","C","A","DUROCK RD","DUROCK CT",105,"W","N","2014-02-26",9245,"2013-05-15",1540,"17089",,"2","9","0","3",,"2","003","-","N",,0,0,,,0,,,,"N",3,"A","-",22350,,"M","A","H","-","A","D","0","Y","D","22",0,0,1,0,0,0,0,0,0,"-","-","UNINCORPORATED","EL DORADO","CA",-120.94611,38.65905
"6066453",-120.925323,38.768865,2013,"0900","4","4","3","09",0,1,"A",,,,,,1200,5,"D","C","A","LOTUS RD","LUNEMAN RD",0,,"Y","2014-02-26",9245,"2013-05-09",1010,"16629",,"1","9","0","2",,"1","013","-","N",,0,0,,,0,,,,"N",2,"A","-",21802,"A","N","A","H","-","A","A","0","Y","D","22",0,1,0,0,0,0,0,0,0,"-","-","UNINCORPORATED","EL DORADO","CA",-120.92534,38.76907
"6066452",-120.950123,38.657805,2013,"0900","5","5","4","09",0,1,"A",,,,"Y",,1200,5,"D","C","A","DUROCK RD","PRODUCT DR",0,,"Y","2014-02-28",9245,"2013-05-17",920,"15107",,"1","9","0","3",,"2","003","-","N",,0,0,,,0,,,,"Y",3,"A","-",21801,"A","N","A","H","-","A","D","0","Y","A","07",0,0,1,0,0,0,0,0,0,"-","-","UNINCORPORATED","EL DORADO","CA",-120.95003,38.65758
"6066240",-120.8713031,38.8444751,2013,"0900","4","7","2","03",0,1,"A",,,"Y",,,1800,4,"C","C","A","MARSHALL RD","A BAR A RD",0,,"Y","2014-02-14",9245,"2013-04-14",1535,"013248",,"2","9","0","2",,"1","021","-","N",,0,0,,,0,,,,"Y",2,"A","-",22350,,"N","A","H","-","A","D","0","Y","C","02",1,0,0,0,0,0,0,0,1,"-","-","UNINCORPORATED","EL DORADO","CA",0,0
"6066239",-120.8970904,38.7123308,2013,"0900","4","5","3","05",0,1,"A",,,,,,1800,4,"E","I","A","GREEN VALLEY RD","WILDWOOD LN",250,"W","N","2014-02-14",9245,"2013-04-19",1646,"015607",,"2","9","0","2",,"2","011","-","N",,0,0,,,0,,,,"Y",1,"A","-",21650,,"N","A","H","-","A","D","0","Y","A","01",0,1,0,0,0,0,0,0,0,"-","-","UNINCORPORATED","EL DORADO","CA",-120.89718,38.71231
"6066238",0,0,2013,"0900","5","6","3","08",0,1,"A",,,"Y",,,1800,4,"F","A","A","WENTWORTH SPRINGS RD","LOFTY PEAK LN",150,"W","N","2014-02-14",9245,"2013-04-20",1545,"017728",,"2","9","0","3",,"2","002","-","N",,0,0,,,0,,,,"Y",1,"A","-",22107,,"N","A","H","-","A","D","0","Y","C","02",0,1,0,0,0,0,0,0,1,"-","-","UNINCORPORATED","EL DORADO","CA",-120.71982,38.94323
"6066237",-120.6890974,38.7376786,2013,"0900","2","5","3","03",0,1,"A",,,"Y",,,1800,4,"F","A","A","RT 50","CARSON RD",5808,"E","N","2014-02-14",9245,"2013-04-19",1530,"017728",,"2","9","0","1",,"2","140","-","Y","ED",3,50,"-","-",24.5,"H","-","W","Y",1,"A","-",22350,,"N","A","H","-","A","D","1","Y","C","02",0,1,0,0,0,0,0,0,1,"-","-","UNINCORPORATED","EL DORADO","CA",-120.64696,38.74429
"6066236",-120.812643,38.7299352,2013,"0901","2","6","4","21",0,3,"A",,,,,,1200,4,"C","C","A","RT 50","PLACERVILLE DR",20,"E","N","2014-02-14",9245,"2013-04-20",1115,"17604",,"1","2","0","1",,"2","120","-","Y","ED",3,50,"-","-",17.116,"R","4","W","N",2,"A","-",22106,,"N","A","H","-","A","A","1","Y","A","07",0,0,3,0,0,0,0,0,0,"-","-","PLACERVILLE","EL DORADO","CA",-120.83354,38.7218
"6066221",-120.8449394,38.6960918,2013,"0900","5","2","2","01",0,1,"A",,,,,"Y",300,4,"E","I","A","BLANCHARD RD","LAUREL LN",36,"N","N","2014-02-14",9245,"2013-04-23",12,"012833",,"3","9","0","3",,"2","003","-","N",,0,0,,,0,,,,"Y",1,"A","-",23152,"A","N","A","H","-","D","D","0","Y","A","01",1,0,0,0,0,0,0,0,0,"-","-","UNINCORPORATED","EL DORADO","CA",-120.845,38.69623
"6065512",0,0,2013,"0900","5","6","3","03",0,1,"A",,,"Y",,,1500,5,"F","A","A","WENTWORTH RD","ROBS CABIN TRL",3168,"W","N","2014-03-11",9245,"2013-05-11",1315,"16465",,"1","9","0","3",,"2","002","-","N",,0,0,,,0,,,,"N",1,"A","-",22350,,"N","A","H","-","A","D","0","Y","C","02",0,1,0,0,0,0,0,0,1,"-","-","UNINCORPORATED","EL DORADO","CA",-120.4664,38.94854
"6065508",-120.7330993,38.6774926,2013,"0900","4","3","3","08",0,1,"A",,,,,,1800,5,"F","A","A","BUCKS BAR RD","PLEASANT VALLEY RD",1584,"S","N","2014-03-13",9245,"2013-05-15",1730,"15459",,"2","9","0","2",,"1","042","-","N",,0,0,,,0,,,,"Y",1,"A","-",22107,,"N","A","H","-","A","D","0","Y","A","01",0,1,0,0,0,0,0,0,0,"-","-","UNINCORPORATED","EL DORADO","CA",-120.73334,38.67784