"CASEID","POINT_X","POINT_Y","YEAR_","LOCATION","CHPTYPE","DAYWEEK","CRASHSEV","VIOLCAT","KILLED","INJURED","WEATHER1","PEDCOL","BICCOL","MCCOL","TRUCKCOL","ETOH","TIMECAT","MONTH_","CRASHTYP","INVOLVE","PED","PRIMARYRD","SECONDRD","DISTANCE","DIRECT","INTERSECT_","PROCDATE","JURIS","DATE_","TIME_","BADGE","JURIDIST","SHIFT","POP","SPECIAL","BEATTYPE","LAPDDIV","BEATCLAS","BEATNUMB","WEATHER2","STATEHW","CALTRANC","CALTRAND","STROUTE","ROUTESUF","POSTPRE","POSTMILE","LOCATYPE","RAMP","SIDEHW","TOWAWAY","PARTIES","PCF","VIOLCODE","VIOL","VIOLSUB","HITRUN","ROADSURF","RDCOND1","RDCOND2","LIGHTING","RIGHTWAY","CHPRDTYP","NOTPRIV","STFAULT","CHPFAULT","SEVINJ","OTHERINJ","COP","PEDKILL","PEDINJ","BICKILL","BICINJ","MCKILL","MCINJURE","RAMP1","RAMP2","CITY","COUNTY","STATE","X_CHP","Y_CHP"
"6065504",-120.8951031,38.8999164,2013,"0900","3","5","3","09",0,1,"A",,,"Y",,,1800,5,"D","C","A","RT 193","DERRICK DR",0,,"Y","2014-03-13",9245,"2013-05-10",1600,"17728",,"2","9","0","1",,"1","122","-","Y","ED",3,193,"-","-",8.19,"H","-","E","Y",2,"A","-",21801,"A","N","A","H","-","A","D","0","Y","A","07",0,1,0,0,0,0,0,0,1,"-","-","UNINCORPORATED","EL DORADO","CA",-120.90166,38.90166
"6065500",-121.043791,38.7639156,2013,"0900","4","6","3","03",0,1,"A",,,"Y",,,900,5,"C","C","A","SALMON FALLS RD","HIDDEN BRIDGE RD",1584,"N","N","2014-03-13",9245,"2013-05-11",850,"18114",,"1","9","0","2",,"2","012","-","N",,0,0,,,0,,,,"N",2,"A","-",22350,,"N","A","H","-","A","D","0","Y","C","02",0,1,0,0,0,0,0,0,1,"-","-","UNINCORPORATED","EL DORADO","CA",-121.0567,38.75158
"6065294",0,0,2013,"0900","4","2","4","09",0,1,"B",,,,,,1800,5,"A","C","A","FORNI RD","OAK LANE CT",0,,"Y","2014-08-28",9245,"2013-05-07",1515,"13248",,"2","9","0","2",,"1","037","-","N",,0,0,,,0,,,,"Y",3,"A","-",21801,"A","N","A","H","-","A","A","0","Y","A","01",0,0,1,0,0,0,0,0,0,"-","-","UNINCORPORATED","EL DORADO","CA",-120.83145,38.7044
"6064788",-120.5814634,38.7627913,2013,"0900","4","7","3","09",0,1,"A",,,,,,1800,5,"A","C","A","PONY EXPRESS TRL","WILLOW ST",20,"E","N","2014-02-21",9245,"2013-05-12",1655,"015459",,"2","9","0","2",,"1","025","-","N",,0,0,,,0,,,,"Y",3,"A","-",21801,"A","N","A","H","-","A","D","0","Y","D","22",0,1,0,0,0,0,0,0,0,"-","-","UNINCORPORATED","EL DORADO","CA",-120.58146,38.76271
"6064787",-120.5925504,38.7577298,2013,"0900","4","7","4","09",0,1,"A",,,,,,900,5,"D","C","A","PONY EXPRESS TRL","PONY BOB DR",455,"W","N","2014-02-21",9245,"2013-05-12",850,"015262",,"1","9","0","2",,"1","025","-","N",,0,0,,,0,,,,"Y",2,"A","-",21801,"A","N","A","H","-","A","A","0","Y","A","01",0,0,1,0,0,0,0,0,0,"-","-","UNINCORPORATED","EL DORADO","CA",-120.59502,38.75679
"6064786",0,0,2013,"0900","5","7","3","01",0,1,"A",,,,,"Y",2400,5,"E","I","A","BEATTY CIR","ALEXANDRIA DR",3168,"E","N","2014-02-21",9245,"2013-05-05",2215,"018240",,"3","9","0","3",,"2","001","-","N",,0,0,,,0,,,,"Y",1,"A","-",23152,"A","N","A","H","-","D","D","0","Y","D","22",0,1,0,0,0,0,0,0,0,"-","-","UNINCORPORATED","EL DORADO","CA",-121.09078,38.68761
"6064785",-120.7157395,38.548252,2013,"0900","5","5","3","01",0,1,"A",,,,,"Y",1800,4,"E","I","A","CEDAR CREEK RD","BRIDGEPORT SCHOOL RD",127,"W","N","2014-02-18",9245,"2013-04-26",1755,"015607",,"2","9","0","3",,"2","004","-","N",,0,0,,,0,,,,"Y",1,"A","-",23152,"A","N","A","H","-","D","D","0","Y","D","22",0,1,0,0,0,0,0,0,0,"-","-","UNINCORPORATED","EL DORADO","CA",-120.71557,38.5483
"6061652",-120.574363,38.7199451,2013,"0900","4","3","4","09",0,1,"A",,,,,,1500,5,"D","C","A","SLY PARK RD","MORMON EMIGRANT TRL",0,,"Y","2014-08-22",9245,"2013-05-01",1250,"015609",,"1","9","0","2",,"1","043","-","Y",,0,0,,,0,,,,"Y",2,"A","-",21801,"A","N","A","H","-","A","D","0","Y","A","01",0,0,1,0,0,0,0,0,0,"-","-","UNINCORPORATED","EL DORADO","CA",-120.57452,38.7191
"6060378",-121.0166067,38.6777578,2013,"0900","5","3","4","13",0,1,"A",,,,,,1500,4,"E","B","A","BRIDLEWOOD DR","BASS LAKE RD",350,"E","N","2014-02-13",9245,"2013-04-24",1230,"15929",,"1","9","0","3",,"2","001","-","N",,0,0,,,0,,,,"Y",1,"A","-",22515,"A","N","A","H","-","A","D","0","Y","A","07",0,0,1,0,0,0,0,0,0,"-","-","UNINCORPORATED","EL DORADO","CA",-120.83036,38.72127
"6060377",-121.0828774,38.6489965,2013,"0900","2","3","4","03",0,1,"A",,,,,,900,4,"C","C","A","RT 50","EL DORADO HILLS BL",3168,"W","N","2014-02-13",9245,"2013-04-24",735,"13929",,"1","9","0","1",,"2","110","-","Y","ED",3,50,"-","-",0.26,"H","-","W","Y",2,"A","-",22350,,"N","A","H","-","A","D","1","Y","A","01",0,0,1,0,0,0,0,0,0,"-","-","UNINCORPORATED","EL DORADO","CA",-121.08129,38.6794
"6057157",0,0,2013,"0900","5","7","3","03",0,1,"A",,,"Y",,,600,4,"E","H","A","BASS LAKE RD","BIRMINGHAM WY",600,"S","N","2014-02-13",9245,"2013-04-28",415,"018466",,"3","9","0","3",,"2","001","-","N",,0,0,,,0,,,,"Y",1,"A","-",22350,,"N","A","H","-","D","D","0","Y","C","02",0,1,0,0,0,0,0,0,1,"-","-","UNINCORPORATED","EL DORADO","CA",-121.02047,38.67644
"6057153",-120.8836315,38.6751838,2013,"0900","4","5","3","08",0,1,"A",,,,,,1500,4,"F","A","A","MOTHER LODE DR","GREENSTONE CUTOFF",60,"W","N","2014-02-13",9245,"2013-04-19",1204,"011511",,"1","9","0","2",,"1","039","-","N",,0,0,,,0,,,,"Y",1,"A","-",22107,,"N","A","H","-","A","D","0","Y","A","01",0,1,0,0,0,0,0,0,0,"-","-","UNINCORPORATED","EL DORADO","CA",-120.88357,38.67515
"6057043",0,0,2013,"0901","0","3","4","21",0,1,"A","Y",,,,,2100,4,"G","B","E","COLIN RD","ANDLER RD",1056,"W","N","2014-02-15",901,"2013-04-17",1900,"287","0901","5","2","0","0",,"0","PP1","-","N",,0,0,,,0,,,,"N",2,"A","-",22106,,"M","A","H","-","B","D","0","Y","-","-",0,0,1,0,1,0,0,0,0,"-","-","PLACERVILLE","EL DORADO","CA",0,0
"6057031",-120.7102855,38.7369016,2013,"0900","2","4","3","09",0,1,"A",,,"Y",,,1800,5,"D","C","A","RT 50","CAMINO HEIGHTS DR",0,,"Y","2014-02-22",9245,"2013-05-02",1621,"015607",,"2","9","0","1",,"2","140","-","Y","ED",3,50,"-","-",23.241,"I","5","E","Y",2,"A","-",21802,"A","N","A","H","-","A","D","1","Y","A","07",0,1,0,0,0,0,0,0,1,"-","-","UNINCORPORATED","EL DORADO","CA",-120.7108,38.7366
"6054128",-120.9943514,38.6924225,2013,"0900","4","3","3","01",0,2,"A",,,,,,600,4,"A","C","A","CAMERON PARK DR","LA CANADA DR",1056,"S","N","2014-02-15",9245,"2013-04-24",510,"14956",,"3","9","0","2",,"1","015","-","N",,0,0,,,0,,,,"Y",2,"A","-",23152,"A","N","A","H","-","D","D","0","Y","A","01",0,1,1,0,0,0,0,0,0,"-","-","UNINCORPORATED","EL DORADO","CA",-120.99432,38.6924
"6054124",-120.8200422,38.825453,2013,"0900","3","2","4","03",0,1,"A",,,,,,900,4,"E","I","A","RT 193","CHICKEN FLAT RD",528,"S","N","2014-02-15",9245,"2013-04-30",710,"15609",,"1","9","0","1",,"1","122","-","Y","ED",3,193,"-","-",18.42,"H","-","W","Y",1,"A","-",22350,,"N","A","H","-","A","D","0","Y","A","07",0,0,1,0,0,0,0,0,0,"-","-","UNINCORPORATED","EL DORADO","CA",-120.82004,38.8255
"6053080",0,0,2013,"0900","4","5","3","09",0,2,"A",,,,,,2100,5,"D","C","A","SALMON FALLS RD","SALMON VALLEY LN",24,"S","N","2014-02-24",9245,"2013-05-03",1820,"17604",,"2","9","0","2",,"2","012","-","N",,0,0,,,0,,,,"Y",2,"A","-",21802,"A","N","A","H","-","A","A","0","Y","A","07",0,2,0,0,0,0,0,0,0,"-","-","UNINCORPORATED","EL DORADO","CA",-121.0605,38.74134
"6053076",0,0,2013,"0900","4","6","3","03",0,2,"A",,,,,,1200,5,"C","C","A","PLEASANT VALLEY RD","ORIENTAL ST",528,"W","N","2014-02-24",9245,"2013-05-04",1140,"11511",,"1","9","0","2",,"1","037","-","N",,0,0,,,0,,,,"Y",2,"A","-",22350,,"N","A","H","-","A","D","0","Y","A","08",0,1,1,0,0,0,0,0,0,"-","-","UNINCORPORATED","EL DORADO","CA",-120.8515,38.68258
"6053072",-120.8311796,38.6884788,2013,"0900","5","4","4","09",0,1,"A",,,,,,2100,5,"D","C","A","PATTERSON DR","PLEASANT VALLEY RD",191,"S","N","2014-02-24",9245,"2013-05-02",1959,"15607",,"2","9","0","3",,"2","004","-","N",,0,0,,,0,,,,"Y",2,"A","-",21801,"A","N","A","H","-","B","D","0","Y","A","01",0,0,1,0,0,0,0,0,0,"-","-","UNINCORPORATED","EL DORADO","CA",-120.8311,38.6885
"6053064",-120.26795,38.7763993,2013,"0900","2","4","4","05",0,5,"B",,,,,,1500,4,"B","C","A","RT 50","34 MILE STONE",528,"E","N","2014-05-16",9245,"2013-04-04",1420,"16629",,"2","9","0","1",,"1","170","-","Y","ED",3,50,"-","-",50.6,"H","-","W","Y",3,"A","-",21460,"A","N","A","H","-","A","D","0","Y","D","22",0,0,5,0,0,0,0,0,0,"-","-","UNINCORPORATED","EL DORADO","CA",-120.28269,38.77499
"6052740",-119.9708878,38.7972059,2013,"0900","3","1","4","08",0,2,"D",,,,,,900,5,"E","I","A","RT 89","BIG MEADOW TRAILHEAD",8976,"S","N","2014-02-18",9246,"2013-05-06",815,"017846",,"1","9","0","1",,"1","023","-","Y","ED",3,89,"-","-",1.53,"H","-","S","Y",1,"A","-",22107,,"N","C","H","-","A","D","0","Y","A","07",0,0,2,0,0,0,0,0,0,"-","-","UNINCORPORATED","EL DORADO","CA",-119.98151,38.79688
"6052017",-120.1057974,38.9471079,2013,"0900","3","7","4","03",0,1,"B","Y",,,,,1800,3,"C","C","D","RT 89","BAYVIEW CMPGD",10,"N","N","2014-02-12",9246,"2013-03-31",1630,"14471",,"2","9","0","1",,"1","030","-","Y","ED",3,89,"-","-",16.19,"H","-","S","N",3,"A","-",22350,,"N","A","H","-","A","D","0","Y","E","22",0,0,1,0,1,0,0,0,0,"-","-","UNINCORPORATED","EL DORADO","CA",-120.09688,38.94644
"6049031",-120.7710597,38.6783729,2013,"0900","4","3","4","03",0,1,"A",,,,,,900,5,"C","C","A","PLEASANT VALLEY RD","OAK HILL RD",65,"E","N","2014-03-05",9245,"2013-05-01",820,"013463",,"1","9","0","2",,"1","041","-","N",,0,0,,,0,,,,"Y",4,"A","-",22350,,"N","A","H","-","A","D","0","Y","D","22",0,0,1,0,0,0,0,0,0,"-","-","UNINCORPORATED","EL DORADO","CA",-120.79855,38.72963
"6046121",-120.0023772,38.8843642,2013,"0900","2","1","3","08",0,1,"A",,,"Y",,,1500,4,"F","A","A","RT 50","JEWELL RD",35,"W","N","2014-02-14",9246,"2013-04-22",1223,"10056",,"1","9","0","1",,"1","022","-","Y","ED",3,50,"-","-",73.33,"H","-","W","N",1,"A","-",22107,,"N","A","H","-","A","D","0","Y","C","02",0,1,0,0,0,0,0,0,1,"-","-","UNINCORPORATED","EL DORADO","CA",-120.00052,38.88879
"6045531",-121.0098013,38.599999,2013,"0900","5","2","3","01",0,1,"A",,,,,"Y",1200,4,"E","I","A","COTHRIN RANCH RD","VENTURE VALLEY RD",92,"W","N","2014-02-15",9245,"2013-04-09",930,"013839",,"1","9","0","3",,"2","003","-","N",,0,0,,,0,,,,"Y",1,"A","-",23152,"A","N","A","H","-","A","D","0","Y","A","01",0,1,0,0,0,0,0,0,0,"-","-","UNINCORPORATED","EL DORADO","CA",-121.00938,38.60001
"6045530",-120.8196758,38.8237649,2013,"0900","3","6","4","08",0,1,"A",,,"Y",,,1800,4,"E","I","A","RT 193","OLD STAGE TRL",350,"E","N","2014-02-15",9245,"2013-04-13",1550,"017728",,"2","9","0","1",,"1","122","-","Y","ED",3,193,"-","-",18.54,"H","-","E","Y",1,"A","-",22107,,"N","A","H","-","A","D","0","Y","C","02",0,0,1,0,0,0,0,0,1,"-","-","UNINCORPORATED","EL DORADO","CA",-120.81828,38.82817
"6045528",-120.7817932,38.7432753,2013,"0900","4","2","3","18",0,1,"A",,,,,,2100,4,"E","I","A","MOSQUITO RD","LADERA LN",130,"S","N","2014-02-15",9245,"2013-04-16",2010,"018114",,"2","9","0","2",,"1","023","-","N",,0,0,,,0,,,,"Y",1,"C","-",0,,"N","A","H","-","D","D","0","Y","-","-",0,1,0,0,0,0,0,0,0,"-","-","UNINCORPORATED","EL DORADO","CA",-120.78201,38.74363
"6045527",-120.3979942,38.7736719,2013,"0900","2","4","2","08",0,4,"C",,,,,,1500,4,"E","I","A","RT 50","WHITEHALL BLUFFS RD",2112,"E","N","2014-02-15",9245,"2013-04-04",1455,"017728",,"2","9","0","1",,"1","160","-","Y","ED",3,50,"-","-",42.68,"H","-","E","Y",1,"A","-",22107,,"N","B","H","-","A","D","0","Y","A","07",1,1,2,0,0,0,0,0,0,"-","-","UNINCORPORATED","EL DORADO","CA",-120.39834,38.77355
"6045526",-120.4422312,38.7689033,2013,"0900","2","1","3","08",0,1,"B",,,,,,1800,4,"E","J","A","RT 50","ICE HOUSE RD",1584,"E","N","2014-02-15",9245,"2013-04-15",1610,"015459",,"2","9","0","1",,"1","160","C","Y","ED",3,50,"-","-",40.07,"H","-","W","Y",1,"A","-",22107,,"N","B","H","-","A","D","0","Y","A","07",0,1,0,0,0,0,0,0,0,"-","-","UNINCORPORATED","EL DORADO","CA",-120.44183,38.76881
"6045525",-121.04132,38.6551056,2013,"0900","2","1","2","03",0,1,"A",,,"Y",,,1200,4,"E","I","A","RT 50","BASS LAKE RD",2112,"W","N","2014-02-15",9245,"2013-04-15",945,"013839",,"1","9","0","1",,"2","110","-","Y","ED",3,50,"-","R",2.84,"H","-","W","Y",1,"A","-",22350,,"N","A","H","-","A","D","1","Y","C","02",1,0,0,0,0,0,0,0,1,"-","-","UNINCORPORATED","EL DORADO","CA",-121.03835,38.65446
"6045256",-120.7982144,38.7274006,2013,"0901","0","2","3","21",0,1,"A","Y",,,,,1500,3,"H","B","E","LEWIS ST","PACIFIC ST",43,"N","N","2014-02-11",901,"2013-03-19",1240,"287","0901","5","2","0","0",,"0","PP1","-","N",,0,0,,,0,,,,"N",2,"A","-",22106,,"F","A","H","-","A","D","0","Y","-","-",0,1,0,0,1,0,0,0,0,"-","-","PLACERVILLE","EL DORADO","CA",0,0
"6043272",-120.7172264,38.9425861,2013,"0900","5","3","4","03",0,1,"A",,,"Y",,,1500,3,"E","I","A","WENTWORTH SPRINGS RD","VOLCANOVILLE RD",1584,"E","N","2014-08-02",9245,"2013-03-13",1420,"18466",,"2","9","0","3",,"2","002","-","N",,0,0,,,0,,,,"N",1,"A","-",22350,,"N","A","H","-","A","D","0","Y","C","02",0,0,1,0,0,0,0,0,1,"-","-","UNINCORPORATED","EL DORADO","CA",-120.71697,38.94255
"6043199",-120.2953797,38.7745569,2013,"0900","2","4","4","08",0,1,"A",,,,,,2100,4,"F","A","A","RT 50","ORIOLE DR",5,"E","N","2014-02-13",9245,"2013-04-11",1910,"17728",,"2","9","0","1",,"1","170","-","Y","ED",3,50,"-","-",48.93,"H","-","W","Y",1,"A","-",22107,,"N","A","H","-","A","D","0","Y","A","01",0,0,1,0,0,0,0,0,0,"-","-","UNINCORPORATED","EL DORADO","CA",-120.29788,38.77459
"6043195",-120.9918469,38.6639757,2013,"0900","5","2","3","03",0,1,"A",,,,,,300,4,"E","I","A","CAMBRIDGE RD","OSBORNE RD",165,"N","N","2014-02-13",9245,"2013-04-09",8,"12833",,"3","9","0","3",,"2","001","-","N",,0,0,,,0,,,,"Y",1,"A","-",22350,,"N","A","H","-","D","D","0","Y","A","01",0,1,0,0,0,0,0,0,0,"-","-","UNINCORPORATED","EL DORADO","CA",-120.99188,38.66391
"6040918",-120.8521056,38.6335042,2013,"0900","3","2","2","01",0,1,"A",,,,"Y","Y",1200,4,"D","C","A","RT 49","CRYSTAL BL",0,,"Y","2014-02-15",9245,"2013-04-23",915,"13929",,"1","9","0","1",,"1","135","-","Y","ED",3,49,"-","-",6.121,"I","5","S","Y",2,"A","-",23152,"A","N","A","H","-","A","A","0","Y","D","22",1,0,0,0,0,0,0,0,0,"-","-","UNINCORPORATED","EL DORADO","CA",0,0
"6040917",-120.8313602,38.860037,2013,"0900","5","7","2","01",0,1,"A",,,,,"Y",2400,4,"E","I","A","MEADOWBROOK RD","RT 193",625,"E","N","2014-02-10",9245,"2013-04-21",2117,"012833",,"2","9","0","3",,"2","002","-","Y",,0,0,,,0,,,,"Y",1,"A","-",23152,"A","N","A","H","-","D","D","0","Y","D","22",1,0,0,0,0,0,0,0,0,"-","-","UNINCORPORATED","EL DORADO","CA",-120.83104,38.86002
"6038931",-121.0073917,38.6759926,2013,"0900","5","2","4","11",0,1,"A","Y",,,,,1200,4,"G","B","D","PEACH SPRUCE DR","CINNAMON TEAL WY",55,"S","N","2014-02-11",9245,"2013-04-16",925,"016451",,"1","9","0","3",,"2","001","-","N",,0,0,,,0,,,,"N",2,"A","-",21954,"A","N","A","H","-","A","D","0","Y","N","60",0,0,1,0,1,0,0,0,0,"-","-","UNINCORPORATED","EL DORADO","CA",-120.00729,38.67602
"6038927",-120.981223,38.6781699,2013,"0900","4","1","3","03",0,1,"B",,,,,,1800,4,"C","C","A","CAMERON PARK DR","MEDER RD",212,"S","N","2014-02-12",9245,"2013-04-15",1535,"015262",,"2","9","0","2",,"1","015","C","N",,0,0,,,0,,,,"Y",2,"A","-",22350,,"N","B","H","-","A","A","0","Y","A","07",0,1,0,0,0,0,0,0,0,"-","-","UNINCORPORATED","EL DORADO","CA",-120.98131,38.67816
"6038652",-121.0657411,38.6547092,2013,"0900","2","3","4","07",0,1,"A",,,,,,2100,4,"C","C","A","RT 50","EL DORADO HILLS BL",900,"E","N","2014-02-18",9245,"2013-04-10",2030,"017737",,"2","9","0","1",,"2","110","-","Y","ED",3,50,"-","-",1.06,"H","-","W","Y",2,"A","-",21658,"A","N","B","H","-","D","D","1","Y","A","01",0,0,1,0,0,0,0,0,0,"-","-","UNINCORPORATED","EL DORADO","CA",-121.0452,38.7752
"6038648",-120.8165726,38.694032,2013,"0900","3","4","4","03",0,2,"A",,,,,,900,4,"C","C","A","RT 49","ODD FELLOWS RD",78,"E","N","2014-02-18",9245,"2013-04-18",830,"011511",,"1","9","0","1",,"1","135","-","Y","ED",3,49,"-","-",11.66,"H","-","S","Y",4,"A","-",22350,,"N","A","H","-","A","D","0","Y","A","01",0,0,2,0,0,0,0,0,0,"-","-","UNINCORPORATED","EL DORADO","CA",-120.81527,38.69431
"6038644",-121.0205283,38.9102353,2013,"0900","3","4","4","08",0,1,"A",,,,,,2400,4,"F","A","A","RT 49","ARRON COOL RD",7920,"N","N","2014-02-18",9245,"2013-04-18",2130,"018466",,"2","9","0","1",,"1","115","-","Y","ED",3,49,"-","-",36.52,"H","-","S","Y",1,"A","-",22107,,"N","A","H","-","D","D","0","Y","A","07",0,0,1,0,0,0,0,0,0,"-","-","UNINCORPORATED","EL DORADO","CA",-121.01858,38.91016
"6037998",-120.7838458,38.688729,2013,"0900","4","2","3","01",0,1,"A",,,,,"Y",900,4,"E","I","A","PLEASANT VALLEY RD","JENNIFER LN",370,"W","N","2014-02-10",9245,"2013-04-09",640,"15609",,"1","9","0","2",,"1","041","-","N",,0,0,,,0,,,,"Y",3,"A","-",23152,"A","F","A","H","-","A","D","0","Y","D","22",0,1,0,0,0,0,0,0,0,"-","-","UNINCORPORATED","EL DORADO","CA",-120.7826,38.6883
"6037994",-120.672275,38.6901714,2013,"0900","4","7","4","03",0,2,"B",,,,,"Y",1800,4,"C","C","A","PLEASANT VALLEY RD","NEWTOWN RD",1584,"E","N","2014-02-13",9245,"2013-04-14",1535,"015459",,"2","9","0","2",,"1","041","-","N",,0,0,,,0,,,,"Y",3,"A","-",22350,,"N","A","H","-","A","D","0","Y","D","22",0,0,2,0,0,0,0,0,0,"-","-","UNINCORPORATED","EL DORADO","CA",-120.67299,38.69068
"6033393",-120.4231044,38.7748726,2013,"0900","2","5","3","05",0,2,"A",,,,,,1200,3,"E","I","A","RT 50","BULL CREEK RD",4488,"E","N","2014-10-28",9245,"2013-03-29",1155,"013028",,"1","9","0","1",,"1","160","-","Y","ED",3,50,"-","-",41.23,"H","-","W","Y",1,"A","-",21650,,"N","A","H","-","A","D","0","Y","A","01",0,2,0,0,0,0,0,0,0,"-","-","UNINCORPORATED","EL DORADO","CA",-120.4223,38.77528
"6032654",-120.6722149,38.6470106,2013,"0900","5","3","3","03",0,1,"B",,,"Y",,,1800,4,"F","A","A","GRIZZLY FLAT RD","ROOSTER LN",200,"E","N","2014-08-11",9245,"2013-04-03",1640,"018114",,"2","9","0","3",,"2","004","-","N",,0,0,,,0,,,,"N",1,"A","-",22350,,"N","A","H","-","A","D","0","Y","C","02",0,1,0,0,0,0,0,0,1,"-","-","UNINCORPORATED","EL DORADO","CA",-120.6721,38.6466
"6032058",-120.8133124,38.7298723,2013,"0901","2","4","4","03",0,1,"C",,,,,,1500,4,"E","I","A","RT 50","PLACERVILLE DR",528,"E","N","2014-02-04",9245,"2013-04-04",1415,"015607",,"2","2","0","1",,"2","120","-","Y","ED",3,50,"-","-",17.12,"H","-","E","Y",1,"A","-",22350,,"N","B","H","-","A","D","1","Y","A","07",0,0,1,0,0,0,0,0,0,"-","-","PLACERVILLE","EL DORADO","CA",-120.8301,38.7224
"6031873",-120.576523,38.7631051,2013,"0900","4","3","4","01",0,1,"A",,,,,"Y",2400,4,"C","C","A","PONY EXPRESS TRL","SLY PARK RD",0,,"Y","2014-08-05",9245,"2013-04-03",2107,"016465",,"2","9","0","2",,"1","025","-","N",,0,0,,,0,,,,"Y",2,"A","-",23152,"A","N","A","H","-","C","A","0","Y","A","07",0,0,1,0,0,0,0,0,0,"-","-","UNINCORPORATED","EL DORADO","CA",-120.57635,38.76311
"6027370",-120.9300075,38.6644052,2013,"0900","4","7","4","01",0,1,"A",,,,,"Y",300,2,"E","I","A","MOTHER LODE DR","FRENCH CREEK RD",89,"W","N","2014-01-30",9245,"2013-02-24",201,"13603",,"3","9","0","2",,"1","039","-","N",,0,0,,,0,,,,"Y",1,"A","-",23152,"A","N","A","H","-","C","D","0","Y","A","01",0,0,1,0,0,0,0,0,0,"-","-","UNINCORPORATED","EL DORADO","CA",-120.92993,38.66435
"6026840",-120.8314144,38.6890761,2013,"0900","3","2","4","09",0,1,"A",,,,,"Y",1500,3,"A","C","A","RT 49","PATTERSON DR",240,"E","N","2014-02-05",9245,"2013-03-05",1449,"018466",,"2","9","0","1",,"1","135","-","Y","ED",3,49,"-","-",10.75,"H","-","N","Y",2,"A","-",21801,"A","F","A","H","-","A","D","0","Y","D","22",0,0,1,0,0,0,0,0,0,"-","-","UNINCORPORATED","EL DORADO","CA",-120.83127,38.68906
"6025756",-121.0182846,38.8775787,2013,"0900","3","7","3","05",0,1,"A",,,,,,300,4,"E","I","A","RT 49","GRAND FIR CIR",1056,"N","N","2014-02-05",9245,"2013-04-14",5,"15262",,"3","9","0","1",,"1","115","-","Y",,0,0,,,0,,,,"Y",1,"A","-",21650,,"N","A","H","-","D","A","0","Y","D","22",0,1,0,0,0,0,0,0,0,"-","-","UNINCORPORATED","EL DORADO","CA",-121.01613,38.8835
"6024049",-120.942653,38.6613652,2013,"0900","2","5","3","08",0,1,"A",,,,,,1500,3,"F","A","A","RT 50","PONDEROSA RD",320,"W","N","2014-12-03",9245,"2013-03-29",1220,"011511",,"1","9","0","1",,"2","110","-","Y","ED",3,50,"-","R",8.378,"R","2","E","Y",1,"A","-",22107,,"N","A","H","-","A","D","1","Y","A","01",0,1,0,0,0,0,0,0,0,"EF","-","UNINCORPORATED","EL DORADO","CA",-120.93942,38.66158
"6024045",0,0,2013,"0900","5","6","4","05",0,1,"A",,,"Y",,,1200,3,"F","A","A","SALMON FALLS RD","PERSIA LN",1584,"S","N","2014-02-06",9245,"2013-03-23",1155,"015107",,"1","9","0","3",,"2","001","-","N",,0,0,,,0,,,,"Y",1,"A","-",21650,,"N","A","H","-","A","D","0","Y","C","02",0,0,1,0,0,0,0,0,1,"-","-","UNINCORPORATED","EL DORADO","CA",-121.0318,38.4505
"6024041",-120.8733994,38.6780315,2013,"0900","4","6","2","01",0,1,"A",,,"Y",,"Y",300,3,"E","A","A","MOTHER LODE DR","DAVIDSON RD",1000,"W","N","2014-02-06",9245,"2013-03-30",110,"018653",,"3","9","0","2",,"1","039","-","N",,0,0,,,0,,,,"Y",1,"A","-",23152,"A","N","A","H","-","D","D","0","Y","C","02",1,0,0,0,0,0,0,0,1,"-","-","UNINCORPORATED","EL DORADO","CA",-120.87433,38.67741
"6024037",0,0,2013,"0900","4","4","3","01",0,1,"B",,,"Y",,"Y",1800,3,"F","A","A","SLY PARK RD","FOUR SPRINGS TRL",528,"N","N","2014-02-06",9245,"2013-03-28",1730,"016629",,"2","9","0","2",,"1","043","-","N",,0,0,,,0,,,,"Y",1,"A","-",23152,"A","N","A","H","-","A","D","0","Y","C","02",0,1,0,0,0,0,0,0,1,"-","-","UNINCORPORATED","EL DORADO","CA",-120.63636,38.68125
"6024006",0,0,2013,"0900","5","1","2","05",0,1,"A",,,"Y",,,1500,3,"A","C","A","BOTTLE HILL RD","WENTWORTH SPRINGS RD",2640,"N","N","2014-02-06",9245,"2013-03-25",1230,"013248",,"1","9","0","3",,"2","002","-","N",,0,0,,,0,,,,"N",2,"A","-",21650,,"N","A","H","-","A","D","0","Y","C","02",1,0,0,0,0,0,0,0,1,"-","-","UNINCORPORATED","EL DORADO","CA",-120.7532,38.93808
"6021784",-119.9772929,38.9390345,2013,"0902","0","5","3","09",0,3,"A",,,,,"Y",1800,1,"D","C","A","LAKE TAHOE BL","LOS ANGELES AV",0,,"Y","2014-12-19",902,"2013-01-18",1628,"HOUNSELL","SLAKE","5","3","0","0",,"0",,"-","Y","ED",3,50,"-","-",77.845,"I","5","W","Y",3,"A","-",21801,"A","N","A","H","-","A","A","0","Y","A","01",0,1,2,0,0,0,0,0,0,"-","-","SOUTH LAKE TAHOE","EL DORADO","CA",0,0
"6021780",-119.9539729,38.9435752,2013,"0902","0","2","4","12",0,1,"A",,,,,,1500,1,"D","C","A","SKI RUN BL","TAMARACK AV",0,,"Y","2014-01-18",902,"2013-01-08",1213,"131","0902","5","3","0","0",,"0",,"-","N",,0,0,,,0,,,,"Y",2,"A","-",22450,,"N","C","H","-","A","A","0","Y","A","01",0,0,1,0,0,0,0,0,0,"-","-","SOUTH LAKE TAHOE","EL DORADO","CA",0,0