"CASEID","POINT_X","POINT_Y","YEAR_","LOCATION","CHPTYPE","DAYWEEK","CRASHSEV","VIOLCAT","KILLED","INJURED","WEATHER1","PEDCOL","BICCOL","MCCOL","TRUCKCOL","ETOH","TIMECAT","MONTH_","CRASHTYP","INVOLVE","PED","PRIMARYRD","SECONDRD","DISTANCE","DIRECT","INTERSECT_","PROCDATE","JURIS","DATE_","TIME_","BADGE","JURIDIST","SHIFT","POP","SPECIAL","BEATTYPE","LAPDDIV","BEATCLAS","BEATNUMB","WEATHER2","STATEHW","CALTRANC","CALTRAND","STROUTE","ROUTESUF","POSTPRE","POSTMILE","LOCATYPE","RAMP","SIDEHW","TOWAWAY","PARTIES","PCF","VIOLCODE","VIOL","VIOLSUB","HITRUN","ROADSURF","RDCOND1","RDCOND2","LIGHTING","RIGHTWAY","CHPRDTYP","NOTPRIV","STFAULT","CHPFAULT","SEVINJ","OTHERINJ","COP","PEDKILL","PEDINJ","BICKILL","BICINJ","MCKILL","MCINJURE","RAMP1","RAMP2","CITY","COUNTY","STATE","X_CHP","Y_CHP"
"6021776",-119.9947129,38.9196453,2013,"0902","0","4","4","04",0,1,"A",,,,,,1500,1,"C","C","A","LAKE TAHOE BL","WINNEMUCCA AV",0,,"Y","2014-01-18",902,"2013-01-17",1220,"169",,"5","3","0","0",,"0",,"-","Y","ED",3,50,"-","-",76.13,"I","5","E","Y",2,"A","-",21703,,"N","A","H","-","A","D","0","Y","H","14",0,0,1,0,0,0,0,0,0,"-","-","SOUTH LAKE TAHOE","EL DORADO","CA",0,0
"6021210",-121.071253,38.653955,2013,"0900","4","6","4","00",0,1,"A",,,,,,900,3,"D","C","A","EL DORADO HILLS BL","SARATOGA WY",0,,"Y","2015-01-14",9245,"2013-03-16",620,"015107",,"1","9","0","2",,"2","012","-","N",,0,0,,,0,,,,"Y",2,"D","-",0,,"N","A","H","-","B","A","0","Y","-","-",0,0,1,0,0,0,0,0,0,"-","-","UNINCORPORATED","EL DORADO","CA",-121.0416,38.3914
"6019924",-120.5700555,38.7264093,2013,"0900","4","4","3","01",0,1,"B",,,,,"Y",900,3,"E","I","A","SLY PARK RD","BELA VISTA DR",2640,"S","N","2014-02-10",9245,"2013-03-21",600,"13028",,"1","9","0","2",,"1","043","C","N",,0,0,,,0,,,,"Y",1,"A","-",23152,"A","N","B","H","-","D","D","0","Y","-","-",0,1,0,0,0,0,0,0,0,"-","-","UNINCORPORATED","EL DORADO","CA",-120.56929,38.72934
"6019824",-120.706451,38.6547472,2013,"0900","4","3","4","03",0,1,"C",,,,,,1500,3,"F","A","A","BUCKS BAR RD","BUCKS BAR CIR",528,"S","N","2014-02-08",9245,"2013-03-20",1300,"14424",,"1","9","0","2",,"1","042","-","N",,0,0,,,0,,,,"N",1,"A","-",22350,,"N","B","H","-","A","D","0","Y","A","01",0,0,1,0,0,0,0,0,0,"-","-","UNINCORPORATED","EL DORADO","CA",-120.70657,38.6532
"6019823",-121.0598235,38.7160041,2013,"0900","5","2","2","03",0,2,"B",,,,,,300,3,"F","A","A","MALCOLM DIXON RD","CASA ROBLES RD",528,"W","N","2014-02-08",9245,"2013-03-26",50,"15609",,"3","9","0","3",,"2","001","-","N",,0,0,,,0,,,,"Y",1,"A","-",22350,,"N","A","H","-","D","D","0","Y","A","01",1,1,0,0,0,0,0,0,0,"-","-","UNINCORPORATED","EL DORADO","CA",0,0
"6017684",-119.9776399,38.9347775,2013,"0902","0","4","2","18",0,3,"D",,,,,,900,3,"E","J","A","LAKE TAHOE BL","AL TAHOE BL",130,"E","N","2014-12-19",902,"2013-03-07",847,"160",,"5","3","0","0",,"0",,"-","Y","ED",3,50,"-","-",77.55,"I","5","W","Y",1,"C","-",0,,"N","C","H","-","A","A","0","Y","-","-",1,2,0,0,0,0,0,0,0,"-","-","SOUTH LAKE TAHOE","EL DORADO","CA",0,0
"6017633",-119.999383,38.9156052,2013,"0902","0","5","4","12",0,1,"-",,,,,,1200,3,"D","C","A","4TH ST","BARTON AV",0,,"Y","2014-02-07",902,"2013-03-01",946,"160",,"5","3","0","0",,"0",,"-","N",,0,0,,,0,,,,"Y",2,"A","-",22450,"A","N","A","H","-","A","A","0","Y","A","01",0,0,1,0,0,0,0,0,0,"-","-","SOUTH LAKE TAHOE","EL DORADO","CA",0,0
"6017359",-120.9750881,38.7064444,2013,"0900","5","4","3","01",0,2,"B",,,,,"Y",300,3,"F","I","A","GREEN VALLEY RD","HALLEY LN",700,"W","N","2014-02-05",9245,"2013-03-21",245,"17737",,"3","9","0","3",,"2","001","-","N",,0,0,,,0,,,,"Y",1,"A","-",23152,"A","N","B","H","-","D","D","0","Y","A","07",0,2,0,0,0,0,0,0,0,"-","-","UNINCORPORATED","EL DORADO","CA",-121.9746,38.7066
"6017355",-120.7183834,38.7188352,2013,"0900","4","3","3","01",0,1,"C",,,,,"Y",2100,3,"E","I","A","NEWTOWN RD","FORT JIM RD",2112,"N","N","2014-02-05",9245,"2013-03-20",1900,"15459",,"2","9","0","2",,"1","045","-","N",,0,0,,,0,,,,"Y",1,"A","-",23152,"A","N","B","H","-","B","D","0","Y","A","01",0,1,0,0,0,0,0,0,0,"-","-","UNINCORPORATED","EL DORADO","CA",-120.6781,38.70684
"6017331",-120.57701,38.7604712,2013,"0900","5","2","3","01",0,1,"B",,,,,"Y",1500,3,"E","I","A","HAZEL ST","RIDGEWAY DR",140,"S","N","2014-02-04",9245,"2013-03-26",1300,"13929",,"1","9","0","3",,"2","004","-","N",,0,0,,,0,,,,"Y",1,"A","-",23152,"A","N","A","H","-","A","D","0","Y","A","07",0,1,0,0,0,0,0,0,0,"-","-","UNINCORPORATED","EL DORADO","CA",0,0
"6016795",-120.9109227,38.6845538,2013,"0900","2","6","3","01",0,2,"A",,,,,"Y",1200,3,"C","C","A","RT 50","SHINGLE SPRINGS DR",750,"E","N","2014-12-12",9245,"2013-03-23",1115,"013463",,"1","9","0","1",,"2","120","-","Y","ED",3,50,"-","R",10.62,"H","-","W","Y",2,"A","-",23152,"A","N","A","H","-","A","D","1","Y","D","22",0,1,1,0,0,0,0,0,0,"-","-","UNINCORPORATED","EL DORADO","CA",-120.9109,38.68447
"6016791",0,0,2013,"0900","5","4","3","01",0,2,"A",,,,,"Y",2100,3,"E","I","A","BASS LAKE RD","SANDHURST HILL RD",40,"S","N","2014-02-06",9245,"2013-03-28",1923,"015607",,"2","9","0","3",,"2","001","-","N",,0,0,,,0,,,,"Y",1,"A","-",23152,"A","N","A","H","-","D","D","0","Y","D","22",0,2,0,0,0,0,0,0,0,"-","-","UNINCORPORATED","EL DORADO","CA",-120.01699,38.68158
"6016787",-120.8629525,38.8927372,2013,"0900","3","6","3","01",0,1,"A",,,,,"Y",1200,3,"B","C","A","RT 193","GRAYBAR MINE RD",550,"W","N","2014-11-13",9245,"2013-03-09",1040,"13463",,"1","9","0","1",,"1","122","-","Y","ED",3,193,"-","R",10.6,"H","-","W","Y",2,"A","-",23152,"A","N","A","H","-","A","D","0","Y","D","22",0,1,0,0,0,0,0,0,0,"-","-","UNINCORPORATED","EL DORADO","CA",-120.8653,38.89238
"6016324",-120.836182,38.7259922,2013,"0901","0","1","3","09",0,2,"B",,,,,,1200,4,"D","C","A","PLACERVILLE DR","CEBU LN",184,"N","N","2014-02-22",901,"2013-04-01",1104,"199","0901","5","2","0","0",,"0","PP1","-","N",,0,0,,,0,,,,"Y",2,"A","-",21804,"A","N","A","H","-","A","D","0","Y","-","-",0,1,1,0,0,0,0,0,0,"-","-","PLACERVILLE","EL DORADO","CA",0,0
"6016134",-120.8323555,38.7323698,2013,"0901","0","2","3","09",0,1,"A",,,,,,1800,2,"D","C","A","PLACERVILLE DR","PIERROZ RD",450,"W","N","2014-01-30",901,"2013-02-26",1527,"199",,"5","2","0","0",,"0","PP1","-","N",,0,0,,,0,,,,"Y",2,"A","-",21804,"A","N","A","H","-","A","D","0","Y","-","-",0,1,0,0,0,0,0,0,0,"-","-","PLACERVILLE","EL DORADO","CA",0,0
"6014821",-120.7006894,38.6232713,2013,"0900","4","6","4","05",0,1,"A",,,,,"Y",600,3,"E","I","A","MOUNT AUKUM RD","OUTINGDALE RD",2640,"E","N","2014-07-22",9245,"2013-03-16",300,"013028",,"3","9","0","2",,"1","042","-","N",,0,0,,,0,,,,"Y",1,"A","-",21650,,"N","A","H","-","D","D","0","Y","A","01",0,0,1,0,0,0,0,0,0,"-","-","UNINCORPORATED","EL DORADO","CA",0,0
"6014362",-120.8514287,38.6199187,2013,"0900","5","5","2","01",0,1,"A",,,,,"Y",2400,3,"E","I","A","RT 49","POST RD",1100,"S","N","2014-10-29",9245,"2013-03-15",2305,"17737",,"3","9","0","3",,"2","003","-","Y","ED",3,49,"-","-",5.16,"H","-","S","Y",1,"A","-",23152,"A","N","A","H","-","D","D","0","Y","A","01",1,0,0,0,0,0,0,0,0,"-","-","UNINCORPORATED","EL DORADO","CA",-120.8515,38.6171
"6014358",-120.7177674,38.9427385,2013,"0900","5","5","3","05",0,1,"A",,,"Y",,,1800,3,"E","I","A","WENTWORTH SPRINGS RD","SLEIGH BELL",361,"E","N","2014-02-07",9245,"2013-03-15",1530,"15607",,"2","9","0","3",,"2","002","-","N",,0,0,,,0,,,,"Y",1,"A","-",21650,,"N","A","H","-","A","D","0","Y","C","02",0,1,0,0,0,0,0,0,1,"-","-","UNINCORPORATED","EL DORADO","CA",-120.71705,38.94225
"6014347",-120.964303,38.6594152,2013,"0900","5","3","4","21",0,1,"B",,,,,,1500,3,"C","C","A","CAMERON PARK DR","RT 50",15,"S","N","2014-12-03",9245,"2013-03-20",1240,"11511",,"1","9","0","3",,"2","003","C","Y","ED",3,50,"-","-",6.715,"R","4","E","N",2,"A","-",22106,,"N","B","H","-","A","A","1","Y","A","07",0,0,1,0,0,0,0,0,0,"-","EO","UNINCORPORATED","EL DORADO","CA",-120.96898,38.65875
"6014339",-120.9098031,38.8105352,2013,"0900","3","6","4","03",0,1,"A",,,"Y",,,1500,3,"F","A","A","RT 49","MARSHALL RD",125,"N","N","2014-12-19",9245,"2013-03-16",1300,"13463",,"1","9","0","1",,"1","115","-","Y","ED",3,49,"-","-",24.52,"H","-","S","Y",1,"A","-",22350,,"N","A","H","-","A","A","0","Y","C","02",0,0,1,0,0,0,0,0,1,"-","-","UNINCORPORATED","EL DORADO","CA",-120.90986,38.8105
"6014323",-120.8266531,38.6863226,2013,"0900","5","4","4","08",0,1,"A",,,,,,2100,3,"E","I","A","PATTERSON DR","E LAKE SHORE DR",200,"N","N","2014-02-07",9245,"2013-03-14",2030,"18653",,"2","9","0","3",,"2","003","-","N",,0,0,,,0,,,,"Y",1,"A","-",22107,,"N","A","H","-","D","D","0","Y","A","01",0,0,1,0,0,0,0,0,0,"-","-","UNINCORPORATED","EL DORADO","CA",-120.82696,38.68712
"6011400",-120.962243,38.7070951,2013,"0900","4","5","4","09",0,2,"B",,,,,,900,2,"D","C","A","GREEN VALLEY RD","OAK LN",0,,"Y","2014-01-29",9245,"2013-02-22",705,"18624","9245","1","9","0","2",,"2","011","-","N",,0,0,,,0,,,,"Y",2,"A","-",21800,"B","N","A","H","-","A","A","0","Y","A","01",0,0,2,0,0,0,0,0,0,"-","-","UNINCORPORATED","EL DORADO","CA",0,0
"6011259",-120.6394397,38.576633,2013,"0900","4","3","2","03",0,1,"A",,"Y",,,,1500,2,"E","J","A","OMO RANCH RD","FAIRPLAY RD",7920,"E","N","2014-02-03",9245,"2013-02-13",1325,"015607",,"1","9","0","2",,"1","042","-","N",,0,0,,,0,,,,"N",1,"A","-",22350,,"N","A","H","-","A","D","0","Y","L","04",1,0,0,0,0,0,1,0,0,"-","-","UNINCORPORATED","EL DORADO","CA",-120.63872,38.57718
"6011044",-120.6842963,38.7359971,2013,"0900","2","4","4","05",0,1,"A",,,,,,1200,2,"E","I","A","RT 50","EIGHT MILE RD",6336,"E","N","2014-10-24",9245,"2013-02-21",900,"013028",,"1","9","0","1",,"2","140","-","Y","ED",3,50,"-","R",27.17,"H","-","W","Y",1,"A","-",21650,,"N","A","H","-","A","D","1","Y","A","01",0,0,1,0,0,0,0,0,0,"-","-","UNINCORPORATED","EL DORADO","CA",-120.64691,38.74426
"6008810",0,0,2013,"0900","5","2","4","03",0,1,"D",,,,,,1800,2,"F","I","A","GINGHAM CT","FAIROVER DR",510,"W","N","2014-01-28",9245,"2013-02-19",1625,"014872",,"2","9","0","3",,"2","004","-","N",,0,0,,,0,,,,"Y",1,"A","-",22350,,"N","C","H","-","A","D","0","Y","A","01",0,0,1,0,0,0,0,0,0,"-","-","UNINCORPORATED","EL DORADO","CA",-120.74682,38.71845
"6007863",-120.9602085,38.6596998,2013,"0900","2","4","4","08",0,1,"A",,,,,,2400,2,"E","I","A","RT 50","CAMERON PARK DR",2112,"E","N","2014-10-28",9245,"2013-02-07",2232,"017737",,"3","9","0","1",,"2","110","-","Y","ED",3,50,"-","-",6.99,"H","-","W","Y",1,"A","-",22107,,"N","A","H","-","D","D","1","Y","A","01",0,0,1,0,0,0,0,0,0,"-","-","UNINCORPORATED","EL DORADO","CA",-120.9585,38.6595
"6006505",-121.0164658,38.6552536,2013,"0900","2","6","3","08",0,1,"A",,,,,,1500,2,"E","I","A","RT 50","BASS LAKE RD",5016,"E","N","2014-10-24",9245,"2013-02-09",1205,"011511",,"1","9","0","1",,"2","110","-","Y","ED",3,50,"-","R",3.9,"H","-","W","Y",1,"A","-",22107,,"N","A","H","-","A","D","1","Y","A","07",0,1,0,0,0,0,0,0,0,"-","-","UNINCORPORATED","EL DORADO","CA",-121.012,38.3917
"6005920",-120.852833,38.6276152,2013,"0900","3","2","3","01",0,1,"A",,,,,"Y",2400,2,"F","A","A","RT 49","POST RD",1630,"N","N","2014-10-29",9245,"2013-02-26",2115,"016451",,"2","9","0","1",,"1","135","-","Y","ED",3,49,"-","-",5.71,"H","-","S","Y",1,"A","-",23152,"A","N","A","H","-","D","D","0","Y","A","01",0,1,0,0,0,0,0,0,0,"-","-","UNINCORPORATED","EL DORADO","CA",-120.85286,38.62713
"6005013",-120.697476,38.6015823,2013,"0900","5","3","3","05",0,1,"A",,,,,,2500,2,"E","I","A","FAIRPLAY RD","DORADO CANYON RD",375,"S","N","2014-01-29",9245,"2013-02-13",2500,"13028",,"4","9","0","3",,"2","004","-","N",,0,0,,,0,,,,"Y",1,"A","-",21650,,"N","A","H","-","D","D","0","Y","A","07",0,1,0,0,0,0,0,0,0,"-","-","UNINCORPORATED","EL DORADO","CA",-120.69524,39.60165
"6004505",-121.0016453,38.6563122,2013,"0900","2","4","4","03",0,1,"A",,,,,,1800,2,"C","C","A","RT 50","CAMBRIDGE RD",300,"W","N","2014-10-28",9245,"2013-02-28",1730,"017089",,"2","9","0","1",,"2","110","-","Y","ED",3,50,"-","-",4.9,"H","-","W","Y",2,"A","-",22350,,"N","A","H","-","A","D","1","Y","A","07",0,0,1,0,0,0,0,0,0,"-","-","UNINCORPORATED","EL DORADO","CA",-121.00005,38.65637
"6004252",-120.8023193,38.9228828,2013,"0900","5","3","4","05",0,1,"A",,,,,,1500,2,"E","I","A","WENTWORTH SPRINGS RD","STARWOOD LN",150,"W","N","2014-01-29",9245,"2013-02-13",1430,"017935",,"2","9","0","3",,"2","002","-","N",,0,0,,,0,,,,"Y",1,"A","-",21650,,"N","A","H","-","A","D","0","Y","A","01",0,0,1,0,0,0,0,0,0,"-","-","UNINCORPORATED","EL DORADO","CA",-120.80274,38.92256
"6002844",0,0,2013,"0900","4","4","4","03",0,1,"A",,,,,,1800,1,"C","C","A","EL DORADO HILLS BL","SARATOGA WY",60,"S","N","2014-01-21",9245,"2013-01-17",1620,"017728",,"2","9","0","2",,"2","012","-","N",,0,0,,,0,,,,"N",2,"A","-",22350,,"N","A","H","-","A","D","0","Y","A","07",0,0,1,0,0,0,0,0,0,"-","-","UNINCORPORATED","EL DORADO","CA",-121.07094,38.6536
"6002840",-120.8510855,38.7378468,2013,"0900","4","1","4","11",0,1,"A","Y",,,,,2400,1,"G","B","E","COLD SPRINGS RD","COOLWATER CREEK RD",1056,"N","N","2014-01-21",9245,"2013-01-21",2100,"018624",,"2","9","0","2",,"1","014","-","N",,0,0,,,0,,,,"Y",2,"A","-",21956,,"N","A","H","-","D","D","0","Y","N","60",0,0,1,0,1,0,0,0,0,"-","-","UNINCORPORATED","EL DORADO","CA",-120.85512,38.73784
"6002836",0,0,2013,"0900","4","3","4","08",0,1,"A",,,,,,2100,1,"D","C","A","EL DORADO HILLS BL","SARATOGA WY",130,"S","N","2014-01-21",9245,"2013-01-16",1900,"017728",,"2","9","0","2",,"2","012","-","N",,0,0,,,0,,,,"N",2,"A","-",22107,,"N","A","H","-","C","D","0","Y","A","07",0,0,1,0,0,0,0,0,0,"-","-","UNINCORPORATED","EL DORADO","CA",-121.07066,38.65394
"6002524",-120.781893,38.7328752,2013,"0900","2","6","3","03",0,1,"A",,,,,,900,1,"F","A","A","RT 50","SCHNELL SCHOOL RD",365,"W","N","2014-12-03",9245,"2013-01-12",820,"013463",,"1","9","0","1",,"2","140","-","Y","ED",3,50,"-","-",19.05,"H","-","E","Y",1,"A","-",22350,,"N","C","H","-","A","D","1","Y","A","01",0,1,0,0,0,0,0,0,0,"-","-","UNINCORPORATED","EL DORADO","CA",-120.78311,38.73271
"5998752",-120.7926574,38.723292,2013,"0901","0","6","3","01",0,1,"A",,,,,"Y",2100,1,"F","I","A","CEDAR RAVINE RD","ROWLAND ST",32,"N","N","2014-01-28",901,"2013-01-05",1931,"285","0901","5","2","0","0",,"0","PP2","-","N",,0,0,,,0,,,,"Y",1,"A","-",23152,"A","N","A","H","-","C","D","0","Y","-","-",0,1,0,0,0,0,0,0,0,"-","-","PLACERVILLE","EL DORADO","CA",0,0
"5998724",-120.8338413,38.7220814,2013,"0901","0","3","4","03",0,1,"A",,,,,,900,1,"E","I","A","PLACERVILLE DR","FORNI RD",528,"W","N","2014-03-28",901,"2013-01-16",815,"249","0901","5","2","0","0",,"0","PP1","-","N",,0,0,,,0,,,,"Y",1,"A","-",22350,,"N","C","G","-","A","D","0","Y","D","22",0,0,1,0,0,0,0,0,0,"-","-","PLACERVILLE","EL DORADO","CA",0,0
"5997737",-120.7655768,38.6777976,2013,"0900","4","7","2","01",0,4,"A",,,,,"Y",2400,2,"D","C","A","PLEASANT VALLEY RD","WESTLEY RD",528,"W","N","2014-01-30",9245,"2013-02-03",2147,"015609",,"2","9","0","2",,"1","041","-","N",,0,0,,,0,,,,"Y",2,"A","-",23152,"A","N","A","H","-","D","D","0","Y","A","01",2,1,1,0,0,0,0,0,0,"-","-","UNINCORPORATED","EL DORADO","CA",-120.76489,38.67778
"5994980",-121.0084932,38.8877909,2013,"0900","3","3","4","03",0,2,"C",,,,,,1800,1,"D","C","A","RT 193","CHERRY ACRES RD",600,"W","N","2014-12-12",9245,"2013-01-09",1742,"018653",,"2","9","0","1",,"1","122","-","Y","ED",3,193,"-","-",0.41,"H","-","W","Y",2,"A","-",22350,,"N","B","H","-","D","D","0","Y","A","01",0,0,2,0,0,0,0,0,0,"-","-","UNINCORPORATED","EL DORADO","CA",-121.01384,38.88624
"5994964",-120.811055,38.7131697,2013,"0900","3","1","3","08",0,3,"A",,,,,,2100,1,"E","I","A","RT 49","LONGHRUT RD",1056,"N","N","2014-12-03",9245,"2013-01-21",1810,"015459",,"2","9","0","1",,"1","135","-","Y","ED",3,49,"-","-",13.22,"H","-","S","Y",1,"A","-",22107,,"N","A","H","-","D","D","0","Y","A","07",0,1,2,0,0,0,0,0,0,"-","-","UNINCORPORATED","EL DORADO","CA",-120.81117,38.71346
"5992602",-120.5536328,38.7674317,2013,"0900","2","7","2","01",0,1,"A",,,,,"Y",2400,3,"E","I","A","RT 50","STACY LN",1056,"E","N","2014-10-29",9245,"2013-03-10",2235,"017756",,"3","9","0","1",,"2","140","-","Y","ED",3,50,"-","-",32.84,"H","-","E","Y",1,"A","-",23152,"A","N","A","H","-","D","D","1","Y","A","01",1,0,0,0,0,0,0,0,0,"-","-","UNINCORPORATED","EL DORADO","CA",-120.55223,38.76683
"5992120",0,0,2013,"0900","2","7","3","03",0,1,"A",,,"Y",,,1200,3,"F","A","A","MOUNT AUKUM RD","CANDLELIGHT LN",19,"N","N","2014-02-03",9245,"2013-03-10",1145,"014424",,"1","9","0","1",,"2","120","-","N",,0,0,,,0,,,,"N",1,"A","-",22350,,"N","A","H","-","A","D","0","Y","C","02",0,1,0,0,0,0,0,0,1,"-","-","UNINCORPORATED","EL DORADO","CA",-120.71969,38.60063
"5992096",-121.0314188,38.9115369,2013,"0900","3","6","2","03",0,1,"A",,,"Y",,,1500,3,"F","A","A","RT 49","PLACER CO LINE",3168,"S","N","2014-10-29",9245,"2013-03-09",1225,"17604",,"1","9","0","1",,"1","115","-","Y","ED",3,49,"-","-",37.43,"H","-","N","Y",1,"A","-",22350,,"N","A","H","-","A","D","0","Y","C","02",1,0,0,0,0,0,0,0,1,"-","-","UNINCORPORATED","EL DORADO","CA",-121.03097,38.91142
"5992090",-121.0746302,38.7026474,2013,"0900","5","7","4","18",0,1,"A",,,,,"Y",900,3,"E","I","A","SILVA VALLEY PKY","CHARTER WY",2112,"N","N","2014-02-06",9245,"2013-03-10",750,"13929",,"1","9","0","3",,"2","001","-","N",,0,0,,,0,,,,"Y",1,"C","-",0,,"N","A","H","-","A","D","0","Y","-","-",0,0,1,0,0,0,0,0,0,"-","-","UNINCORPORATED","EL DORADO","CA",-121.07471,38.70356
"5992088",-120.6154743,38.5968547,2013,"0900","5","7","3","08",0,1,"A",,,,,,1800,3,"E","I","A","SLUG GULCH RD","BLAZING STAR RD",3168,"S","N","2014-02-03",9245,"2013-03-17",1540,"015459",,"2","9","0","3",,"2","004","-","N",,0,0,,,0,,,,"Y",1,"A","-",22107,,"N","A","H","-","A","D","0","Y","A","01",0,1,0,0,0,0,0,0,0,"-","-","UNINCORPORATED","EL DORADO","CA",-120.61587,38.59715
"5992086",-120.8690392,38.7002764,2013,"0900","2","2","4","03",0,3,"A",,,,,,2100,3,"C","C","A","RT 50","EL DORADO RD",3168,"W","N","2014-10-28",9245,"2013-03-05",1950,"17728",,"2","9","0","1",,"2","120","-","Y","ED",3,50,"-","R",13.31,"H","-","E","Y",2,"A","-",22350,,"N","A","H","-","D","D","1","Y","A","01",0,0,3,0,0,0,0,0,0,"-","-","UNINCORPORATED","EL DORADO","CA",-120.86119,38.70295
"5992084",-120.1531134,38.7901566,2013,"0900","2","6","3","08",0,3,"B",,,,,,1800,3,"F","A","A","RT 50","SCIOTS TRACT",0,"E","N","2014-10-28",9245,"2013-03-16",1710,"016629",,"2","9","0","1",,"1","170","-","Y","ED",3,50,"-","-",57.35,"H","-","E","Y",1,"A","-",22107,,"N","A","H","-","A","D","0","Y","A","08",0,1,2,0,0,0,0,0,0,"-","-","UNINCORPORATED","EL DORADO","CA",-120.15315,38.79003
"5992014",-120.0100237,38.8056565,2013,"0900","3","7","4","03",0,1,"A",,,,,,1800,3,"E","I","A","RT 89","SOUTH UPPER TRUCKEE RD",3696,"N","N","2014-11-17",9246,"2013-03-10",1655,"010056",,"2","9","0","1",,"1","023","-","Y","ED",3,89,"-","-",5.24,"H","-","N","Y",1,"A","-",22350,,"N","A","H","-","A","D","0","Y","A","01",0,0,1,0,0,0,0,0,0,"-","-","UNINCORPORATED","EL DORADO","CA",-120.00992,38.80579
"5991883",-121.0317368,38.7036018,2013,"0900","4","3","3","01",0,1,"C",,,,,"Y",300,3,"E","I","A","GREEN VALLEY RD","DEER VALLEY RD",133,"W","N","2014-02-07",9245,"2013-03-20",20,"18624","9245","3","9","0","2",,"2","011","-","N",,0,0,,,0,,,,"Y",1,"A","-",23152,"A","N","B","H","-","D","D","0","Y","A","01",0,1,0,0,0,0,0,0,0,"-","-","UNINCORPORATED","EL DORADO","CA",-120.95248,38.71099
"5990911",-120.9986229,38.6854532,2013,"0900","5","4","4","03",0,1,"A",,,,,,1800,2,"C","C","A","CAMBRIDGE RD","SANDHURST DR",33,"S","N","2014-01-28",9245,"2013-02-14",1635,"017089",,"2","9","0","3",,"2","001","-","N",,0,0,,,0,,,,"Y",2,"A","-",22350,,"N","A","H","-","A","D","0","Y","A","01",0,0,1,0,0,0,0,0,0,"-","-","UNINCORPORATED","EL DORADO","CA",-120.99863,38.68541
"5990907",-120.9477231,38.6609451,2013,"0900","5","2","4","09",0,1,"B",,,,,,900,2,"A","C","A","WILD CHAPARRAL DR","MANY OAKS LN",0,,"Y","2014-01-28",9245,"2013-02-19",850,"013929",,"1","9","0","3",,"2","001","C","N",,0,0,,,0,,,,"Y",2,"A","-",21802,"A","N","B","H","-","A","A","0","Y","A","07",0,0,1,0,0,0,0,0,0,"-","-","UNINCORPORATED","EL DORADO","CA",-120.9481,38.66096
"5990139",-120.9395034,38.6622268,2013,"0900","2","5","2","01",0,1,"B",,,"Y",,,1500,1,"C","C","A","RT 50","SHINGLE SPRINGS DR",53,"E","N","2014-12-03",9245,"2013-01-25",1425,"17089",,"2","9","0","1",,"2","120","-","Y","ED",3,50,"-","R",8.58,"H","-","W","Y",2,"A","-",23152,"A","N","A","H","-","A","D","1","Y","C","02",1,0,0,0,0,0,0,0,1,"-","-","UNINCORPORATED","EL DORADO","CA",-120.91448,38.68088
"5988619",-121.0642989,38.7354012,2013,"0900","4","2","3","03",0,1,"C",,,,,,2100,3,"F","I","A","SALMON FALLS RD","GREEN VALLEY RD",10560,"N","N","2014-02-10",9245,"2013-03-19",2025,"17935",,"2","9","0","2",,"2","012","-","N",,0,0,,,0,,,,"Y",1,"A","-",22350,,"N","B","H","-","D","D","0","Y","D","22",0,1,0,0,0,0,0,0,0,"-","-","UNINCORPORATED","EL DORADO","CA",-121.07262,38.71868
"5988185",-121.062993,38.648755,2013,"0900","5","1","4","09",0,1,"A",,,,,,1800,3,"B","C","A","WHITE ROCK RD","KEABLES LN",0,,"Y","2014-02-06",9245,"2013-03-04",1615,"17728",,"2","9","0","3",,"2","003","-","N",,0,0,,,0,,,,"Y",2,"A","-",21801,"A","N","A","H","-","A","D","0","Y","A","07",0,0,1,0,0,0,0,0,0,"-","-","UNINCORPORATED","EL DORADO","CA",-121.0629,38.64881
"5987380",-121.0297931,38.656565,2013,"0900","5","5","4","09",0,1,"A",,,,,,1800,1,"D","C","A","BASS LAKE RD","COUNTRY CLUB DR",0,,"Y","2014-04-01",9245,"2013-01-25",1720,"17737",,"2","9","0","3",,"2","001","-","N",,0,0,,,0,,,,"Y",2,"A","-",21801,"A","N","A","H","-","B","D","0","Y","A","01",0,0,1,0,0,0,0,0,0,"-","-","UNINCORPORATED","EL DORADO","CA",-121.0296,38.6564
"5987372",-120.948303,38.6286051,2013,"0900","5","6","3","09",0,2,"A",,,"Y",,,1800,1,"B","C","A","SOUTH SHINGLE RD","STAMPEDE LN",0,,"Y","2014-01-17",9245,"2013-01-19",1620,"017737",,"2","9","0","3",,"2","003","-","N",,0,0,,,0,,,,"Y",2,"A","-",21801,"A","N","A","H","-","A","D","0","Y","A","01",0,1,1,0,0,0,0,0,2,"-","-","UNINCORPORATED","EL DORADO","CA",-120.9485,38.6282
"5987368",-121.0749131,38.6516652,2013,"0900","5","5","4","01",0,1,"A",,,,,"Y",2100,1,"E","I","A","RT 50","EL DORADO RD",0,,"Y","2014-01-17",9245,"2013-01-25",1808,"017737",,"2","9","0","3",,"2","001","-","Y","ED",3,50,"-","-",0.686,"R","3","W","Y",1,"A","-",23152,"A","N","A","H","-","C","D","1","Y","A","01",0,0,1,0,0,0,0,0,0,"FR","-","UNINCORPORATED","EL DORADO","CA",-120.8567,38.7054