"CASEID","POINT_X","POINT_Y","YEAR_","LOCATION","CHPTYPE","DAYWEEK","CRASHSEV","VIOLCAT","KILLED","INJURED","WEATHER1","PEDCOL","BICCOL","MCCOL","TRUCKCOL","ETOH","TIMECAT","MONTH_","CRASHTYP","INVOLVE","PED","PRIMARYRD","SECONDRD","DISTANCE","DIRECT","INTERSECT_","PROCDATE","JURIS","DATE_","TIME_","BADGE","JURIDIST","SHIFT","POP","SPECIAL","BEATTYPE","LAPDDIV","BEATCLAS","BEATNUMB","WEATHER2","STATEHW","CALTRANC","CALTRAND","STROUTE","ROUTESUF","POSTPRE","POSTMILE","LOCATYPE","RAMP","SIDEHW","TOWAWAY","PARTIES","PCF","VIOLCODE","VIOL","VIOLSUB","HITRUN","ROADSURF","RDCOND1","RDCOND2","LIGHTING","RIGHTWAY","CHPRDTYP","NOTPRIV","STFAULT","CHPFAULT","SEVINJ","OTHERINJ","COP","PEDKILL","PEDINJ","BICKILL","BICINJ","MCKILL","MCINJURE","RAMP1","RAMP2","CITY","COUNTY","STATE","X_CHP","Y_CHP"
"5981947",-120.8115698,38.6984055,2013,"0900","3","4","4","03",0,1,"A",,,,,,900,2,"C","C","A","RT 49","LIME KILN RD",19,"S","N","2014-12-26",9245,"2013-02-28",841,"15607",,"1","9","0","1",,"1","135","-","Y","ED",3,49,"-","-",12.153,"I","5","N","Y",2,"A","-",22350,,"N","A","H","-","A","D","0","Y","A","07",0,0,1,0,0,0,0,0,0,"-","-","UNINCORPORATED","EL DORADO","CA",-120.8111,38.6991
"5981029",-120.897204,38.6695435,2013,"0900","4","1","4","08",0,1,"A",,,,,,1200,1,"E","I","A","MOTHER LODE DR","DOE ST",70,"E","N","2014-01-21",9245,"2013-01-21",900,"13839",,"1","9","0","2",,"1","039","-","N",,0,0,,,0,,,,"Y",1,"A","-",22107,,"N","A","H","-","A","D","0","Y","A","01",0,0,1,0,0,0,0,0,0,"-","-","UNINCORPORATED","EL DORADO","CA",-120.89719,38.6696
"5981025",-120.3782095,38.8684317,2013,"0900","4","1","3","03",0,2,"B",,,,,,1500,1,"F","J","A","ICE HOUSE RD","PICKETT PEN RD",40,"N","N","2014-01-21",9245,"2013-01-21",1430,"18653",,"2","9","0","2",,"1","026","-","N",,0,0,,,0,,,,"Y",1,"A","-",22350,,"N","C","H","-","A","D","0","Y","A","07",0,1,1,0,0,0,0,0,0,"-","-","UNINCORPORATED","EL DORADO","CA",-120.37909,38.86889
"5981021",-120.9730375,38.8275428,2013,"0900","3","2","4","05",0,1,"A",,,,,"Y",900,1,"E","I","A","RT 49","FORGOTTEN LOOP",1584,"S","N","2014-12-03",9245,"2013-01-29",630,"13028",,"1","9","0","1",,"1","115","-","Y","ED",3,49,"-","-",28.36,"H","-","S","N",1,"A","-",21650,,"N","A","H","-","A","D","0","Y","A","01",0,0,1,0,0,0,0,0,0,"-","-","UNINCORPORATED","EL DORADO","CA",-120.97237,38.8278
"5980935",-120.6336152,38.7143465,2013,"0900","5","1","4","08",0,1,"B",,,,,,2400,1,"E","I","A","STARKES GRADE RD","FIVE SPOT RD",1056,"E","N","2014-01-18",9245,"2013-01-28",2200,"015459",,"3","9","0","3",,"2","004","-","N",,0,0,,,0,,,,"N",1,"A","-",22107,,"N","C","H","-","D","D","0","Y","A","01",0,0,1,0,0,0,0,0,0,"-","-","UNINCORPORATED","EL DORADO","CA",-120.63476,38.7138
"5980342",-120.7859082,38.731207,2013,"0901","0","3","3","10",0,2,"C","Y",,,,,1800,1,"G","B","B","BROADWAY DR","CARSON RD",19,"E","N","2014-03-28",901,"2013-01-09",1745,"285","0901","5","2","0","0",,"0","PP2","-","N",,0,0,,,0,,,,"N",3,"A","-",21950,"A","F","B","H","-","C","A","0","Y","-","-",0,2,0,0,2,0,0,0,0,"-","-","PLACERVILLE","EL DORADO","CA",0,0
"5980338",-120.8362384,38.7260411,2013,"0901","0","5","4","09",0,1,"A",,,,,,1800,1,"D","C","A","PLACERVILLE DR","CEBU LN",208,"N","N","2014-03-28",901,"2013-01-11",1605,"248","0901","5","2","0","0",,"0","PP1","-","N",,0,0,,,0,,,,"Y",2,"A","-",21801,"A","N","A","H","-","A","A","0","Y","-","-",0,0,1,0,0,0,0,0,0,"-","-","PLACERVILLE","EL DORADO","CA",0,0
"5980334",-120.837113,38.728355,2013,"0901","0","1","2","12",0,1,"A",,,,,,1500,1,"A","C","A","PLACERVILLE DR","RAY LAWYER DR",0,,"Y","2014-01-27",901,"2013-01-14",1330,"199",,"5","2","0","0",,"0","PP1","-","N",,0,0,,,0,,,,"Y",2,"A","-",21453,"A","N","A","H","-","A","A","0","Y","-","-",1,0,0,0,0,0,0,0,0,"-","-","PLACERVILLE","EL DORADO","CA",0,0
"5980330",-121.0715613,38.6547413,2013,"0900","4","7","3","08",0,1,"A",,,"Y",,,1500,1,"F","A","A","EL DORADO HILLS BL","SARATOGA WY",300,"N","N","2014-01-27",9245,"2013-01-27",1205,"17604",,"1","9","0","2",,"2","012","-","N",,0,0,,,0,,,,"N",1,"A","-",22107,,"N","A","H","-","A","D","0","Y","C","02",0,1,0,0,0,0,0,0,1,"-","-","UNINCORPORATED","EL DORADO","CA",-121.07156,38.65476
"5980319",-120.2013416,38.7884924,2013,"0900","2","7","3","03",0,3,"B",,,,,,900,1,"E","I","A","RT 50","WRIGHTS LAKE RD",3590,"E","N","2014-12-12",9245,"2013-01-27",630,"13929",,"1","9","0","1",,"1","170","D","Y","ED",3,50,"-","-",54.52,"H","-","E","Y",1,"A","-",22350,,"N","C","H","-","B","D","0","Y","A","01",0,2,1,0,0,0,0,0,0,"-","-","UNINCORPORATED","EL DORADO","CA",-120.20147,38.79942
"5977661",-120.695743,38.7400652,2013,"0900","2","2","3","01",0,1,"A",,,,,"Y",1800,1,"E","I","A","RT 50","CARSON RD",0,,"Y","2015-01-14",9245,"2013-01-01",1550,"13248",,"2","9","0","1",,"2","140","-","Y","ED",3,50,"-","R",26.101,"R","4","W","Y",1,"A","-",23152,"A","N","A","H","-","A","D","1","Y","A","07",0,1,0,0,0,0,0,0,0,"-","-","UNINCORPORATED","EL DORADO","CA",-120.69701,38.74022
"5977567",-120.5022319,38.7620408,2013,"0900","2","7","3","03",0,2,"B",,,,,,1200,1,"E","I","A","RT 50","HAZEL VALLEY RD",1584,"E","N","2014-12-03",9245,"2013-01-06",1105,"015262",,"1","9","0","1",,"2","150","D","Y","ED",3,50,"-","-",35.95,"H","-","E","Y",1,"A","-",22350,,"N","B","H","-","A","A","1","Y","A","01",0,1,1,0,0,0,0,0,0,"-","-","UNINCORPORATED","EL DORADO","CA",-120.50276,38.76179
"5977440",-120.8236199,38.6936842,2013,"0900","4","5","3","09",0,1,"A",,,,,,1800,1,"D","C","A","MISSOURI FLAT RD","RT 49",300,"N","N","2014-10-29",9245,"2013-01-18",1615,"17089",,"2","9","0","2",,"1","037","-","N",,0,0,,,0,,,,"Y",2,"A","-",21801,"A","N","A","H","-","A","A","0","Y","A","07",0,1,0,0,0,0,0,0,0,"-","-","UNINCORPORATED","EL DORADO","CA",-120.82379,38.69377
"5977033",-121.0282953,38.9100617,2013,"0900","3","1","4","03",0,1,"A",,,,,,2100,1,"E","J","A","RT 49","PLACER CO LINE",5280,"S","N","2014-12-03",9245,"2013-01-07",2020,"018624","9245","2","9","0","1",,"1","115","-","Y","ED",3,49,"-","-",37.2,"H","-","S","Y",1,"A","-",22350,,"N","A","H","-","D","D","0","Y","A","01",0,0,1,0,0,0,0,0,0,"-","-","UNINCORPORATED","EL DORADO","CA",0,0
"5977029",-120.7425375,38.6813993,2013,"0900","4","3","3","03",0,1,"A",,,,,,300,1,"E","I","A","CEDAR RAVINE RD","PLEASANT VALLEY RD",1095,"N","N","2014-01-22",9245,"2013-01-09",200,"012833",,"3","9","0","2",,"1","041","-","N",,0,0,,,0,,,,"Y",1,"A","-",22350,,"N","A","H","-","D","D","0","Y","A","01",0,1,0,0,0,0,0,0,0,"-","-","UNINCORPORATED","EL DORADO","CA",-120.74215,38.68117
"5977025",0,0,2013,"0900","5","3","3","05",0,1,"B",,,,,,2100,1,"A","C","A","PATTERSON DR","ORION DR",30,"N","N","2014-01-22",9245,"2013-01-09",1810,"015459",,"2","9","0","3",,"2","004","C","N",,0,0,,,0,,,,"N",2,"A","-",21460,"A","N","B","H","-","C","D","0","Y","A","01",0,1,0,0,0,0,0,0,0,"-","-","UNINCORPORATED","EL DORADO","CA",-120.82542,38.67576
"5977000",-120.9944785,38.6928384,2013,"0900","4","7","2","18",0,1,"A",,,,,,600,1,"H","H","A","CAMERON PARK DR","LA CANADA DR",900,"S","N","2014-01-21",9245,"2013-01-13",520,"17604",,"3","9","0","2",,"1","015","-","N",,0,0,,,0,,,,"N",1,"C","-",0,,"N","A","H","-","D","D","0","Y","-","-",1,0,0,0,0,0,0,0,0,"-","-","UNINCORPORATED","EL DORADO","CA",-120.99444,38.69271
"5976524",-120.0052887,38.8762916,2013,"0900","2","2","4","03",0,2,"-",,,,,,1500,1,"C","C","A","RT 50","SAWMILL RD",210,"E","N","2014-12-03",9246,"2013-01-01",1314,"014471",,"1","9","0","1",,"1","022","-","Y","ED",3,50,"-","-",72.75,"H","-","W","N",2,"A","-",22350,,"N","A","H","-","A","D","0","Y","A","01",0,0,2,0,0,0,0,0,0,"-","-","UNINCORPORATED","EL DORADO","CA",-120.00518,38.87673
"5974003",-120.6994557,38.7084827,2013,"0900","4","1","4","01",0,1,"A",,,,,"Y",2400,1,"E","I","A","NEWTOWN RD","HARMONY HILL RD",4224,"E","N","2014-01-18",9245,"2013-01-14",2340,"17935",,"3","9","0","2",,"1","045","-","N",,0,0,,,0,,,,"Y",1,"A","-",23152,"A","N","A","H","-","D","D","0","Y","A","01",0,0,1,0,0,0,0,0,0,"-","-","UNINCORPORATED","EL DORADO","CA",-120.69329,38.70887
"5965212",-121.0444595,38.7126766,2013,"0900","4","5","4","09",0,1,"A",,,,,,2100,2,"D","C","A","GREEN VALLEY RD","OX TRAIL WY",300,"E","N","2014-01-27",9245,"2013-02-22",1855,"17604",,"2","9","0","2",,"2","011","-","N",,0,0,,,0,,,,"Y",2,"A","-",21801,"A","N","A","H","-","D","D","0","Y","-","-",0,0,1,0,0,0,0,0,0,"-","-","UNINCORPORATED","EL DORADO","CA",-121.04438,38.71256
"5947646",-120.6768533,38.6938152,2013,"0900","4","3","4","03",0,1,"A",,,,,,900,2,"E","I","A","PLEASANT VALLEY RD","PLEASANT VALLEY GRANGE RD",60,"E","N","2014-04-19",9245,"2013-02-20",723,"15607",,"1","9","0","2",,"1","041","-","N",,0,0,,,0,,,,"N",1,"A","-",22350,,"N","C","H","-","A","D","0","Y","A","07",0,0,1,0,0,0,0,0,0,"-","-","UNINCORPORATED","EL DORADO","CA",-120.677,38.6939
"5947599",-120.2941112,38.7743985,2013,"0900","2","4","3","03",0,1,"A",,,,,,1800,2,"C","C","A","RT 50","CAMBRIDGE RD",340,"W","N","2014-10-28",9245,"2013-02-28",1736,"17604",,"2","9","0","1",,"2","110","-","Y","ED",3,50,"-","-",49,"H","-","W","Y",2,"A","-",22350,,"N","A","D","-","A","D","0","Y","A","01",0,1,0,0,0,0,0,0,0,"-","-","UNINCORPORATED","EL DORADO","CA",-121.00024,38.65641
"5946231",-120.9098604,38.7132837,2013,"0900","4","4","4","03",0,1,"B",,,,,,1500,1,"E","I","A","GREEN VALLEY RD","BLEND O GREEN WY",335,"E","N","2014-01-24",9245,"2013-01-24",1205,"11511",,"1","9","0","2",,"2","011","-","N",,0,0,,,0,,,,"Y",1,"A","-",22350,,"N","B","H","-","A","D","0","Y","A","01",0,0,1,0,0,0,0,0,0,"-","-","UNINCORPORATED","EL DORADO","CA",-120.90981,38.71324
"5943483",-121.003883,38.7243951,2013,"0900","2","2","4","01",0,1,"B",,,,,"Y",1200,2,"E","I","A","STARBUCK RD","SEAN SHELLEY LN",0,"S","N","2014-01-28",9245,"2013-02-05",1035,"014424",,"1","9","0","1",,"2","120","-","N",,0,0,,,0,,,,,1,"A","-",23152,"A","N","A","H","-","A","D","0","Y","A","07",0,0,1,0,0,0,0,0,0,"-","-","UNINCORPORATED","EL DORADO","CA",-121.00378,38.72442
"5943479",-120.7482712,38.7426015,2013,"0900","4","5","4","03",0,1,"B",,,,,,1800,2,"A","C","A","CARSON RD","UNION RIDGE RD",266,"W","N","2014-01-28",9245,"2013-02-08",1535,"17604",,"2","9","0","2",,"1","024","-","N",,0,0,,,0,,,,"N",2,"A","-",22350,,"N","C","H","-","A","D","0","Y","A","01",0,0,1,0,0,0,0,0,0,"-","-","UNINCORPORATED","EL DORADO","CA",-120.74839,38.74596
"5943475",-120.8172082,38.7836269,2013,"0900","3","7","3","01",0,1,"A",,,,,"Y",1500,2,"E","I","A","RT 193","TEXAS CANYON RD",528,"S","N","2014-10-21",9245,"2013-02-03",1340,"018653",,"1","9","0","1",,"1","122","-","Y","ED",3,193,"-","-",21.54,"H","-","W","Y",1,"A","-",23152,"A","N","A","H","-","A","D","0","Y","A","01",0,1,0,0,0,0,0,0,0,"-","-","UNINCORPORATED","EL DORADO","CA",-120.8184,38.78197
"5943471",-120.9951373,38.6868242,2013,"0900","5","1","4","01",0,1,"A",,,,,,900,1,"C","E","A","UNITED DR","ROYAL PARK DR",304,"S","N","2014-01-28",9245,"2013-01-28",840,"013839",,"1","9","0","3",,"2","001","-","N",,0,0,,,0,,,,"N",2,"A","-",23152,"A","N","A","H","-","A","D","0","Y","A","01",0,0,1,0,0,0,0,0,0,"-","-","UNINCORPORATED","EL DORADO","CA",-120.99518,38.68685
"5943381",-121.0289975,38.9109923,2013,"0900","5","6","4","00",0,1,"A",,,"Y",,,2100,2,"F","A","A","RT 49","OLD FOREST HILL RD",5280,"S","N","2014-10-29",9245,"2013-02-09",2035,"017756",,"2","9","0","3",,"2","002","-","Y","ED",3,49,"-","-",37.28,"H","-","S","Y",1,"D","-",0,,"N","A","H","-","D","D","0","Y","-","-",0,0,1,0,0,0,0,0,1,"-","-","UNINCORPORATED","EL DORADO","CA",-120.0298,38.911
"5943377",-120.85335,38.9004615,2013,"0900","3","7","4","05",0,2,"A",,,"Y",,,1500,2,"F","A","A","RT 193","GRAYBAR MINE RD",1584,"N","N","2014-10-21",9245,"2013-02-10",1355,"016451",,"1","9","0","1",,"1","122","-","Y","ED",3,193,"-","-",11,"H","-","W","N",1,"A","-",21650,,"N","A","H","-","A","D","0","Y","C","02",0,0,2,0,0,0,0,0,2,"-","-","UNINCORPORATED","EL DORADO","CA",-120.86626,38.89205
"5943373",-120.5665014,38.7592319,2013,"0900","4","4","4","05",0,1,"D",,,,,,1500,2,"E","I","A","SLY PARK RD","TOBOGGAN RD",664,"S","N","2014-01-22",9245,"2013-02-07",1258,"015607",,"1","9","0","2",,"1","043","-","N",,0,0,,,0,,,,"Y",1,"A","-",21460,"A","N","B","H","-","A","D","0","Y","A","08",0,0,1,0,0,0,0,0,0,"-","-","UNINCORPORATED","EL DORADO","CA",-120.5623,38.7596
"5943365",-120.9243491,38.6664337,2013,"0900","4","4","3","08",0,1,"A",,,,,,1500,2,"E","I","A","MOTHER LODE DR","NORTH STAR DR",700,"E","N","2014-01-22",9245,"2013-02-14",1400,"017089",,"2","9","0","2",,"1","039","-","N",,0,0,,,0,,,,"Y",1,"A","-",22107,,"N","A","H","-","A","D","0","Y","A","01",0,1,0,0,0,0,0,0,0,"-","-","UNINCORPORATED","EL DORADO","CA",-120.92588,38.66583
"5942780",-120.0132129,38.8558315,2013,"0900","2","5","4","03",0,1,"A",,,,,,1800,1,"C","C","A","RT 50","APACHE AV",250,"W","N","2014-12-03",9246,"2013-01-18",1515,"015992",,"2","9","0","1",,"1","022","-","Y","ED",3,50,"-","-",71.22,"H","-","E","N",3,"A","-",22350,,"N","A","H","-","A","D","0","Y","A","01",0,0,1,0,0,0,0,0,0,"-","-","UNINCORPORATED","EL DORADO","CA",0,0
"5942776",-120.8526972,38.9064044,2013,"0900","3","3","4","08",0,1,"A",,,,,,1200,1,"E","I","A","RT 193","MT EATON MINE RD",528,"E","N","2014-12-23",9245,"2013-01-02",930,"013463",,"1","9","0","1",,"1","122","-","Y","ED",3,193,"-","-",11.46,"H","-","W","Y",1,"A","-",22107,,"N","C","H","-","A","D","0","Y","A","01",0,0,1,0,0,0,0,0,0,"-","-","UNINCORPORATED","EL DORADO","CA",-120.85099,39.90291
"5942772",0,0,2013,"0900","4","7","3","03",0,1,"A",,"Y",,,"Y",1500,1,"C","G","A","GREEN VALLEY RD","SOPHIA PKWY",236,"E","N","2014-01-17",9245,"2013-01-27",1445,"17604",,"2","9","0","2",,"2","011","-","N",,0,0,,,0,,,,"N",2,"A","-",22350,,"N","A","H","-","A","D","0","Y","L","04",0,1,0,0,0,0,1,0,0,"-","-","UNINCORPORATED","EL DORADO","CA",-121.10428,38.70268
"5941845",-120.5053027,38.760676,2013,"0900","2","5","3","08",0,1,"C",,,,,,1800,3,"E","I","A","RT 50","PEAVINE RIDGE RD",528,"E","N","2014-10-28",9245,"2013-03-08",1750,"16629",,"2","9","0","1",,"2","150","-","Y","ED",3,50,"-","-",35.75,"H","-","W","Y",1,"A","-",22107,,"N","B","H","-","D","D","1","Y","D","22",0,1,0,0,0,0,0,0,0,"-","-","UNINCORPORATED","EL DORADO","CA",-120.5051,38.76091
"5941840",-121.0096574,38.698612,2013,"0900","4","3","4","03",0,1,"A",,,,,,900,3,"C","C","A","GREEN VALLEY RD","BASS LAKE RD",528,"W","N","2014-02-06",9245,"2013-03-13",740,"15107",,"1","9","0","2",,"2","011","-","N",,0,0,,,0,,,,"Y",4,"A","-",22350,,"N","A","G","-","-","A","0","Y","D","22",0,0,1,0,0,0,0,0,0,"-","-","UNINCORPORATED","EL DORADO","CA",-121.0104,38.69873
"5941832",-120.937333,38.656245,2013,"0900","4","4","3","03",0,2,"C",,,,,,1800,3,"C","C","A","SOUTH SHINGLE RD","LAKEVIEW DR",0,,"Y","2014-02-06",9245,"2013-03-07",1705,"15607",,"2","9","0","2",,"1","032","-","N",,0,0,,,0,,,,"Y",3,"A","-",22350,,"N","B","H","-","A","D","0","Y","D","22",0,1,1,0,0,0,0,0,0,"-","-","UNINCORPORATED","EL DORADO","CA",-120.93725,38.65644
"5941824",-120.7412254,38.79994,2013,"0900","5","5","3","01",0,1,"A",,,,,"Y",2100,3,"F","A","A","CLAIM ST","ROCK CREEK RD",528,"N","N","2014-02-06",9245,"2013-03-01",1800,"15607",,"2","9","0","3",,"2","002","-","N",,0,0,,,0,,,,"Y",1,"A","-",23152,"A","N","A","H","-","D","D","0","Y","D","22",0,1,0,0,0,0,0,0,0,"-","-","UNINCORPORATED","EL DORADO","CA",-120.74149,38.8001
"5941679",-120.611741,38.7073621,2013,"0900","5","5","3","05",0,1,"A",,,,,,2400,3,"E","I","A","SIERRA SPRINGS DR","PENNYROYAL DR",156,"E","N","2014-02-11",9245,"2013-03-08",2230,"013028",,"3","9","0","3",,"2","004","-","N",,0,0,,,0,,,,"Y",1,"A","-",21650,,"N","A","H","-","D","D","0","Y","D","22",0,1,0,0,0,0,0,0,0,"-","-","UNINCORPORATED","EL DORADO","CA",-120.6117,38.70726
"5938612",-119.9877229,38.9390252,2013,"0902","0","7","4","09",0,3,"A",,,,,,1200,3,"D","C","A","MODESTO AV","BERKELEY AV",0,,"Y","2014-02-05",902,"2013-03-24",1154,,,"5","3","0","0",,"0",,"-","N",,0,0,,,0,,,,"Y",2,"A","-",21803,"A","N","A","H","-","A","D","0","Y","D","22",0,0,3,0,0,0,0,0,0,"-","-","SOUTH LAKE TAHOE","EL DORADO","CA",0,0
"5936720",0,0,2013,"0900","5","5","3","03",0,3,"B",,,,,,2100,3,"C","D","A","WHITE ROCK RD","FOUR SPRINGS DR",45,"W","N","2014-02-08",9245,"2013-03-08",1920,"17604",,"2","9","0","3",,"2","003","-","N",,0,0,,,0,,,,"N",2,"A","-",22350,,"N","A","H","-","C","A","0","Y","A","01",0,1,2,0,0,0,0,0,0,"-","-","UNINCORPORATED","EL DORADO","CA",-121.07674,38.63705
"5936680",-120.992874,38.6573639,2013,"0900","2","4","3","08",0,1,"B",,,,,,1500,3,"D","D","A","RT 50","CAMBRIDGE RD",528,"E","N","2014-10-28",9245,"2013-03-07",1310,"11511",,"1","9","0","1",,"2","110","-","Y","ED",3,50,"-","-",5.1,"H","-","E","Y",2,"A","-",22107,,"N","A","H","-","A","D","1","Y","A","01",0,1,0,0,0,0,0,0,0,"-","-","UNINCORPORATED","EL DORADO","CA",-120.5928,38.2926
"5936676",-120.2009782,38.7885333,2013,"0900","2","5","4","03",0,2,"F",,,,,,1800,3,"A","C","A","RT 50","39 MILE STONE",1056,"E","N","2014-10-28",9245,"2013-03-08",1600,"16629",,"2","9","0","1",,"1","170","-","Y","ED",3,50,"-","-",54.54,"H","-","E","N",3,"A","-",22350,,"N","C","H","-","A","D","0","Y","A","01",0,0,2,0,0,0,0,0,0,"-","-","UNINCORPORATED","EL DORADO","CA",-120.1894,38.79103
"5933964",-120.929723,38.6645051,2013,"0900","4","7","4","12",0,2,"A",,,,,,1800,2,"A","C","A","MOTHER LODE DR","FRENCH CREEK RD",0,,"Y","2014-02-01",9245,"2013-02-17",1700,"017935",,"2","9","0","2",,"1","039","-","N",,0,0,,,0,,,,"Y",2,"A","-",21453,"A","N","A","H","-","B","A","0","Y","D","22",0,0,2,0,0,0,0,0,0,"-","-","UNINCORPORATED","EL DORADO","CA",-120.92946,38.66449
"5933963",-120.6660216,38.7366736,2013,"0900","2","3","4","03",0,1,"B",,,,,,900,3,"B","C","A","RT 50","RIDGEWAY DR",450,"W","N","2014-07-21",9245,"2013-03-06",750,"013028",,"1","9","0","1",,"2","140","E","Y","ED",3,50,"-","R",28.75,"H","-","E","Y",3,"A","-",22350,,"N","B","D","-","A","A","1","Y","A","01",0,0,1,0,0,0,0,0,0,"-","-","UNINCORPORATED","EL DORADO","CA",-120.61958,38.74809
"5926645",-120.7512461,38.7830914,2013,"0900","4","3","4","03",0,1,"A",,,,,,1500,2,"A","C","A","MOSQUITO RD","LA PAZ RD",2112,"S","N","2014-02-03",9245,"2013-02-20",1330,"013463",,"1","9","0","2",,"1","023","-","N",,0,0,,,0,,,,"Y",2,"A","-",22350,,"N","C","H","-","A","D","0","Y","D","22",0,0,1,0,0,0,0,0,0,"-","-","UNINCORPORATED","EL DORADO","CA",-120.7452,38.78699
"5924110",-120.1591819,38.7868855,2013,"0900","2","7","3","01",0,1,"A",,,,,"Y",600,2,"E","I","A","RT 50","41 MILE STONE TRACT",500,"W","N","2014-07-17",9245,"2013-02-17",330,"18240",,"3","9","0","1",,"1","170","-","Y","ED",3,50,"-","-",56.93,"H","-","E","Y",1,"A","-",23152,"A","N","A","H","-","D","D","0","Y","D","22",0,1,0,0,0,0,0,0,0,"-","-","UNINCORPORATED","EL DORADO","CA",-120.17799,38.78856
"5918792",-120.5218188,38.760387,2013,"0900","2","2","4","05",0,1,"A",,,,,,1200,2,"E","I","A","RT 50","MILL RUN",800,"W","N","2014-10-28",9245,"2013-02-12",1040,"013929",,"1","9","0","1",,"2","150","-","Y","ED",3,50,"-","-",34.78,"H","-","E","Y",1,"A","-",21651,"A","N","A","B","-","A","D","1","Y","D","22",0,0,1,0,0,0,0,0,0,"-","-","UNINCORPORATED","EL DORADO","CA",-120.52157,38.76031
"5916813",-120.871313,38.7529427,2013,"0900","4","4","4","05",0,1,"A",,,,,,1800,1,"A","C","A","COLD SPRINGS RD","MOUNT SHASTA LN",30,"S","N","2014-10-29",9245,"2013-01-31",1550,"17604",,"2","9","0","2",,"1","014","-","N",,0,0,,,0,,,,"Y",2,"A","-",21460,"A","N","A","H","-","A","D","0","Y","A","01",0,0,1,0,0,0,0,0,0,"-","-","UNINCORPORATED","EL DORADO","CA",-120.87116,38.75222
"5916805",-121.0837284,38.7096544,2013,"0900","4","4","4","03",0,1,"A",,,,,,1800,1,"C","C","A","GREEN VALLEY RD","FRANCISCO DR",500,"E","N","2014-01-22",9245,"2013-01-31",1740,"017728",,"2","9","0","2",,"2","011","-","N",,0,0,,,0,,,,"Y",3,"A","-",22350,,"N","A","H","-","D","D","0","Y","A","01",0,0,1,0,0,0,0,0,0,"-","-","UNINCORPORATED","EL DORADO","CA",-121.0817,38.70978
"5913517",-120.2861029,38.7736769,2013,"0900","2","3","4","05",0,1,"A",,,,,,900,1,"C","C","A","RT 50","SILVER FORK RD",2640,"E","N","2014-12-03",9245,"2013-01-30",615,"13463",,"1","9","0","1",,"1","170","-","Y","ED",3,50,"-","-",49.51,"H","-","E","Y",2,"A","-",21460,"A","N","A","H","-","B","D","0","Y","D","22",0,0,1,0,0,0,0,0,0,"-","-","UNINCORPORATED","EL DORADO","CA",-120.28527,38.77396
"5913477",-120.7045181,38.7373053,2013,"0900","2","3","3","03",0,1,"A",,,,"Y",,1200,2,"C","C","A","RT 50","SIERRA BLANCA DR",1018,"E","N","2014-10-29",9245,"2013-02-13",1004,"15607",,"1","9","0","1",,"2","140","-","Y","ED",3,50,"-","-",23.56,"H","-","E","Y",2,"A","-",22350,,"N","A","H","-","A","D","1","Y","D","22",0,1,0,0,0,0,0,0,0,"-","-","UNINCORPORATED","EL DORADO","CA",-120.7037,38.7373
"5913001",-120.9297816,38.9074483,2013,"0900","3","1","2","01",0,1,"B",,,,,"Y",300,1,"F","A","A","RT 193","LOU ALLEN LN",75,"W","N","2014-12-23",9245,"2013-01-28",109,"012833",,"3","9","0","1",,"1","122","-","Y","ED",3,193,"-","R",5.39,"H","-","W","Y",1,"A","-",23152,"A","N","A","H","-","D","D","0","Y","D","22",1,0,0,0,0,0,0,0,0,"-","-","UNINCORPORATED","EL DORADO","CA",-120.93147,38.9068
"5912230",-120.4336489,38.7706851,2013,"0900","2","6","1","01",1,2,"A",,,,,"Y",1800,11,"B","C","A","RT 50","ICE HOUSE RD",4224,"E","N","2014-04-25",9245,"2013-11-09",1740,"17756",,"2","9","0","1",,"1","160","-","Y","ED",3,50,"-","-",40.57,"H","-","W","Y",2,"A","-",23152,"A","N","A","H","-","B","D","0","Y","D","22",1,1,0,0,0,0,0,0,0,"-","-","UNINCORPORATED","EL DORADO","CA",-120.4181,38.7743
"5912124",0,0,2013,"0900","4","6","1","08",1,1,"B",,,,,,900,12,"A","C","A","EL DORADO HILLS BL","CROWN DR",600,"N","N","2014-02-10",9245,"2013-12-07",720,"15107",,"1","9","0","2",,"2","012","-","N",,0,0,,,0,,,,"Y",2,"A","-",22107,,"N","B","H","-","A","D","0","Y","A","01",1,0,0,0,0,0,0,0,0,"-","-","UNINCORPORATED","EL DORADO","CA",-121.0458,38.4151
"5911852",-120.9713713,38.7374832,2013,"0900","5","2","1","01",1,0,"A",,,,,"Y",2100,10,"E","I","A","DEER VALLEY RD","CHARIOT CIR",592,"W","N","2014-01-07",9245,"2013-10-01",1935,"12833",,"2","9","0","3",,"2","001","-","N",,0,0,,,0,,,,"Y",1,"A","-",23152,"A","N","A","H","-","D","D","0","Y","A","07",0,0,0,0,0,0,0,0,0,"-","-","UNINCORPORATED","EL DORADO","CA",-120.96859,38.73541
"5911813",-120.9459347,38.7111419,2013,"0900","4","7","1","01",1,3,"A",,,,,"Y",1500,8,"D","C","A","GREEN VALLEY RD","PONDEROSA RD",115,"W","N","2015-01-09",9245,"2013-08-25",1455,"17089",,"2","9","0","2",,"2","011","-","N",,0,0,,,0,,,,"Y",2,"A","-",23152,"A","N","A","H","-","A","D","0","Y","A","01",0,3,0,0,0,0,0,0,0,"-","-","UNINCORPORATED","EL DORADO","CA",-120.94525,38.71108