"CASEID","POINT_X","POINT_Y","YEAR_","LOCATION","CHPTYPE","DAYWEEK","CRASHSEV","VIOLCAT","KILLED","INJURED","WEATHER1","PEDCOL","BICCOL","MCCOL","TRUCKCOL","ETOH","TIMECAT","MONTH_","CRASHTYP","INVOLVE","PED","PRIMARYRD","SECONDRD","DISTANCE","DIRECT","INTERSECT_","PROCDATE","JURIS","DATE_","TIME_","BADGE","JURIDIST","SHIFT","POP","SPECIAL","BEATTYPE","LAPDDIV","BEATCLAS","BEATNUMB","WEATHER2","STATEHW","CALTRANC","CALTRAND","STROUTE","ROUTESUF","POSTPRE","POSTMILE","LOCATYPE","RAMP","SIDEHW","TOWAWAY","PARTIES","PCF","VIOLCODE","VIOL","VIOLSUB","HITRUN","ROADSURF","RDCOND1","RDCOND2","LIGHTING","RIGHTWAY","CHPRDTYP","NOTPRIV","STFAULT","CHPFAULT","SEVINJ","OTHERINJ","COP","PEDKILL","PEDINJ","BICKILL","BICINJ","MCKILL","MCINJURE","RAMP1","RAMP2","CITY","COUNTY","STATE","X_CHP","Y_CHP"
"5911788",0,0,2013,"0900","4","5","1","01",1,0,"A",,,,,"Y",600,8,"E","I","A","EL DORADO HILLS BL","OLSON LN",360,"S","N","2015-01-09",9245,"2013-08-16",313,"15607",,"3","9","0","2",,"2","012","-","N",,0,0,,,0,,,,"Y",1,"A","-",23152,"A","N","A","H","-","D","D","0","Y","A","07",0,0,0,0,0,0,0,0,0,"-","-","UNINCORPORATED","EL DORADO","CA",-121.07787,38.67427
"5911783",-120.6736347,38.6913531,2013,"0900","4","4","1","01",2,4,"A",,,,,"Y",2400,6,"E","I","A","PLEASANT VALLEY RD","LEISURE LN",2522,"W","N","2015-01-09",9245,"2013-06-06",2150,"18466",,"2","9","0","2",,"1","041","-","N",,0,0,,,0,,,,"Y",1,"A","-",23152,"A","N","A","H","-","D","D","0","Y","A","01",4,0,0,0,0,0,0,0,0,"-","-","UNINCORPORATED","EL DORADO","CA",-120.67408,38.69213
"5911780",-121.0335231,38.6551452,2013,"0900","2","5","1","01",1,0,"A",,,,,"Y",300,5,"E","I","A","RT 50","RT 50 BASS LAKE",65,"N","N","2014-03-06",9245,"2013-05-03",205,"16451",,"3","9","0","1",,"2","110","-","Y","ED",3,50,"-","R",3.149,"R","2","E","Y",1,"A","-",23152,"A","N","A","H","-","C","D","1","Y","A","01",0,0,0,0,0,0,0,0,0,"-","EF","UNINCORPORATED","EL DORADO","CA",-120.02974,38.65515
"5911779",-120.9190987,38.7792159,2013,"0900","4","2","1","05",1,1,"A",,,,,,900,4,"A","C","A","LOTUS RD","THOMPSON HILL RD",3696,"N","N","2015-01-09",9245,"2013-04-16",830,"13929",,"1","9","0","2",,"1","013","-","N",,0,0,,,0,,,,"Y",2,"A","-",21460,"A","N","B","H","-","A","A","0","Y","A","01",0,0,1,0,0,0,0,0,0,"-","-","UNINCORPORATED","EL DORADO","CA",-120.91848,38.77957
"5911712",-120.5528886,38.7116217,2013,"0900","5","6","1","08",1,1,"A",,,"Y",,,1500,9,"E","I","A","MORMON EMIGRANT TRL","FERRARI MILL RD",692,"W","N","2013-12-18",9245,"2013-09-14",1300,"11511",,"1","9","0","3",,"2","004","-","N",,0,0,,,0,,,,"Y",1,"A","-",22107,,"N","A","H","-","A","D","0","Y","C","02",0,1,0,0,0,0,0,1,1,"-","-","UNINCORPORATED","EL DORADO","CA",-120.55316,38.71152
"5911644",-120.9142936,38.7881345,2013,"0900","4","5","1","01",1,0,"A",,,,,"Y",2400,7,"B","C","A","LOTUS RD","GRANITE CREEK DR",313,"N","N","2015-01-09",9245,"2013-07-26",2241,"18240",,"3","9","0","2",,"1","013","-","N",,0,0,,,0,,,,"Y",2,"A","-",23152,"A","F","A","H","-","D","D","0","Y","A","01",0,0,0,0,0,0,0,0,0,"-","-","UNINCORPORATED","EL DORADO","CA",-120.97392,38.78859
"5911481",-120.7918805,38.5995251,2013,"0900","5","4","1","05",1,0,"A",,,,,,1800,6,"E","I","A","SAND RIDGE RD","SAND RIDGE CREST CT",2165,"E","N","2015-01-14",9245,"2013-06-13",1505,"18653",,"2","9","0","3",,"2","004","-","N",,0,0,,,0,,,,"Y",1,"A","-",21650,,"N","A","H","-","A","D","0","Y","D","22",0,0,0,0,0,0,0,0,0,"-","-","UNINCORPORATED","EL DORADO","CA",-120.79233,38.59932
"5911460",-120.0273335,38.8188675,2013,"0900","2","5","1","05",1,2,"A",,,"Y",,,1200,9,"A","C","A","RT 50","CAL TRANS MAINTENANCE STATION",2112,"E","N","2015-01-12",9246,"2013-09-27",1052,"15992",,"1","9","0","1",,"1","021","-","Y","ED",3,50,"-","-",67.21,"H","-","E","Y",2,"A","-",21460,"A","N","A","H","-","A","D","0","Y","C","02",0,1,1,0,0,0,0,1,0,"-","-","UNINCORPORATED","EL DORADO","CA",-120.02783,38.819
"5910947",0,0,2013,"0900","5","6","1","09",1,0,"A",,"Y",,,,900,6,"H","G","A","SOPHIA PKWY","ALEXANDRA RD",0,,"Y","2013-08-30",9245,"2013-06-29",810,"015107",,"1","9","0","3",,"2","001","-","N",,0,0,,,0,,,,"Y",2,"A","-",21802,"A","N","A","H","-","A","D","0","Y","L","04",0,0,0,0,0,1,0,0,0,"-","-","UNINCORPORATED","EL DORADO","CA",-121.10333,38.68658
"5910942",-120.8155121,38.9202424,2013,"0900","5","1","1","08",1,0,"A",,,,,,1500,6,"E","I","A","WENTWORTH SPRINGS RD","CHIPMUNK TRL",1056,"E","N","2013-08-30",9245,"2013-06-03",1257,"013463",,"1","9","0","3",,"2","002","-","N",,0,0,,,0,,,,"Y",1,"A","-",22107,,"N","A","H","-","A","D","0","Y","A","01",0,0,0,0,0,0,0,0,0,"-","-","UNINCORPORATED","EL DORADO","CA",-120.81428,38.92124
"5910936",-120.8931218,38.6948277,2013,"0900","2","5","1","08",1,2,"A",,,,,,1200,4,"E","I","A","RT 50","RED HAWK PKWY",3696,"E","N","2013-09-06",9245,"2013-04-26",1104,"013463",,"1","9","0","1",,"2","120","-","Y","ED",3,50,"-","R",11.94,"H","-","E","Y",1,"A","-",22107,,"N","A","H","-","A","D","1","Y","A","01",1,1,0,0,0,0,0,0,0,"-","-","UNINCORPORATED","EL DORADO","CA",-120.89231,38.69501
"5904287",-120.6716292,38.7437955,2013,"0900","5","2","3","01",0,1,"A",,,,,"Y",1800,1,"E","I","A","CABLE RD","CARSON RD",2376,"N","N","2014-01-16",9245,"2013-01-01",1740,"013603",,"2","9","0","3",,"2","002","-","N",,0,0,,,0,,,,"Y",1,"A","-",23152,"A","N","A","H","-","D","D","0","Y","D","22",0,1,0,0,0,0,0,0,0,"-","-","UNINCORPORATED","EL DORADO","CA",-120.47145,38.74314
"5898647",-120.7989742,38.6938073,2013,"0900","4","1","4","03",0,4,"A",,,,,,1500,1,"C","C","A","PLEASANT VALLEY RD","DOWNING LN",85,"W","N","2014-01-18",9245,"2013-01-21",1345,"015459",,"1","9","0","2",,"1","041","-","N",,0,0,,,0,,,,"Y",2,"A","-",22350,,"N","A","H","-","A","D","0","Y","A","07",0,0,4,0,0,0,0,0,0,"-","-","UNINCORPORATED","EL DORADO","CA",-120.79745,38.69328
"5895484",-120.0287255,38.8136727,2013,"0900","2","6","4","18",0,1,"B",,,,,,1500,1,"E","J","A","RT 50","ECHO SUMMIT CAL TRANS",500,"E","N","2014-12-03",9246,"2013-01-12",1256,"015992",,"1","9","0","1",,"1","021","-","Y","ED",3,50,"-","-",66.83,"H","-","W","N",1,"C","-",0,,"N","B","H","-","A","D","0","Y","-","-",0,0,1,0,0,0,0,0,0,"-","-","UNINCORPORATED","EL DORADO","CA",-120.01779,38.48782
"5895472",-120.12692,38.8105079,2013,"0900","2","5","4","17",0,1,"D",,,,,,1800,1,"D","C","A","RT 50","PYRAMID CREEK TRACT",150,"E","N","2014-12-03",9246,"2013-01-11",1710,"015992",,"2","9","0","1",,"1","021","-","Y","ED",3,50,"-","-",59.48,"H","-","W","Y",2,"A","-",21662,,"N","C","H","-","B","D","0","Y","D","22",0,0,1,0,0,0,0,0,0,"-","-","UNINCORPORATED","EL DORADO","CA",-120.07356,38.48327
"5895448",-120.033677,38.8153424,2013,"0900","2","4","3","03",0,1,"A",,,,,,1200,1,"C","C","A","RT 50","ECHO SUMMIT CAL-TRANS",1584,"W","N","2014-10-30",9246,"2013-01-17",940,"015992",,"1","9","0","1",,"1","021","-","Y","ED",3,50,"-","-",66.44,"H","-","E","Y",2,"A","-",22350,,"N","A","H","-","A","A","0","Y","A","01",0,1,0,0,0,0,0,0,0,"-","-","UNINCORPORATED","EL DORADO","CA",-120.02011,38.48947
"5891709",0,0,2013,"0900","4","7","3","03",0,1,"A",,,,,,900,1,"A","C","A","ICE HOUSE RD","LOON LAKE CHALET RD",85,"N","N","2014-01-18",9245,"2013-01-13",825,"015262",,"1","9","0","2",,"1","026","-","N",,0,0,,,0,,,,"Y",2,"A","-",22350,,"N","C","H","-","A","A","0","Y","D","22",0,1,0,0,0,0,0,0,0,"-","-","UNINCORPORATED","EL DORADO","CA",-120.32872,38.98551
"5891688",-120.84737,38.559139,2013,"0900","4","6","3","05",0,3,"A",,,,,,1800,1,"A","C","A","MOUNT AUKUM RD","CEDAR CREEK RD",2112,"S","N","2014-12-03",9245,"2013-01-05",1740,"017756",,"2","9","0","2",,"1","042","-","Y","ED",3,49,"-","-",0.62,"H","-","N","Y",2,"A","-",21460,"A","N","A","H","-","D","D","0","Y","D","22",0,2,1,0,0,0,0,0,0,"-","-","UNINCORPORATED","EL DORADO","CA",-120.83046,38.72118
"5888162",-120.8765531,38.6763051,2013,"0900","4","2","3","09",0,2,"A",,,,,,1200,1,"D","C","A","MOTHER LODE DR","KINGVALE RD",0,,"Y","2014-01-17",9245,"2013-01-01",1025,"17604",,"1","9","0","2",,"1","039","-","N",,0,0,,,0,,,,"Y",2,"A","-",21800,"B","N","A","H","-","A","D","0","Y","A","01",0,1,1,0,0,0,0,0,0,"-","-","UNINCORPORATED","EL DORADO","CA",-120.87653,38.67629
"5639891",0,0,2013,"0900","4","1","1","08",1,1,"A",,,,,"Y",1500,1,"E","I","A","SLY PARK RD","SHELL LN",0,,"Y","2015-01-09",9245,"2013-01-07",1325,"15609",,"1","9","0","2",,"1","043","-","N",,0,0,,,0,,,,"Y",1,"A","-",22107,,"N","B","H","-","A","D","0","Y","D","22",1,0,0,0,0,0,0,0,0,"-","-","UNINCORPORATED","EL DORADO","CA",-120.6509,38.6853
"90195669",-121.0683528,38.6471239,2016,"0900","4","3","4","03",0,3,"A",,,,,,1500,5,"C","C","A","LATROBE RD","WHITE ROCK RD",156,"N","N","2016-06-07",9245,"2016-05-25",1355,"018502",,"1","9","0","2",,"2","031","-","N",,0,0,,,0,,,,"Y",3,"A","-",22350,,"N","A","H","-","A","D","0","Y","A","07",0,0,3,0,0,0,0,0,0,"-","-","UNINCORPORATED","EL DORADO","CA",-121.06828,38.64726
"90195657",-121.0320883,38.6595317,2016,"0900","5","2","2","08",0,2,"B",,,,,,600,5,"F","A","A","BASS LAKE ROAD","OLD BASS LAKE ROAD",200,"N","N","2016-06-07",9245,"2016-05-24",430,"015263",,"3","9","0","3",,"2","001","-","N",,0,0,,,0,,,,"Y",1,"A","-",22107,,"N","A","H","-","D","D","0","Y","A","01",1,1,0,0,0,0,0,0,0,"-","-","UNINCORPORATED","EL DORADO","CA",-121.15626,38.39346
"90195413",-120.8565576,38.8441274,2016,"0900","4","1","3","05",0,4,"B",,,,,,1500,5,"A","C","A","GARDEN VALLEY ROAD","OAK LN",528,"S","N","2016-06-06",9245,"2016-05-23",1320,"013463",,"1","9","0","2",,"1","021","-","N",,0,0,,,0,,,,"Y",4,"A","-",21460,"A","N","A","H","-","A","D","0","Y","A","01",0,1,3,0,0,0,0,0,0,"-","-","UNINCORPORATED","EL DORADO","CA",-120.85602,38.8447
"90195295",-121.0141226,38.7274,2016,"0900","5","7","4","03",0,1,"A",,,,,,2100,5,"E","I","A","DEER VALLEY RD","KANAKA VALLEY RD",334,"E","N","2016-06-06",9245,"2016-05-22",1945,"018466",,"2","9","0","3",,"2","001","-","N",,0,0,,,0,,,,"Y",1,"A","-",22350,,"N","A","H","-","A","D","0","Y","A","01",0,0,1,0,0,0,0,0,0,"-","-","UNINCORPORATED","EL DORADO","CA",-121.01331,38.72879
"90195262",-121.0151636,38.8409589,2016,"0900","3","7","2","03",0,2,"A",,,"Y",,,1500,5,"C","C","A","STATE ROUTE 49","RATTLESNAKE BAR RD",27,"N","N","2016-06-06",9245,"2016-05-22",1315,"013463",,"1","9","0","1",,"1","115","B","Y",,0,0,,,0,,,,"Y",2,"A","-",22350,,"N","A","H","-","A","D","0","Y","C","02",1,1,0,0,0,0,0,0,2,"-","-","UNINCORPORATED","EL DORADO","CA",-121.01383,38.84082
"90194976",-120.963533,38.680485,2016,"0900","5","5","4","03",0,1,"C",,,,,,2100,5,"E","I","A","MEDER RD","PALORAN CT",0,,"Y","2016-06-06",9245,"2016-05-20",1835,"018466",,"2","9","0","3",,"2","001","-","N",,0,0,,,0,,,,"Y",1,"A","-",22350,,"N","B","H","-","A","D","0","Y","A","01",0,0,1,0,0,0,0,0,0,"-","-","UNINCORPORATED","EL DORADO","CA",-120.96347,38.68045
"90194941",-120.5354215,38.640003,2016,"0900","5","4","2","01",0,4,"A",,,,,"Y",2100,6,"E","I","A","STRING CANYON RD","EAGLE HILL RD",4224,"E","N","2016-06-06",9245,"2016-06-02",2039,"017364",,"2","9","0","3",,"2","004","-","N",,0,0,,,0,,,,"Y",1,"A","-",23152,"A","N","A","H","-","B","D","0","Y","A","01",1,3,0,0,0,0,0,0,0,"-","-","UNINCORPORATED","EL DORADO","CA",-120.54261,38.64757
"90193873",-120.9683183,38.6581728,2016,"0900","5","5","4","09",0,1,"B",,,,,,1800,4,"D","C","A","COACH LN","CAMERON PARK DR",227,"E","N","2016-06-03",9245,"2016-04-08",1758,"017897",,"2","9","0","3",,"2","003","C","N",,0,0,,,0,,,,"N",2,"A","-",21804,"A","F","B","H","-","A","D","0","Y","A","01",0,0,1,0,0,0,0,0,0,"-","-","UNINCORPORATED","EL DORADO","CA",-120.96789,38.65822
"90193301",0,0,2016,"0900","2","5","4","03",0,1,"B",,,,,,900,5,"C","C","A","US-50 W/B","EL DORADO HILLS BLVD",2090,"E","N","2016-06-02",9245,"2016-05-20",750,"016465",,"1","9","0","1",,"2","110","-","Y",,0,0,,,0,,,,"Y",4,"A","-",22350,,"N","A","D","H","A","D","0","Y","A","07",0,0,1,0,0,0,0,0,0,"-","-","UNINCORPORATED","EL DORADO","CA",-121.07832,38.65012
"90191806",0,0,2016,"0900","2","6","2","09",0,3,"A",,,,,,1800,5,"D","C","A","US-50","STILL MEADOW RD",0,,"Y","2016-05-31",9245,"2016-05-14",1742,"017897",,"2","9","0","1",,"2","140","-","Y",,0,0,,,0,,,,"Y",2,"A","-",21802,"A","N","A","H","-","A","A","0","Y","A","01",1,1,1,0,0,0,0,0,0,"-","-","UNINCORPORATED","EL DORADO","CA",-120.73223,38.73758
"90191727",0,0,2016,"0900","4","4","3","08",0,1,"A",,,,,,2400,5,"E","I","A","LOTUS RD","HEAVEN'S GATE",169,"N","N","2016-05-31",9245,"2016-05-12",2121,"017897",,"2","9","0","2",,"1","013","-","N",,0,0,,,0,,,,"Y",1,"A","-",22107,,"N","A","H","-","D","D","0","Y","A","07",0,1,0,0,0,0,0,0,0,"-","-","UNINCORPORATED","EL DORADO","CA",-120.91215,38.79458
"90190739",-120.6569731,38.7444251,2016,"0900","4","3","4","09",0,2,"A",,,,,,900,5,"D","C","A","PONY EXPRESS TRAIL","CRYSTAL SPRINGS ROAD",0,,"Y","2016-05-31",9245,"2016-05-18",750,"013929",,"1","9","0","2",,"1","025","-","N",,0,0,,,0,,,,"Y",2,"A","-",21801,"A","N","A","H","-","A","D","0","Y","A","01",0,0,2,0,0,0,0,0,0,"-","-","UNINCORPORATED","EL DORADO","CA",-120.65673,38.74448
"90190729",-120.9690992,38.6578496,2016,"0900","4","6","4","09",0,1,"B",,,,,,2100,5,"D","C","A","CAMERON PARK DRIVE","COACH LANE",115,"S","N","2016-05-31",9245,"2016-05-14",2035,"018624","9245","2","9","0","2",,"1","015","-","N",,0,0,,,0,,,,"Y",2,"A","-",21804,"A","N","A","H","-","C","D","0","Y","A","07",0,0,1,0,0,0,0,0,0,"-","-","UNINCORPORATED","EL DORADO","CA",-120.96908,38.65816
"90190118",0,0,2016,"0900","2","6","1","08",1,0,"B",,,"Y",,,1800,5,"F","A","A","U.S. HIGHWAY 50","SLIPPERY FORD RD ",1243,"E","N","2016-07-27",9246,"2016-05-14",1747,"018418",,"2","9","0","1",,"1","020","-","Y",,0,0,,,0,,,,"Y",1,"A","-",22107,,"N","A","H","-","A","D","0","Y","C","02",0,0,0,0,0,0,0,1,0,"-","-","UNINCORPORATED","EL DORADO","CA",-120.12185,38.8025
"90190095",-120.134193,39.0598747,2016,"0900","5","6","1","08",1,0,"B",,"Y",,,,2500,5,"E","I","A","10TH AVE","ALDER AVE",499,"N","N","2016-08-01",9246,"2016-05-07",2500,"016041",,"4","9","0","3",,"2","300","-","N",,0,0,,,0,,,,"N",1,"A","-",22107,,"N","B","H","-","D","D","0","Y","L","04",0,0,0,0,0,1,0,0,0,"-","-","UNINCORPORATED","EL DORADO","CA",-120.1342,39.05991
"90190088",0,0,2016,"0900","5","3","3","08",0,1,"A",,,,,,1800,5,"E","I","A","MOSQUITO RD","ROCK CREEK RD",528,"N","N","2016-05-31",9245,"2016-05-18",1550,"017364",,"2","9","0","3",,"2","002","-","N",,0,0,,,0,,,,"Y",1,"A","-",22107,,"N","A","H","-","A","D","0","Y","A","01",0,1,0,0,0,0,0,0,0,"-","-","UNINCORPORATED","EL DORADO","CA",-120.72708,38.79703
"90189734",-120.5844733,38.7715627,2016,"0900","S","6","3","01",0,2,"B",,,,,"Y",300,5,"E","I","A","FOREBAY RD","SHERMAN WAY",700,"S","N","2016-05-31",9245,"2016-05-07",215,"018656",,"3","9","0","2",,"2","005","-","N",,0,0,,,0,,,,"Y",1,"A","-",23152,"A","N","B","H","-","D","D","0","Y","D","22",0,2,0,0,0,0,0,0,0,"-","-","UNINCORPORATED","EL DORADO","CA",-120.58198,38.77179
"90189678",0,0,2016,"0900","5","7","4","03",0,1,"A",,,,,,2400,5,"F","A","A","BEATTY DR.","ALEXANDRA DR.",528,"E","N","2016-05-31",9245,"2016-05-15",2230,"018893",,"3","9","0","3",,"2","001","-","N",,0,0,,,0,,,,"Y",1,"A","-",22350,,"N","A","H","-","D","D","0","Y","A","01",0,0,1,0,0,0,0,0,0,"-","-","UNINCORPORATED","EL DORADO","CA",-121.09498,38.68515
"90189630",-121.0122522,38.848639,2016,"0900","3","6","3","01",0,1,"B",,,,,"Y",2100,5,"E","I","A","SR-49","MEADOWVIEW ACRES RD",3168,"S","N","2016-05-31",9245,"2016-05-14",1840,"017364",,"2","9","0","1",,"1","115","-","Y",,0,0,,,0,,,,"Y",1,"A","-",23152,"A","N","A","H","-","A","D","0","Y","A","01",0,1,0,0,0,0,0,0,0,"-","-","UNINCORPORATED","EL DORADO","CA",-121.01271,38.84773
"90188419",-120.4668624,38.9451584,2016,"0900","5","5","3","03",0,1,"A",,,"Y",,,1800,5,"E","I","A","WENTWORTH SPRINGS RD","PLUM CREEK RD",21120,"E","N","2016-05-26",9245,"2016-05-13",1535,"017364",,"2","9","0","3",,"2","002","-","N",,0,0,,,0,,,,"Y",1,"A","-",22350,,"N","A","B","-","A","D","0","Y","C","02",0,1,0,0,0,0,0,0,1,"-","-","UNINCORPORATED","EL DORADO","CA",-120.47169,38.94543
"90187551",0,0,2016,"0900","2","7","4","03",0,1,"A",,,"Y",,,1200,5,"F","I","A","US HIGHWAY 50","TWIN BRIDGES RD",80,"E","N","2016-05-25",9246,"2016-05-15",1110,"010056",,"1","9","0","1",,"1","020","-","Y",,0,0,,,0,,,,"Y",1,"A","-",22350,,"N","A","H","-","A","D","0","Y","C","02",0,0,1,0,0,0,0,0,1,"-","-","UNINCORPORATED","EL DORADO","CA",-120.12272,38.8057
"90187520",0,0,2016,"0900","3","1","3","08",0,1,"A",,,,,,1500,5,"E","I","A","STATE ROUTE 89","BIG MEADOW TRAILHEAD ENTRANCE",4224,"S","N","2016-06-01",9246,"2016-05-09",1415,"010056",,"2","9","0","1",,"1","023","-","Y",,0,0,,,0,,,,"Y",1,"A","-",22107,,"N","A","H","-","A","D","0","Y","A","01",0,1,0,0,0,0,0,0,0,"-","-","UNINCORPORATED","EL DORADO","CA",-119.98756,38.79562
"90186822",0,0,2016,"0900","5","7","4","01",0,1,"A",,,"Y",,"Y",2100,4,"F","A","A","3361 GREENWOOD ROAD","COLOMA CANYON RD",120,"W","N","2016-05-25",9245,"2016-04-17",2045,"017737",,"2","9","0","3",,"2","002","-","N",,0,0,,,0,,,,"N",1,"A","-",23152,"A","N","A","H","-","C","D","0","Y","C","06",0,0,1,0,0,0,0,0,1,"-","-","UNINCORPORATED","EL DORADO","CA",-120.89243,38.87871
"90186427",0,0,2016,"0900","2","6","1","03",1,0,"B",,,,,,2400,4,"E","I","A","US-50 E/B","PAUL BUNYON RD",323,"E","N","2016-05-25",9245,"2016-04-30",2135,"018656",,"2","9","0","1",,"2","140","-","Y",,0,0,,,0,,,,"Y",1,"A","-",22350,,"N","A","H","-","C","D","0","Y","A","07",0,0,0,0,0,0,0,0,0,"-","-","UNINCORPORATED","EL DORADO","CA",-120.71692,38.73691
"90185332",-120.6644638,38.7393413,2016,"0900","S","4","3","08",0,1,"B",,,,,,2100,5,"E","I","A","PONY EXPRESS TRL","CARSON RD",647,"E","N","2016-05-23",9245,"2016-05-05",1909,"017897",,"2","9","0","2",,"2","005","C","N",,0,0,,,0,,,,"Y",1,"A","-",22107,,"N","B","H","-","A","D","0","Y","A","07",0,1,0,0,0,0,0,0,0,"-","-","UNINCORPORATED","EL DORADO","CA",-120.66459,38.73926
"90185320",0,0,2016,"0900","2","5","2","03",0,2,"A",,,,,,1500,4,"E","I","A","US-50 W/B","FORNI RD",528,"W","N","2016-07-15",9245,"2016-04-29",1235,"018466",,"1","9","0","1",,"2","120","-","Y",,0,0,,,0,,,,"Y",1,"A","-",22350,,"N","A","H","-","A","D","0","Y","A","01",1,1,0,0,0,0,0,0,0,"-","-","UNINCORPORATED","EL DORADO","CA",-120.83488,38.7208
"90185305",-120.8461224,38.6820401,2016,"0900","4","7","4","09",0,2,"B",,,,,,2100,5,"D","C","A","PLEASANT VALLEY RD","SR-49",268,"E","N","2016-05-23",9245,"2016-05-08",1830,"016495",,"2","9","0","2",,"1","041","-","N",,0,0,,,0,,,,"Y",2,"A","-",21804,"A","N","A","H","-","A","D","0","Y","A","01",0,0,2,0,0,0,0,0,0,"-","-","UNINCORPORATED","EL DORADO","CA",0,0
"90183361",0,0,2016,"0900","4","6","4","01",0,1,"A",,,,,"Y",2100,5,"E","I","A","NEWTOWN RD","BARRAGAN CT",79,"E","N","2016-05-19",9245,"2016-05-07",2010,"018502",,"2","9","0","2",,"1","045","-","N",,0,0,,,0,,,,"Y",1,"A","-",23152,"A","N","B","H","-","D","D","0","Y","A","01",0,0,1,0,0,0,0,0,0,"-","-","UNINCORPORATED","EL DORADO","CA",-120.74653,38.73144
"90182094",-120.8051729,38.694905,2016,"0900","4","3","4","09",0,1,"A",,,,,,1500,5,"A","C","A","PLEASANT VALLEY RD","CANYON VALLEY RD",0,,"Y","2016-05-18",9245,"2016-05-11",1215,"016465",,"1","9","0","2",,"1","041","-","N",,0,0,,,0,,,,"Y",2,"A","-",21804,"A","N","A","H","-","A","D","0","Y","A","07",0,0,1,0,0,0,0,0,0,"-","-","UNINCORPORATED","EL DORADO","CA",-120.80507,38.69491
"90182073",-120.8692338,38.7204217,2016,"0900","4","2","4","09",0,1,"A",,,,,,1500,5,"D","C","A","GREEN VALLEY RD","CAMPUS DRIVE",18,"W","N","2016-06-22",9245,"2016-05-17",1227,"012833",,"1","9","0","2",,"2","011","-","N",,0,0,,,0,,,,"Y",2,"A","-",21802,"A","N","A","H","-","A","A","0","Y","A","01",0,0,1,0,0,0,0,0,0,"-","-","UNINCORPORATED","EL DORADO","CA",-120.86924,38.72028
"90182021",-120.9332798,38.7522735,2016,"0900","4","7","2","01",0,2,"A",,,,,"Y",2400,5,"E","I","A","LOTUS ROAD","SPRINGVALE RD",1302,"N","N","2016-05-18",9245,"2016-05-15",2100,"017756",,"2","9","0","2",,"1","013","-","N",,0,0,,,0,,,,"Y",1,"A","-",23152,"A","N","A","H","-","D","D","0","Y","A","01",1,1,0,0,0,0,0,0,0,"-","-","UNINCORPORATED","EL DORADO","CA",-120.9334,38.7524
"90181212",0,0,2016,"0900","2","1","4","08",0,1,"A",,,"Y",,,2100,4,"F","A","A","US-50 W/B","STILL MEADOW RD",1584,"W","N","2016-05-17",9245,"2016-04-18",1805,"016495",,"2","9","0","1",,"2","140","-","Y",,0,0,,,0,,,,"Y",1,"A","-",22107,,"N","A","H","-","A","D","0","Y","C","02",0,0,1,0,0,0,0,0,1,"-","-","UNINCORPORATED","EL DORADO","CA",-120.72331,38.3388
"90180428",0,0,2016,"0900","2","2","4","03",0,1,"A",,,,,,1500,5,"E","I","A","US-50 E/B","SHINGLE SPRINGS DR",3225,"W","N","2016-05-16",9245,"2016-05-10",1346,"012833",,"1","9","0","1",,"2","120","-","Y",,0,0,,,0,,,,"Y",1,"A","-",22350,,"N","A","H","-","A","D","0","Y","A","01",0,0,1,0,0,0,0,0,0,"-","-","UNINCORPORATED","EL DORADO","CA",-120.92211,38.67317
"90179046",-120.8329831,38.8583951,2016,"0900","3","3","3","03",0,3,"A",,,,,,1800,4,"C","C","A","SR-193","BLACK OAK MINE RD",0,,"Y","2016-05-13",9245,"2016-04-06",1512,"017897",,"2","9","0","1",,"1","122","-","Y",,0,0,,,0,,,,"N",2,"A","-",22350,,"F","A","H","-","A","D","0","Y","A","07",0,2,1,0,0,0,0,0,0,"-","-","UNINCORPORATED","EL DORADO","CA",-120.83316,38.85844
"90179045",-120.8810021,38.7201405,2016,"0900","4","5","3","03",0,2,"B",,,,,,1800,4,"E","I","A","GREEN VALLEY RD","MORTARA CIR",277,"W","N","2016-05-13",9245,"2016-04-22",1539,"017897",,"2","9","0","2",,"2","011","-","N",,0,0,,,0,,,,"Y",1,"A","-",22350,,"N","B","H","-","A","D","0","Y","A","07",0,2,0,0,0,0,0,0,0,"-","-","UNINCORPORATED","EL DORADO","CA",-120.88136,38.72005
"90179042",0,0,2016,"0900","5","3","3","18",0,1,"A",,,"Y",,,2400,5,"G","H","A","EL DORADO HILLS BLVD","OLSE",80,"N","N","2016-05-13",9245,"2016-05-11",2128,"018624","9245","2","9","0","3",,"2","001","-","N",,0,0,,,0,,,,"Y",1,"C","-",0,,"N","A","H","-","D","D","0","Y","-","-",0,1,0,0,0,0,0,0,1,"-","-","UNINCORPORATED","EL DORADO","CA",-121.07764,38.67569
"90178923",0,0,2016,"0900","2","7","4","01",0,1,"A",,,,,"Y",300,5,"B","C","A","US-50 E/B","CAMBRIDGE RD",100,"W","N","2016-05-13",9245,"2016-05-01",35,"018782",,"3","9","0","1",,"2","110","-","Y",,0,0,,,0,,,,"Y",2,"A","-",23152,"A","N","A","H","-","D","D","0","Y","A","01",0,0,1,0,0,0,0,0,0,"-","-","UNINCORPORATED","EL DORADO","CA",-120.99889,38.65647