"CASEID","POINT_X","POINT_Y","YEAR_","LOCATION","CHPTYPE","DAYWEEK","CRASHSEV","VIOLCAT","KILLED","INJURED","WEATHER1","PEDCOL","BICCOL","MCCOL","TRUCKCOL","ETOH","TIMECAT","MONTH_","CRASHTYP","INVOLVE","PED","PRIMARYRD","SECONDRD","DISTANCE","DIRECT","INTERSECT_","PROCDATE","JURIS","DATE_","TIME_","BADGE","JURIDIST","SHIFT","POP","SPECIAL","BEATTYPE","LAPDDIV","BEATCLAS","BEATNUMB","WEATHER2","STATEHW","CALTRANC","CALTRAND","STROUTE","ROUTESUF","POSTPRE","POSTMILE","LOCATYPE","RAMP","SIDEHW","TOWAWAY","PARTIES","PCF","VIOLCODE","VIOL","VIOLSUB","HITRUN","ROADSURF","RDCOND1","RDCOND2","LIGHTING","RIGHTWAY","CHPRDTYP","NOTPRIV","STFAULT","CHPFAULT","SEVINJ","OTHERINJ","COP","PEDKILL","PEDINJ","BICKILL","BICINJ","MCKILL","MCINJURE","RAMP1","RAMP2","CITY","COUNTY","STATE","X_CHP","Y_CHP"
"90177623",0,0,2016,"0900","5","5","4","03",0,1,"B",,,,,,1800,5,"F","A","A","BASS LAKE ROAD","SANDHURST HILL ROAD",75,"S","N","2016-05-18",9245,"2016-05-06",1540,"017089",,"2","9","0","3",,"2","001","-","N",,0,0,,,0,,,,"Y",1,"A","-",22350,,"N","A","H","-","A","D","0","Y","A","07",0,0,1,0,0,0,0,0,0,"-","-","UNINCORPORATED","EL DORADO","CA",-121.0167,38.68178
"90177586",0,0,2016,"0900","5","5","3","03",0,1,"B",,,,,,2400,5,"E","I","A","BEATTY DR","ALEXANDRA DR",1056,"S","N","2016-05-11",9245,"2016-05-06",2241,"018663",,"3","9","0","3",,"2","001","-","N",,0,0,,,0,,,,"Y",1,"A","-",22350,,"N","A","H","-","C","D","0","Y","A","01",0,1,0,0,0,0,0,0,0,"-","-","UNINCORPORATED","EL DORADO","CA",-121.09532,38.68516
"90177564",-120.7324964,38.6762917,2016,"0900","4","6","4","08",0,1,"B",,,,,,1200,5,"E","I","A","BUCKS BAR ROAD","PALACE LANE",3168,"S","N","2016-05-11",9245,"2016-05-07",1100,"013929",,"1","9","0","2",,"1","042","C","N",,0,0,,,0,,,,"Y",1,"A","-",22107,,"N","B","H","-","A","D","0","Y","A","01",0,0,1,0,0,0,0,0,0,"-","-","UNINCORPORATED","EL DORADO","CA",-120.7164,38.6703
"90177511",0,0,2016,"0900","2","4","4","21",0,1,"B",,,,,,1800,5,"E","I","A","US-50 W/B","EL DORADO HILLS BLVD",3168,"E","N","2016-05-11",9245,"2016-05-05",1545,"017089",,"2","9","0","1",,"2","110","-","Y",,0,0,,,0,,,,"Y",2,"A","-",22106,,"N","B","D","-","A","D","0","Y","K","45",0,0,1,0,0,0,0,0,0,"-","-","UNINCORPORATED","EL DORADO","CA",-121.06109,38.6563
"90177479",0,0,2016,"0900","2","4","4","03",0,2,"B",,,,,,2100,5,"C","C","A","US-50 E/B","BASS LAKE RD",15,"E","N","2016-05-11",9245,"2016-05-05",1900,"018466",,"2","9","0","1",,"2","110","-","Y",,0,0,,,0,,,,"Y",3,"A","-",22350,,"N","B","H","-","A","D","0","Y","A","01",0,0,2,0,0,0,0,0,0,"-","-","UNINCORPORATED","EL DORADO","CA",-121.02998,38.65495
"90177292",0,0,2016,"0900","2","3","4","03",0,1,"B",,,,,,900,5,"C","C","A","US-50 W/B","MISSOURI FLAT RD",2275,"W","N","2016-05-11",9245,"2016-05-04",843,"012833",,"1","9","0","1",,"2","120","-","Y",,0,0,,,0,,,,"Y",3,"A","-",22350,,"N","A","H","-","A","D","0","Y","A","01",0,0,1,0,0,0,0,0,0,"-","-","UNINCORPORATED","EL DORADO","CA",-120.84527,38.70874
"90177283",0,0,2016,"0900","3","1","3","01",0,1,"A",,,,,"Y",300,5,"F","A","A","SR-193 E/B","MAIN ST.",0,,"Y","2016-05-11",9245,"2016-05-02",30,"018893",,"3","9","0","1",,"1","122","-","Y",,0,0,,,0,,,,"Y",1,"A","-",23152,"A","N","A","H","-","D","D","0","Y","A","08",0,1,0,0,0,0,0,0,0,"-","-","UNINCORPORATED","EL DORADO","CA",-120.91472,38.89944
"90176185",-120.9772631,38.6675551,2016,"0900","4","5","3","09",0,2,"A",,,,,,900,4,"D","C","A","CAMERON PARK DRIVE","SUDBURY ROAD",0,,"Y","2016-05-10",9245,"2016-04-29",705,"017089",,"1","9","0","2",,"1","015","-","N",,0,0,,,0,,,,"Y",2,"A","-",21802,"A","N","A","H","-","A","A","0","Y","A","01",0,2,0,0,0,0,0,0,0,"-","-","UNINCORPORATED","EL DORADO","CA",-120.97777,38.66758
"90174637",-120.773373,38.753935,2016,"0900","4","6","4","09",0,1,"A",,,,,,2100,4,"D","C","A","MOSQUITO RD","UNION RIDGE RD",0,,"Y","2016-05-06",9245,"2016-04-30",1800,"018502",,"2","9","0","2",,"1","023","-","Y",,0,0,,,0,,,,"Y",2,"A","-",21802,"A","N","A","H","-","A","A","0","Y","A","01",0,0,1,0,0,0,0,0,0,"-","-","UNINCORPORATED","EL DORADO","CA",-120.7734,38.75395
"90174582",-120.887933,38.6736651,2016,"0900","5","5","4","08",0,1,"A",,,,,,1800,4,"D","C","A","MOTHER LOAD DR","OLD FRENCH TOWN ROAD",0,,"Y","2016-05-06",9245,"2016-04-29",1700,"017756",,"2","9","0","3",,"2","003","-","N",,0,0,,,0,,,,"Y",2,"A","-",22107,,"N","A","H","-","A","D","0","Y","A","01",0,0,1,0,0,0,0,0,0,"-","-","UNINCORPORATED","EL DORADO","CA",-120.8879,38.6736
"90174560",0,0,2016,"0900","5","5","3","03",0,1,"A",,,,,,300,4,"F","A","A","BASS LAKE RD","MADERA WAY ",140,"S","N","2016-05-06",9245,"2016-04-29",120,"018656",,"3","9","0","3",,"2","001","-","N",,0,0,,,0,,,,"Y",1,"A","-",22350,,"N","A","H","-","D","D","0","Y","A","01",0,1,0,0,0,0,0,0,0,"-","-","UNINCORPORATED","EL DORADO","CA",-121.01678,38.68014
"90174417",0,0,2016,"0900","5","3","4","01",0,1,"B",,,,,"Y",2100,4,"E","I","A","ROYAL DRIVE (3100 BLOCK)","HILLSBOROUGH ROAD",250,"W","N","2016-05-06",9245,"2016-04-27",1820,"015263",,"2","9","0","3",,"2","001","-","N",,0,0,,,0,,,,"Y",1,"A","-",23152,"A","N","B","H","-","A","D","0","Y","A","01",0,0,1,0,0,0,0,0,0,"-","-","UNINCORPORATED","EL DORADO","CA",-120.59438,38.39515
"90174373",-120.7785172,38.6857998,2016,"0900","5","3","1","03",1,1,"B",,,,,,2100,4,"A","C","A","PLEASANT VALLEY RD","KEARNS RD",350,"E","N","2016-08-16",9245,"2016-04-27",1800,"018663",,"2","9","0","3",,"2","004","-","N",,0,0,,,0,,,,"Y",2,"A","-",22350,,"N","B","H","-","A","D","0","Y","D","22",0,0,1,0,0,0,0,0,0,"-","-","UNINCORPORATED","EL DORADO","CA",-120.77848,38.68578
"90174362",0,0,2016,"0900","5","3","2","08",0,2,"B",,,"Y",,,2100,4,"E","I","A","SAND RIDGE RD","VINTAGE TRL",533,"E","N","2016-05-06",9245,"2016-04-27",1930,"018502",,"2","9","0","3",,"2","004","-","Y",,0,0,,,0,,,,"Y",1,"A","-",22107,,"N","B","E","-","B","D","0","Y","C","06",1,0,1,0,0,0,0,0,2,"-","-","UNINCORPORATED","EL DORADO","CA",-120.78493,38.59587
"90174320",-120.9332138,38.7329278,2016,"0900","5","7","4","08",0,1,"A",,,,,,300,4,"E","J","A","LOTUS RD","LISA LN",1,"N","N","2016-05-06",9245,"2016-04-24",115,"018893",,"3","9","0","3",,"2","001","-","N",,0,0,,,0,,,,"Y",1,"A","-",22107,,"N","A","H","-","D","D","0","Y","A","01",0,0,1,0,0,0,0,0,0,"-","-","UNINCORPORATED","EL DORADO","CA",-120.93309,38.73304
"90174310",-120.8232479,38.7733466,2016,"0900","3","7","3","08",0,1,"A",,"Y",,,,1200,4,"F","A","A","STATE ROUTE 193","ROCK CREEK RD",3696,"N","N","2016-05-06",9245,"2016-04-24",1010,"013463",,"1","9","0","1",,"1","122","B","Y",,0,0,,,0,,,,"N",1,"A","-",22107,,"N","A","H","-","A","D","0","Y","L","04",0,1,0,0,0,0,1,0,0,"-","-","UNINCORPORATED","EL DORADO","CA",-120.82679,38.77618
"90173864",0,0,2016,"0900","5","6","4","12",0,1,"A",,,,,,2100,4,"D","C","A","SOUTH SHINGLE ROAD","MOTHER LOAD DRIVE",0,,"Y","2016-05-05",9245,"2016-04-23",1935,"017756",,"2","9","0","3",,"2","003","-","N",,0,0,,,0,,,,"Y",2,"A","-",21453,"A","F","A","H","-","A","A","0","Y","A","07",0,0,1,0,0,0,0,0,0,"-","-","UNINCORPORATED","EL DORADO","CA",-120.937,38.6619
"90173683",-120.9056017,38.8862135,2016,"0900","5","4","4","01",0,1,"A",,,,,"Y",2100,4,"E","I","A","GREENWOOD RD","SHADRACK LN",1584,"N","N","2016-05-05",9245,"2016-04-14",1942,"017364",,"2","9","0","3",,"2","002","-","N",,0,0,,,0,,,,"Y",1,"A","-",23152,"A","N","A","H","-","A","D","0","Y","D","22",0,0,1,0,0,0,0,0,0,"-","-","UNINCORPORATED","EL DORADO","CA",-120.90607,38.88639
"90172738",0,0,2016,"0900","2","7","4","05",0,1,"B",,,,,,1500,4,"D","C","A","US-50","OLD MEYERS GRADE",2640,"E","N","2016-05-04",9246,"2016-04-24",1430,"014478",,"2","9","0","1",,"1","021","-","Y",,0,0,,,0,,,,"Y",2,"A","-",21460,"A","N","A","H","-","A","D","0","Y","A","01",0,0,1,0,0,0,0,0,0,"-","-","UNINCORPORATED","EL DORADO","CA",-120.0316,38.82958
"90172566",0,0,2016,"0900","2","3","4","03",0,1,"B",,,,,,1800,4,"E","C","A","U.S. HIGHWAY 50","SIERRA AT TAHOE RD",2640,"W","N","2016-05-04",9246,"2016-04-27",1650,"010056",,"2","9","0","1",,"1","020","D","Y",,0,0,,,0,,,,"Y",2,"A","-",22350,,"N","C","H","-","A","D","0","Y","A","01",0,0,1,0,0,0,0,0,0,"-","-","UNINCORPORATED","EL DORADO","CA",-120.01814,38.85381
"90170936",-120.911634,38.6678001,2016,"0900","5","6","2","18",0,2,"A",,,,,,300,4,"E","I","A","MOTHER LODE DR","RIDGE DR",192,"W","N","2016-05-02",9245,"2016-04-09",55,"018893",,"3","9","0","3",,"2","003","-","N",,0,0,,,0,,,,"Y",1,"C","-",0,,"N","A","H","-","D","D","0","Y","-","-",1,1,0,0,0,0,0,0,0,"-","-","UNINCORPORATED","EL DORADO","CA",-120.91175,38.6678
"90170798",0,0,2016,"0900","2","1","4","09",0,2,"A",,,,,,1500,4,"D","C","A","GREENSTONE ROAD","US-50 WB OFFRAMP",0,,"Y","2016-05-02",9245,"2016-04-04",1219,"013463",,"1","9","0","1",,"2","120","-","Y",,0,0,,,0,,,,"Y",2,"A","-",21802,"A","N","A","H","-","A","D","0","Y","A","01",0,0,2,0,0,0,0,0,0,"-","-","UNINCORPORATED","EL DORADO","CA",-120.88788,38.69629
"90169637",-121.0591081,38.7132644,2016,"0900","5","3","4","03",0,2,"A",,,,,,900,4,"C","C","A","GREEN VALLEY RD","ROCKY SPRINGS RD",10,"E","N","2016-06-10",9245,"2016-04-27",750,"018466",,"1","9","0","3",,"2","001","-","N",,0,0,,,0,,,,"Y",3,"A","-",22350,,"N","A","H","-","A","D","0","Y","A","07",0,0,2,0,0,0,0,0,0,"-","-","UNINCORPORATED","EL DORADO","CA",-121.05898,38.71324
"90169542",0,0,2016,"0900","2","4","4","18",0,1,"A",,,,,,2100,4,"E","H","A","US-50 W/B","SHINGLE SPRINGS DR",2640,"W","N","2016-04-29",9245,"2016-04-28",2035,"018502",,"2","9","0","1",,"2","120","-","Y",,0,0,,,0,,,,"Y",1,"C","-",0,,"N","A","H","-","D","D","0","Y","-","-",0,0,1,0,0,0,0,0,0,"-","-","UNINCORPORATED","EL DORADO","CA",-120.92061,38.67498
"90169531",0,0,2016,"0900","4","4","4","09",0,2,"A",,,,,,1200,4,"A","C","A","PONY EXPRESS TRL","RIDGEWAY DRI",0,,"Y","2016-04-29",9245,"2016-04-28",900,"012382",,"1","9","0","2",,"1","025","-","N",,0,0,,,0,,,,"Y",2,"A","-",21801,"A","N","A","H","-","A","A","0","Y","A","07",0,0,2,0,0,0,0,0,0,"-","-","UNINCORPORATED","EL DORADO","CA",-120.61779,38.74948
"90169409",-120.0049711,38.8624424,2016,"0900","4","1","3","03",0,1,"D",,,,,,1200,4,"E","I","A","PIONEER TR","MANDAN ST",1056,"S","N","2016-04-29",9246,"2016-04-25",1030,"014478",,"1","9","0","2",,"1","024","-","N",,0,0,,,0,,,,"Y",1,"A","-",22350,,"N","C","H","-","A","D","0","Y","D","22",0,1,0,0,0,0,0,0,0,"-","-","UNINCORPORATED","EL DORADO","CA",-120.00397,38.86165
"90167995",-120.7866036,38.6897021,2016,"0900","4","2","3","01",0,2,"B",,,,,"Y",1800,4,"A","C","A","PLEASANT VALLEY RD","ZANDONELLA RD",513,"E","N","2016-04-28",9245,"2016-04-26",1720,"016495",,"2","9","0","2",,"1","041","-","N",,0,0,,,0,,,,"Y",2,"A","-",23152,"A","N","A","H","-","A","D","0","Y","A","07",0,1,1,0,0,0,0,0,0,"-","-","UNINCORPORATED","EL DORADO","CA",-120.77813,38.68571
"90167620",-120.867558,38.7410688,2016,"0900","5","4","3","03",0,1,"A",,,,,,2400,4,"E","I","A","COLD SPRINGS RD","SALLY LN",120,"E","N","2016-04-28",9245,"2016-04-21",2100,"018656",,"2","9","0","3",,"2","002","-","N",,0,0,,,0,,,,"Y",1,"A","-",22350,,"N","A","H","-","D","D","0","Y","A","01",0,1,0,0,0,0,0,0,0,"-","-","UNINCORPORATED","EL DORADO","CA",-120.86712,38.74125
"90167185",0,0,2016,"0900","4","1","4","01",0,1,"A",,,,,,1800,4,"C","C","A","GREEN VALLEY ROAD E/B","FRANCISCO DR",519,"W","N","2016-04-27",9245,"2016-04-18",1742,"015607",,"2","9","0","2",,"2","011","-","N",,0,0,,,0,,,,"Y",2,"A","-",23152,"E","N","A","H","-","A","A","0","Y","A","01",0,0,1,0,0,0,0,0,0,"-","-","UNINCORPORATED","EL DORADO","CA",-121.0865,38.7092
"90167001",0,0,2016,"0900","2","7","3","01",0,1,"B",,,,,"Y",900,4,"E","I","A","US-50 W/B","35 MILE STONE TRAIL",3696,"E","N","2016-04-27",9245,"2016-04-24",745,"012315",,"1","9","0","1",,"1","160","-","Y",,0,0,,,0,,,,"Y",1,"A","-",23152,"A","M","A","H","-","A","D","0","Y","A","01",0,1,0,0,0,0,0,0,0,"-","-","UNINCORPORATED","EL DORADO","CA",-120.24469,38.78072
"90166924",-120.7292468,38.6750494,2016,"0900","4","7","4","03",0,1,"A",,,,,,1200,4,"C","C","A","BUCKS BAR ROAD","SPRINGER ROAD",24,"W","N","2016-04-27",9245,"2016-04-24",950,"013929",,"1","9","0","2",,"1","042","-","N",,0,0,,,0,,,,"Y",3,"A","-",22350,,"N","A","H","-","A","D","0","Y","A","01",0,0,1,0,0,0,0,0,0,"-","-","UNINCORPORATED","EL DORADO","CA",-120.72921,38.67515
"90166540",-120.7314519,38.6751473,2016,"0900","5","5","4","03",0,1,"B",,,,,,1200,4,"F","A","A","BUCKS BAR RD","PALACE LN",2640,"S","N","2016-04-27",9245,"2016-04-22",915,"012382",,"1","9","0","3",,"2","004","C","N",,0,0,,,0,,,,"Y",1,"A","-",22350,,"N","B","H","-","A","A","0","Y","A","01",0,0,1,0,0,0,0,0,0,"-","-","UNINCORPORATED","EL DORADO","CA",-120.7164,38.66877
"90165145",-120.9149425,38.787277,2016,"0900","4","4","4","01",0,1,"A",,,,,"Y",2100,4,"E","I","A","LOTUS RD","GRANITE CREEK",50,"S","N","2016-04-26",9245,"2016-04-21",1932,"017897",,"2","9","0","2",,"1","013","-","N",,0,0,,,0,,,,"Y",1,"A","-",23152,"A","N","A","H","-","B","D","0","Y","A","07",0,0,1,0,0,0,0,0,0,"-","-","UNINCORPORATED","EL DORADO","CA",-120.91454,38.7884
"90165093",0,0,2016,"0901","2","7","4","01",0,1,"A",,,,,"Y",2100,4,"E","I","A","US-50 E/B","PLACERVILLE DRIVE O/C",136,"E","N","2016-04-25",9245,"2016-04-17",1842,"015607",,"2","2","0","1",,"2","120","-","Y",,0,0,,,0,,,,"Y",1,"A","-",23152,"A","N","A","H","-","A","D","0","Y","A","01",0,0,1,0,0,0,0,0,0,"-","-","PLACERVILLE","EL DORADO","CA",-120.83305,38.72129
"90164859",-119.9908021,38.8770693,2016,"0900","4","6","3","03",0,2,"A",,,,,,900,4,"E","I","A","PIONEER TRAIL","BUSCH WAY",375,"N","N","2016-04-25",9246,"2016-04-23",800,"016041",,"1","9","0","2",,"1","024","-","N",,0,0,,,0,,,,"Y",1,"A","-",22350,,"N","C","H","-","A","D","0","Y","D","22",0,2,0,0,0,0,0,0,0,"-","-","UNINCORPORATED","EL DORADO","CA",-119.99058,38.87738
"90164731",0,0,2016,"0900","5","5","4","09",0,1,"A",,,,,,1500,4,"D","C","A","PEDRO HILL RD","NANCE LN",0,,"Y","2016-04-25",9245,"2016-04-15",1455,"017897",,"2","9","0","3",,"2","001","-","N",,0,0,,,0,,,,"N",2,"A","-",21801,"A","N","A","H","-","A","D","0","Y","A","07",0,0,1,0,0,0,0,0,0,"-","-","UNINCORPORATED","EL DORADO","CA",-121.01023,38.8326
"90164702",0,0,2016,"0900","4","5","3","03",0,1,"B",,,,,,1800,4,"D","C","A","PIONEER TRAIL","EVELYN RD",528,"S","N","2016-08-15",9246,"2016-04-22",1502,"016041",,"2","9","0","2",,"1","024","D","N",,0,0,,,0,,,,"Y",2,"A","-",22350,,"N","C","H","-","A","D","0","Y","A","07",0,1,0,0,0,0,0,0,0,"-","-","UNINCORPORATED","EL DORADO","CA",-120.0062,38.86249
"90163759",-120.5967985,38.7748615,2016,"0900","5","7","3","01",0,1,"A",,,,,"Y",2400,4,"E","J","A","FOREBAY RD","KODIAK TRL",1056,"E","N","2016-04-22",9245,"2016-04-17",2130,"018799",,"2","9","0","3",,"2","002","-","N",,0,0,,,0,,,,"Y",1,"A","-",23152,"A","N","A","H","-","D","D","0","Y","D","22",0,1,0,0,0,0,0,0,0,"-","-","UNINCORPORATED","EL DORADO","CA",-120.59697,38.77496
"90163614",-121.0460959,38.9083206,2016,"0900","3","6","4","05",0,4,"A",,,,,,1200,4,"A","C","A","SR-193","SR-49",3696,"N","N","2016-04-22",9245,"2016-04-16",1155,"016451",,"1","9","0","1",,"1","122","-","Y",,0,0,,,0,,,,"Y",2,"A","-",21460,"A","N","A","H","-","A","D","0","Y","A","01",0,0,4,0,0,0,0,0,0,"-","-","UNINCORPORATED","EL DORADO","CA",-120.81685,38.74739
"90163605",-120.4145244,38.7753381,2016,"0900","2","6","3","08",0,1,"B",,,,,,1800,4,"E","I","A","US-50","WHITEHALL BLUFFS RD",3168,"W","N","2016-04-22",9245,"2016-04-09",1519,"017897",,"2","9","0","1",,"1","160","C","Y",,0,0,,,0,,,,"Y",1,"A","-",22107,,"N","B","H","-","A","D","0","Y","A","07",0,1,0,0,0,0,0,0,0,"-","-","UNINCORPORATED","EL DORADO","CA",-120.41515,38.77521
"90163572",-120.9956807,38.5736897,2016,"0900","4","6","4","08",0,1,"B",,,,,"Y",1800,4,"E","I","A","LATROBE RD","SUN RIDGE MEADOW RD",6336,"S","N","2016-04-22",9245,"2016-04-09",1755,"017897",,"2","9","0","2",,"2","031","C","N",,0,0,,,0,,,,"Y",1,"A","-",22107,,"N","B","H","-","A","D","0","Y","A","01",0,0,1,0,0,0,0,0,0,"-","-","UNINCORPORATED","EL DORADO","CA",-120.995,38.57309
"90162517",-121.0636628,38.6699002,2016,"0900","5","2","4","03",0,2,"B",,,,,,1500,4,"C","C","A","SILVA VALLEY PARKWAY","SERRANO PARKWAY",100,"S","N","2016-04-21",9245,"2016-04-19",1420,"015263",,"2","9","0","3",,"2","001","-","N",,0,0,,,0,,,,"Y",3,"A","-",22350,,"N","A","H","-","A","A","0","Y","D","22",0,0,2,0,0,0,0,0,0,"-","-","UNINCORPORATED","EL DORADO","CA",-121.34832,38.40114
"90162093",-121.0587455,38.5383632,2016,"0900","5","4","4","08",0,1,"A",,,,,,1800,4,"E","I","A","LATROBE ROAD","SOUTH SHINGLE ROAD",6019,"S","N","2016-04-20",9245,"2016-04-14",1525,"017756",,"2","9","0","3",,"2","003","-","N",,0,0,,,0,,,,"Y",1,"A","-",22107,,"N","A","H","-","A","D","0","Y","D","22",0,0,1,0,0,0,0,0,0,"-","-","UNINCORPORATED","EL DORADO","CA",-120.5814,38.3238
"90160760",-120.0079388,38.9118747,2016,"0902","S","1","3","03",0,2,"B",,,,,"Y",2100,4,"C","C","A","LAKE TAHOE BLVD","TATA LANE",30,"E","N","2016-04-19",9246,"2016-04-11",1837,"018006",,"2","3","0","2",,"2","901","-","N",,0,0,,,0,,,,"Y",3,"A","-",22350,,"N","A","H","-","A","D","0","Y","J","48",0,1,1,0,0,0,0,0,0,"-","-","SOUTH LAKE TAHOE","EL DORADO","CA",-120.00796,38.91196
"90160617",0,0,2016,"0900","2","3","3","03",0,1,"A",,,,,,1200,4,"E","I","A","US 50 W/B","SHINGLE SPRINGS DR",1056,"E","N","2016-04-19",9245,"2016-04-06",1044,"016629",,"1","9","0","1",,"2","120","-","Y",,0,0,,,0,,,,"Y",1,"A","-",22350,,"N","A","H","-","A","D","0","Y","A","07",0,1,0,0,0,0,0,0,0,"-","-","UNINCORPORATED","EL DORADO","CA",-120.91013,38.68534
"90158604",-121.0691694,38.6689589,2016,"0900","5","1","3","08",0,1,"B",,,,,,1500,4,"E","I","A","SERRANO PARKWAY","MIRALO DRIVE",425,"W","N","2016-04-15",9245,"2016-04-11",1420,"015263",,"2","9","0","3",,"2","001","-","N",,0,0,,,0,,,,"Y",1,"A","-",22107,,"N","A","H","-","A","D","0","Y","A","01",0,1,0,0,0,0,0,0,0,"-","-","UNINCORPORATED","EL DORADO","CA",-121.41008,38.40709
"90158333",-120.0090429,38.8561852,2016,"0900","5","4","3","01",0,1,"A",,,,,"Y",2400,4,"F","A","A","APACHE AVE","MOHICAN DR",0,,"Y","2016-04-15",9246,"2016-04-07",2255,"018629",,"3","9","0","3",,"2","200","-","N",,0,0,,,0,,,,"Y",1,"A","-",23152,"A","N","A","H","-","D","D","0","Y","A","07",0,1,0,0,0,0,0,0,0,"-","-","UNINCORPORATED","EL DORADO","CA",-120.00372,38.85279
"90158103",-120.8950257,38.7285311,2016,"0900","5","7","2","01",0,2,"A",,,,,"Y",300,4,"E","I","A","STAGECOACH RD","COUNTRYSIDE DR",1584,"N","N","2016-04-14",9245,"2016-04-03",150,"018782",,"3","9","0","3",,"2","001","-","N",,0,0,,,0,,,,"Y",1,"A","-",23152,"A","N","A","H","-","D","D","0","Y","A","07",2,0,0,0,0,0,0,0,0,"-","-","UNINCORPORATED","EL DORADO","CA",-120.89581,38.73058
"90156320",-120.8599298,38.6815179,2016,"0900","4","7","4","03",0,1,"B",,,,,,600,4,"E","I","A","PLEASANT VALLEY ROAD","SLATE CREEK ROAD",175,"W","N","2016-04-12",9245,"2016-04-10",550,"013342",,"3","9","0","2",,"1","037","-","N",,0,0,,,0,,,,"Y",1,"A","-",22350,,"N","B","H","-","D","D","0","Y","A","07",0,0,1,0,0,0,0,0,0,"-","-","UNINCORPORATED","EL DORADO","CA",-120.85971,38.68147
"90156310",0,0,2016,"0900","5","5","4","08",0,1,"A",,,,,,2100,4,"A","C","A","SR-49","COUNTY LINE",3696,"S","N","2016-04-25",9245,"2016-04-08",1825,"017756",,"2","9","0","3",,"2","002","-","Y",,0,0,,,0,,,,"Y",2,"A","-",22107,,"N","A","H","-","A","D","0","Y","A","01",0,0,1,0,0,0,0,0,0,"-","-","UNINCORPORATED","EL DORADO","CA",-120.0324,38.911
"90156230",-121.0779206,38.7232297,2016,"0900","5","7","2","01",0,1,"A",,,,,"Y",2100,4,"E","I","A","LAKEHILLS DR","CROMWELL CT",700,"S","N","2016-04-12",9245,"2016-04-03",2030,"017737",,"2","9","0","3",,"2","001","-","N",,0,0,,,0,,,,"Y",1,"A","-",23152,"A","N","A","H","-","D","D","0","Y","D","22",1,0,0,0,0,0,0,0,0,"-","-","UNINCORPORATED","EL DORADO","CA",-121.07792,38.723
"90156202",0,0,2016,"0900","S","4","4","03",0,1,"A",,,,,,2100,4,"C","C","A","US-50 E/B","LATROBE ROAD",10,"W","N","2016-04-12",9245,"2016-04-07",1825,"017756",,"2","9","0","1",,"2","904","-","Y",,0,0,,,0,,,,"N",2,"A","-",22350,,"N","A","H","-","A","D","0","Y","D","22",0,0,1,0,0,0,0,0,0,"-","-","UNINCORPORATED","EL DORADO","CA",-121.0701,38.6518
"90155165",-120.8456831,38.6820451,2016,"0900","3","4","3","08",0,1,"A",,"Y",,,,900,4,"D","G","A","SR-49","FORNI RD",0,,"Y","2016-04-11",9245,"2016-04-07",725,"016451",,"1","9","0","1",,"1","135","-","Y",,0,0,,,0,,,,"N",2,"A","-",22107,,"N","A","H","-","A","A","0","Y","D","22",0,1,0,0,0,0,1,0,0,"-","-","UNINCORPORATED","EL DORADO","CA",-120.84555,38.68206
"90153820",-120.8026963,38.6949351,2016,"0900","4","5","4","03",0,2,"A",,,,,,1800,4,"C","C","A","PLEASANT VALLEY RD","LA SIERRA DR",215,"W","N","2016-04-08",9245,"2016-04-01",1615,"017897",,"2","9","0","2",,"1","041","-","N",,0,0,,,0,,,,"Y",2,"A","-",22350,,"N","A","H","-","A","D","0","Y","A","01",0,0,2,0,0,0,0,0,0,"-","-","UNINCORPORATED","EL DORADO","CA",-120.80269,38.69492
"90152871",0,0,2016,"0900","3","6","2","01",0,1,"A",,,,,"Y",2100,3,"E","I","A","SR-193 (GEORGETOWN RD.)","GARDEN VALLEY RD",110,"S","N","2016-04-07",9245,"2016-03-26",1849,"017897",,"2","9","0","1",,"1","122","-","Y",,0,0,,,0,,,,"Y",1,"A","-",23152,"A","M","A","H","-","A","D","0","Y","A","01",1,0,0,0,0,0,0,0,0,"-","-","UNINCORPORATED","EL DORADO","CA",-120.82226,38.8158
"90152388",-120.8407357,38.905838,2016,"0900","3","5","4","03",0,1,"A",,,,,,1200,4,"C","C","A","RT 193","CHURCH ST",10,"S","N","2016-04-06",9245,"2016-04-01",945,"016451",,"1","9","0","1",,"1","122","-","Y",,0,0,,,0,,,,"Y",2,"A","-",22350,,"N","A","H","-","A","D","0","Y","D","22",0,0,1,0,0,0,0,0,0,"-","-","UNINCORPORATED","EL DORADO","CA",-120.84114,38.90588
"90152180",-120.9247119,38.7711401,2016,"0900","4","2","4","05",0,2,"A",,,,,,2100,3,"B","C","A","LOTUS RD","THOMPSON HILL RD",205,"S","N","2016-04-06",9245,"2016-03-29",2037,"015607",,"2","9","0","2",,"1","013","-","N",,0,0,,,0,,,,"Y",2,"A","-",21460,"A","N","A","H","-","D","D","0","Y","D","22",0,0,2,0,0,0,0,0,0,"-","-","UNINCORPORATED","EL DORADO","CA",-120.92475,38.7712
"90152098",-121.0142642,38.8140194,2016,"0900","4","2","3","05",0,2,"B",,,,,,2400,3,"B","C","A","SALMON FALLS RD","PILOT VIEW DRIVE",2215,"N","N","2016-04-06",9245,"2016-03-29",2224,"012833",,"3","9","0","2",,"2","012","-","N",,0,0,,,0,,,,"Y",2,"A","-",21460,"A","N","A","H","-","D","D","0","Y","A","01",0,1,1,0,0,0,0,0,0,"-","-","UNINCORPORATED","EL DORADO","CA",-121.01436,38.81401