"CASEID","POINT_X","POINT_Y","YEAR_","LOCATION","CHPTYPE","DAYWEEK","CRASHSEV","VIOLCAT","KILLED","INJURED","WEATHER1","PEDCOL","BICCOL","MCCOL","TRUCKCOL","ETOH","TIMECAT","MONTH_","CRASHTYP","INVOLVE","PED","PRIMARYRD","SECONDRD","DISTANCE","DIRECT","INTERSECT_","PROCDATE","JURIS","DATE_","TIME_","BADGE","JURIDIST","SHIFT","POP","SPECIAL","BEATTYPE","LAPDDIV","BEATCLAS","BEATNUMB","WEATHER2","STATEHW","CALTRANC","CALTRAND","STROUTE","ROUTESUF","POSTPRE","POSTMILE","LOCATYPE","RAMP","SIDEHW","TOWAWAY","PARTIES","PCF","VIOLCODE","VIOL","VIOLSUB","HITRUN","ROADSURF","RDCOND1","RDCOND2","LIGHTING","RIGHTWAY","CHPRDTYP","NOTPRIV","STFAULT","CHPFAULT","SEVINJ","OTHERINJ","COP","PEDKILL","PEDINJ","BICKILL","BICINJ","MCKILL","MCINJURE","RAMP1","RAMP2","CITY","COUNTY","STATE","X_CHP","Y_CHP"
"90151497",-120.7854417,38.7319732,2016,"0900","2","7","3","08",0,1,"B",,,"Y",,"Y",1800,3,"E","I","A","US-50","CARSON ROAD",200,"E","N","2016-04-05",9245,"2016-03-20",1542,"017737",,"2","9","0","1",,"2","140","C","Y",,0,0,,,0,,,,"Y",1,"A","-",22107,,"N","B","H","-","A","D","0","Y","C","02",0,1,0,0,0,0,0,0,1,"-","-","UNINCORPORATED","EL DORADO","CA",-120.69616,38.74115
"90151483",-120.7418792,38.6809778,2016,"0900","5","1","4","03",0,2,"B",,,,,,2100,3,"E","I","A","CEDAR RAVINE ROAD","PLEASANT VALLEY ROAD",850,"N","N","2016-04-05",9245,"2016-03-28",2020,"015263",,"2","9","0","3",,"2","004","-","N",,0,0,,,0,,,,"Y",1,"A","-",22350,,"N","A","H","-","D","D","0","Y","A","01",0,0,2,0,0,0,0,0,0,"-","-","UNINCORPORATED","EL DORADO","CA",-120.44309,38.40517
"90151135",0,0,2016,"0900","4","6","4","12",0,1,"A",,,,,,1500,3,"D","C","A","GREEN VALLEY ROAD","SOPHIA PARKWAY",0,,"Y","2016-04-05",9245,"2016-03-26",1425,"017089",,"2","9","0","2",,"2","011","-","N",,0,0,,,0,,,,"Y",2,"A","-",21453,"A","N","A","H","-","A","A","0","Y","A","01",0,0,1,0,0,0,0,0,0,"-","-","UNINCORPORATED","EL DORADO","CA",-121.10716,38.70157
"90151102",-120.7116958,38.6552091,2016,"0900","5","6","3","03",0,2,"A",,,"Y",,"Y",1800,3,"F","A","A","BUCKS BAR RD","BUCKS BAR CIR",1056,"N","N","2016-04-05",9245,"2016-03-26",1555,"018466",,"2","9","0","3",,"2","004","-","N",,0,0,,,0,,,,"Y",1,"A","-",22350,,"N","A","H","-","A","D","0","Y","C","02",0,2,0,0,0,0,0,0,2,"-","-","UNINCORPORATED","EL DORADO","CA",-120.70633,38.65213
"90150317",0,0,2016,"0900","2","6","4","03",0,1,"A",,,,,,1200,4,"C","C","A","US-50","OLD MEYERS GRADE",2640,"W","N","2016-04-04",9246,"2016-04-02",905,"017757",,"1","9","0","1",,"1","021","-","Y",,0,0,,,0,,,,"Y",3,"A","-",22350,,"N","A","H","-","A","D","0","Y","A","01",0,0,1,0,0,0,0,0,0,"-","-","UNINCORPORATED","EL DORADO","CA",-120.02757,38.81831
"90149954",-120.9554407,38.8269864,2016,"0900","3","7","2","05",0,2,"B",,,"Y",,,1800,3,"D","C","A","SR-49","LILYAMA RD",1469,"S","N","2016-04-04",9245,"2016-03-27",1547,"015607",,"2","9","0","1",,"1","115","-","Y",,0,0,,,0,,,,"Y",2,"A","-",21460,"A","N","A","H","-","A","D","0","Y","C","02",1,0,1,0,0,0,0,0,1,"-","-","UNINCORPORATED","EL DORADO","CA",-120.9554,38.82693
"90149694",0,0,2016,"0900","4","6","2","09",0,3,"A",,,,,,1200,3,"D","C","A","GREEN VALLEY RD","TRAVOIS CIR",56,"E","N","2016-04-04",9245,"2016-03-26",1100,"018502",,"1","9","0","2",,"2","011","-","Y",,0,0,,,0,,,,"Y",2,"A","-",21801,"A","N","A","H","-","A","D","0","Y","A","07",1,1,1,0,0,0,0,0,0,"-","-","UNINCORPORATED","EL DORADO","CA",-121.01441,38.69854
"90149257",0,0,2016,"0900","5","6","4","01",0,1,"A",,,,,,1800,3,"A","C","A"," SR-49 (PLEASANT VALLEY ROAD)","TULLIS MINE RD",0,,"Y","2016-06-02",9245,"2016-03-19",1625,"018466",,"2","9","0","3",,"2","004","-","Y",,0,0,,,0,,,,"Y",2,"A","-",23152,"E","N","A","H","-","A","D","0","Y","A","01",0,0,1,0,0,0,0,0,0,"-","-","UNINCORPORATED","EL DORADO","CA",-120.8205,38.6935
"90148622",0,0,2016,"0900","2","6","3","08",0,1,"A",,,,,,1800,2,"A","C","A","US-50","TWIN BRIDGES  ",5280,"E","N","2016-04-01",9246,"2016-02-13",1710,"018206",,"2","9","0","1",,"1","020","-","Y",,0,0,,,0,,,,"Y",2,"A","-",22107,,"M","A","H","-","D","D","0","Y","A","07",0,1,0,0,0,0,0,0,0,"-","-","UNINCORPORATED","EL DORADO","CA",-120.1212,38.802
"90148422",0,0,2016,"0900","2","2","3","08",0,1,"A",,,,,,1800,3,"F","A","A","US-50","JOHNSON PASS RD",1320,"E","N","2016-03-31",9246,"2016-03-22",1755,"014302",,"2","9","0","1",,"1","021","-","Y",,0,0,,,0,,,,"Y",1,"A","-",22107,,"N","A","H","-","A","D","0","Y","A","07",0,1,0,0,0,0,0,0,0,"-","-","UNINCORPORATED","EL DORADO","CA",0,0
"90148216",0,0,2016,"0900","4","3","3","08",0,1,"B",,,,,,1800,3,"D","C","A","GREEN VALLEY ROAD","RINGTAIL LANE",0,,"Y","2016-03-30",9245,"2016-03-09",1515,"016629",,"2","9","0","2",,"2","011","-","N",,0,0,,,0,,,,"Y",2,"A","-",22107,,"N","A","H","-","A","D","0","Y","A","01",0,1,0,0,0,0,0,0,0,"-","-","UNINCORPORATED","EL DORADO","CA",-120.88629,38.7113
"90147995",-120.5544787,38.64543,2016,"0900","5","4","4","08",0,1,"A",,,,,,900,3,"E","I","A","STRING CANYON RD","EAGLE HILL RD",4224,"W","N","2016-03-30",9245,"2016-03-17",710,"016465",,"1","9","0","3",,"2","004","-","N",,0,0,,,0,,,,"Y",1,"A","-",22107,,"N","A","H","-","A","D","0","Y","A","01",0,0,1,0,0,0,0,0,0,"-","-","UNINCORPORATED","EL DORADO","CA",-120.55382,38.64611
"90146377",-120.0145879,38.854666,2016,"0900","2","6","2","08",0,1,"A","Y",,,,,2400,3,"G","B","E","US-50","APACHE AVE",528,"E","N","2016-03-28",9246,"2016-03-26",2145,"018629",,"2","9","0","1",,"1","022","-","Y",,0,0,,,0,,,,"Y",2,"A","-",22107,,"F","A","H","-","D","D","0","Y","-","99",1,0,0,0,1,0,0,0,0,"-","-","UNINCORPORATED","EL DORADO","CA",-120.01471,38.85454
"90143340",0,0,2016,"0900","2","4","3","08",0,1,"A",,,,,,1500,3,"E","I","A","US-50","TWIN BRIDGES RD",100,"E","N","2016-03-24",9246,"2016-03-17",1455,"017757",,"2","9","0","1",,"1","020","-","Y",,0,0,,,0,,,,"Y",1,"A","-",22107,,"N","A","H","-","A","D","0","Y","D","22",0,1,0,0,0,0,0,0,0,"-","-","UNINCORPORATED","EL DORADO","CA",-120.12266,38.80539
"90143307",-120.9372612,38.8243049,2016,"0900","3","5","4","03",0,2,"A",,,,,,2100,3,"C","C","A","SR-49","BACCHI ROAD",2640,"N","N","2016-03-24",9245,"2016-03-18",1930,"017089",,"2","9","0","1",,"1","115","-","Y",,0,0,,,0,,,,"Y",2,"A","-",22350,,"N","A","H","-","B","D","0","Y","A","01",0,0,2,0,0,0,0,0,0,"-","-","UNINCORPORATED","EL DORADO","CA",-120.93609,38.8234
"90143285",0,0,2016,"0900","5","4","4","01",0,1,"A",,,,,"Y",2400,3,"D","C","A","SOUTH SHINGLE ROAD","US50 E/B TO MOTHER LODE DRIVE",0,,"Y","2016-03-24",9245,"2016-03-17",2127,"017364",,"2","9","0","3",,"2","003","-","Y",,0,0,,,0,,,,"Y",2,"A","-",23152,"A","N","A","H","-","C","A","0","Y","A","07",0,0,1,0,0,0,0,0,0,"-","-","UNINCORPORATED","EL DORADO","CA",-120.93759,38.66226
"90143200",-120.7673505,38.6778161,2016,"0900","4","5","4","03",0,1,"A",,,,,,900,3,"C","C","A","PLEASANT VALLEY RD","DUSTY LN",5,"W","N","2016-03-24",9245,"2016-03-18",800,"016465",,"1","9","0","2",,"1","041","-","N",,0,0,,,0,,,,"Y",2,"A","-",22350,,"N","A","H","-","A","D","0","Y","A","01",0,0,1,0,0,0,0,0,0,"-","-","UNINCORPORATED","EL DORADO","CA",-120.76836,38.67789
"90142933",0,0,2016,"0900","4","1","4","05",0,1,"B",,,,,,2400,3,"E","I","A","SALMON FALLS RD","OLD BRIDGE RD",715,"S","N","2016-03-24",9245,"2016-03-21",2200,"012833",,"3","9","0","2",,"2","012","-","N",,0,0,,,0,,,,"Y",1,"A","-",21650,,"N","B","H","-","D","D","0","Y","A","01",0,0,1,0,0,0,0,0,0,"-","-","UNINCORPORATED","EL DORADO","CA",-121.05682,38.75149
"90142926",-120.7027665,38.6408045,2016,"0900","5","3","3","01",0,1,"B",,,,,"Y",600,3,"E","I","A","SANDRIDGE RD","NUTMEG LN",694,"W","N","2016-03-24",9245,"2016-03-23",305,"012833",,"3","9","0","3",,"2","004","-","N",,0,0,,,0,,,,"Y",1,"A","-",23152,"A","N","A","H","-","D","D","0","Y","A","01",0,1,0,0,0,0,0,0,0,"-","-","UNINCORPORATED","EL DORADO","CA",-120.76504,38.63949
"90142868",-120.8494242,38.7196307,2016,"0900","5","5","3","22",0,1,"A",,,"Y",,,2500,3,"F","A","A","EL DORADO TRAIL","MISSOURI FLAT RD",1320,"E","N","2016-03-24",9245,"2016-03-18",2500,"016465",,"4","9","0","3",,"2","003","-","N",,0,0,,,0,,,,"N",1,"B","-",0,,"N","A","H","-","D","D","0","Y","C","02",0,1,0,0,0,0,0,0,1,"-","-","UNINCORPORATED","EL DORADO","CA",0,0
"90142779",-120.995603,38.698995,2016,"0900","4","2","4","12",0,3,"B",,,,,,1500,3,"D","C","A","GREEN VALLEY RD","CAMERON PARK DR",0,,"Y","2016-03-24",9245,"2016-03-22",1449,"015607",,"2","9","0","2",,"2","011","-","N",,0,0,,,0,,,,"Y",2,"A","-",21453,"A","N","A","H","-","A","A","0","Y","A","01",0,0,3,0,0,0,0,0,0,"-","-","UNINCORPORATED","EL DORADO","CA",-120.9955,38.6995
"90142343",-120.7773429,38.685134,2016,"0900","4","3","4","08",0,1,"A",,,,,,900,3,"E","I","A","PLEASANT VALLEY RD","GLEE LN",5,"E","N","2016-03-23",9245,"2016-03-16",850,"018656",,"1","9","0","2",,"1","041","-","N",,0,0,,,0,,,,"N",1,"A","-",22107,,"N","A","H","-","A","D","0","Y","A","01",0,0,1,0,0,0,0,0,0,"-","-","UNINCORPORATED","EL DORADO","CA",0,0
"90141478",0,0,2016,"0900","2","7","3","03",0,1,"C",,,,,,1500,3,"F","A","A","US-50 E/B","BASS LAKE ROAD",2112,"E","N","2016-03-22",9245,"2016-03-13",1230,"013342",,"1","9","0","1",,"2","110","-","Y",,0,0,,,0,,,,"Y",1,"A","-",22350,,"N","B","H","-","A","D","0","Y","D","22",0,1,0,0,0,0,0,0,0,"-","-","UNINCORPORATED","EL DORADO","CA",-121.01274,38.65515
"90141425",-120.843733,38.7587351,2016,"0900","3","7","4","03",0,1,"C",,,,,,1200,3,"C","C","A","SR-49","WALLACE RD",20,"N","N","2016-03-22",9245,"2016-03-13",1030,"015563",,"1","9","0","1",,"1","115","-","Y",,0,0,,,0,,,,"N",2,"A","-",22350,,"M","B","H","-","A","D","0","Y","-","99",0,0,1,0,0,0,0,0,0,"-","-","UNINCORPORATED","EL DORADO","CA",-120.84408,38.75857
"90141290",-121.0678861,38.6777082,2016,"0900","5","5","4","18",0,1,"A",,,,,,1200,3,"D","E","A","SILVA VALLEY PKY","PEDRA DR",50,"N","N","2016-03-22",9245,"2016-03-18",1135,"018656",,"1","9","0","3",,"2","001","-","N",,0,0,,,0,,,,"N",2,"C","-",0,,"N","A","H","-","A","D","0","Y","-","-",0,0,1,0,0,0,0,0,0,"-","-","UNINCORPORATED","EL DORADO","CA",-121.06794,38.67775
"90139719",0,0,2016,"0900","4","4","1","03",1,2,"B",,,,,,1800,1,"D","C","A","E-16 / MT. AUKUM RD","CONSUMNES RIVER (MIDDLE FORK)",165,"N","N","2016-04-27",9245,"2016-01-28",1606,"018663",,"2","9","0","2",,"1","042","-","Y",,0,0,,,0,,,,"Y",2,"A","-",22350,,"N","B","H","-","A","D","0","Y","A","01",1,0,1,0,0,0,0,0,0,"-","-","UNINCORPORATED","EL DORADO","CA",-120.70178,38.62643
"90139638",-121.0325951,38.9103693,2016,"0900","3","6","4","03",0,1,"B",,,,,,1500,3,"E","I","A","SR-49","AARON COOL DRIVE",13728,"N","N","2016-03-18",9245,"2016-03-12",1455,"017089",,"2","9","0","1",,"1","115","C","Y",,0,0,,,0,,,,"Y",1,"A","-",22350,,"N","B","H","-","A","D","0","Y","A","07",0,0,1,0,0,0,0,0,0,"-","-","UNINCORPORATED","EL DORADO","CA",-121.03263,38.91013
"90139628",-120.145343,38.7970151,2016,"0900","2","6","4","09",0,1,"B",,,,,,1500,3,"D","C","A","US-50","STRAWBERRY LN",0,,"Y","2016-03-18",9245,"2016-03-12",1210,"012382",,"1","9","0","1",,"1","170","-","Y",,0,0,,,0,,,,"Y",2,"A","-",21802,"A","N","B","H","-","A","D","0","Y","D","22",0,0,1,0,0,0,0,0,0,"-","-","UNINCORPORATED","EL DORADO","CA",-120.14509,38.79708
"90139602",0,0,2016,"0900","2","5","3","03",0,1,"B",,,,,,1500,3,"E","I","A","US-50 W/B","GREENSTONE ROAD",350,"W","N","2016-03-18",9245,"2016-03-11",1305,"013929",,"1","9","0","1",,"2","120","C","Y",,0,0,,,0,,,,"Y",1,"A","-",22350,,"N","B","H","-","A","D","0","Y","A","07",0,1,0,0,0,0,0,0,0,"-","-","UNINCORPORATED","EL DORADO","CA",-120.88974,38.69613
"90139419",-120.8483895,38.7361855,2016,"0900","4","5","3","05",0,2,"C",,,,,,1800,3,"A","C","A","COOLWATER CREEK RD","COLD SPRINGS RD",80,"W","N","2016-03-18",9245,"2016-03-04",1732,"017897",,"2","9","0","2",,"1","014","-","N",,0,0,,,0,,,,"Y",2,"A","-",21460,"A","N","B","H","-","A","A","0","Y","A","01",0,1,1,0,0,0,0,0,0,"-","-","UNINCORPORATED","EL DORADO","CA",-120.8484,38.73612
"90139377",-120.950743,38.626055,2016,"0900","4","6","4","01",0,1,"B",,,,,"Y",1800,3,"F","A","A","SOUTH SHINGLE ROAD","CROOKED BRANCH ROAD",0,,"N","2016-03-18",9245,"2016-03-05",1709,"017089",,"2","9","0","2",,"1","032","C","N",,0,0,,,0,,,,"Y",1,"A","-",23152,"A","N","B","H","-","A","D","0","Y","D","22",0,0,1,0,0,0,0,0,0,"-","-","UNINCORPORATED","EL DORADO","CA",-120.95045,38.62656
"90139322",-121.0271731,38.7855851,2016,"0900","5","4","4","18",0,1,"B",,,,,,1800,3,"F","I","A","SALMON FALLS RD","GALLAGHER RD",0,,"N","2016-03-18",9245,"2016-03-03",1545,"017364",,"2","9","0","3",,"2","001","-","N",,0,0,,,0,,,,"Y",1,"C","-",0,,"N","A","H","-","A","D","0","Y","-","-",0,0,1,0,0,0,0,0,0,"-","-","UNINCORPORATED","EL DORADO","CA",-121.03082,38.78329
"90138812",-121.075413,38.706465,2016,"0900","5","4","4","09",0,1,"B",,,,,,1200,3,"D","C","A","SILVA VALLEY PKY","FAIRCHILD DR",0,,"Y","2016-03-17",9245,"2016-03-10",1010,"016465",,"1","9","0","3",,"2","001","-","N",,0,0,,,0,,,,"Y",2,"A","-",21802,"A","N","A","H","-","A","D","0","Y","A","01",0,0,1,0,0,0,0,0,0,"-","-","UNINCORPORATED","EL DORADO","CA",-121.07538,38.7064
"90138750",0,0,2016,"0900","5","5","4","00",0,1,"C",,,,,,1200,3,"D","C","A","WHITE ROCK RD","VINE ST.",0,,"Y","2016-03-17",9245,"2016-03-11",950,"016465",,"1","9","0","3",,"2","003","-","N",,0,0,,,0,,,,"Y",2,"D","-",0,,"N","B","H","-","A","A","0","Y","-","-",0,0,1,0,0,0,0,0,0,"-","-","UNINCORPORATED","EL DORADO","CA",-121.06009,38.64965
"90138128",0,0,2016,"0900","4","5","3","03",0,2,"B",,,,,,900,3,"D","C","A","LOTUS RD","HEAVEN'S GATE",100,"N","N","2016-03-16",9245,"2016-03-11",720,"018656",,"1","9","0","2",,"1","013","C","N",,0,0,,,0,,,,"Y",2,"A","-",22350,,"N","B","H","-","A","D","0","Y","A","01",0,1,1,0,0,0,0,0,0,"-","-","UNINCORPORATED","EL DORADO","CA",-120.54468,38.47393
"90137121",0,0,2016,"0900","5","4","4","03",0,2,"B",,,"Y",,,1800,3,"F","A","A","STARKES GRADE RD","CAMPINI WAY",2640,"E","N","2016-05-09",9245,"2016-03-10",1620,"018466",,"2","9","0","3",,"2","004","-","N",,0,0,,,0,,,,"Y",1,"A","-",22350,,"N","B","E","-","A","D","0","Y","C","03",0,0,2,0,0,0,0,0,2,"-","-","UNINCORPORATED","EL DORADO","CA",-120.38423,38.42229
"90137067",-120.9906287,38.6766918,2016,"0900","5","5","2","08",0,1,"A",,"Y",,,,1200,2,"E","I","A","CAMBRIDGE RD","OXFORD RD",5,"S","N","2016-04-25",9245,"2016-02-19",1145,"016059",,"1","9","0","3",,"2","001","-","N",,0,0,,,0,,,,"N",1,"A","-",22107,,"N","A","H","-","A","D","0","Y","L","04",1,0,0,0,0,0,1,0,0,"-","-","UNINCORPORATED","EL DORADO","CA",0,0
"90136328",-120.9384834,38.6643842,2016,"0900","4","3","4","07",0,1,"B",,,,,,1500,3,"B","C","A","PONDEROSA ROAD","NORTH SHINGLE ROAD",150,"N","N","2016-03-14",9245,"2016-03-09",1220,"013929",,"1","9","0","2",,"1","013","-","N",,0,0,,,0,,,,"Y",2,"A","-",21658,"A","N","A","H","-","A","D","0","Y","A","07",0,0,1,0,0,0,0,0,0,"-","-","UNINCORPORATED","EL DORADO","CA",-120.93841,38.66455
"90136211",0,0,2016,"0900","2","7","3","01",0,2,"C",,,,,"Y",300,3,"E","I","A","US-50 W/B","PAUL BUNYUN RD",1056,"W","N","2016-03-14",9245,"2016-03-06",246,"018663",,"3","9","0","1",,"2","140","-","Y",,0,0,,,0,,,,"Y",1,"A","-",23152,"A","N","B","C","-","D","D","0","Y","D","22",0,1,1,0,0,0,0,0,0,"-","-","UNINCORPORATED","EL DORADO","CA",0,0
"90133896",0,0,2016,"0900","2","1","4","03",0,1,"B",,,,,,2400,3,"E","I","A","US-50 W/B","EL DORADO HILLS BLVD",425,"W","N","2016-03-10",9245,"2016-03-07",2135,"012833",,"2","9","0","1",,"2","110","-","Y",,0,0,,,0,,,,"Y",1,"A","-",22350,,"N","A","D","-","D","D","0","Y","A","01",0,0,1,0,0,0,0,0,0,"-","-","UNINCORPORATED","EL DORADO","CA",-121.0725,38.65253
"90133888",0,0,2016,"0900","2","1","4","03",0,1,"B",,,,,,600,3,"E","I","A","US-50 W/B","BASS LAKE RD",6515,"W","N","2016-03-10",9245,"2016-03-07",505,"012833",,"3","9","0","1",,"2","110","C","Y",,0,0,,,0,,,,"Y",1,"A","-",22350,,"N","B","D","-","D","D","0","Y","A","07",0,0,1,0,0,0,0,0,0,"-","-","UNINCORPORATED","EL DORADO","CA",-121.04702,38.65848
"90133876",0,0,2016,"0900","2","7","3","03",0,3,"B",,,,,,900,3,"A","C","A","US-50 (LINCOLN HIGHWAY)","STRAWBERRY LN",322,"W","N","2016-03-10",9245,"2016-03-06",800,"018502",,"1","9","0","1",,"1","170","-","Y",,0,0,,,0,,,,"Y",2,"A","-",22350,,"N","C","H","-","A","D","0","Y","A","01",0,2,1,0,0,0,0,0,0,"-","-","UNINCORPORATED","EL DORADO","CA",-120.1462,38.79644
"90133578",0,0,2016,"0900","2","5","4","03",0,1,"A",,,,,,1200,3,"C","C","A","US-50 E/B","MISSOURI FLAT RD",75,"E","N","2016-03-10",9245,"2016-03-04",1055,"016451",,"1","9","0","1",,"2","120","-","N",,0,0,,,0,,,,"Y",2,"A","-",22350,,"N","A","H","-","A","A","0","Y","A","01",0,0,1,0,0,0,0,0,0,"-","-","UNINCORPORATED","EL DORADO","CA",-120.83823,38.71136
"90133571",-120.9609835,38.6797474,2016,"0900","5","5","3","01",0,1,"A",,,,,"Y",2400,2,"E","I","A","MEDER RD","ROSEBUD DR",170,"W","N","2016-03-10",9245,"2016-02-26",2200,"018466",,"3","9","0","3",,"2","001","-","N",,0,0,,,0,,,,"Y",1,"A","-",23152,"A","N","A","H","-","D","D","0","Y","D","22",0,1,0,0,0,0,0,0,0,"-","-","UNINCORPORATED","EL DORADO","CA",-120.96092,38.67969
"90133570",-120.6720461,38.6899709,2016,"0900","4","5","2","08",0,2,"A",,,,,,2400,2,"E","I","A","PLEASANT VALLEY RD","NEWTOWN RD",1682,"E","N","2016-03-10",9245,"2016-02-19",2200,"018656",,"3","9","0","2",,"1","041","-","N",,0,0,,,0,,,,"Y",1,"A","-",22107,,"F","A","H","-","D","D","0","Y","E","22",2,0,0,0,0,0,0,0,0,"-","-","UNINCORPORATED","EL DORADO","CA",-120.67423,38.69239
"90133093",-120.8685186,38.6807658,2016,"0900","4","2","2","09",0,1,"A",,,"Y",,,1200,3,"H","A","A","PLEASANT VALLEY ROAD","MOTHER LODE DR",220,"E","N","2016-03-09",9245,"2016-03-01",949,"013342",,"1","9","0","2",,"1","037","-","N",,0,0,,,0,,,,"Y",2,"A","-",21801,"A","F","A","H","-","A","A","0","Y","E","22",1,0,0,0,0,0,0,0,1,"-","-","UNINCORPORATED","EL DORADO","CA",-120.80901,38.68057
"90133087",-120.6114476,38.7089179,2016,"0900","5","7","3","01",0,1,"A",,,,,,600,2,"E","I","A","SIERRA SPRINGS DR","BEGONIA DR",115,"N","N","2016-03-09",9245,"2016-02-28",325,"018782",,"3","9","0","3",,"2","004","-","N",,0,0,,,0,,,,"Y",1,"A","-",23152,"E","N","A","H","-","D","D","0","Y","A","07",0,1,0,0,0,0,0,0,0,"-","-","UNINCORPORATED","EL DORADO","CA",-120.61147,38.70894
"90132590",0,0,2016,"0900","5","5","2","05",0,2,"A",,,,,,1800,2,"A","C","A","CRE-16 (MT. AUKUM RD)","GERRYS DREAM LN",627,"S","N","2016-03-09",9245,"2016-02-26",1705,"018502",,"2","9","0","3",,"2","004","-","Y",,0,0,,,0,,,,"Y",2,"A","-",21460,"A","N","A","H","-","A","D","0","Y","A","07",2,0,0,0,0,0,0,0,0,"-","-","UNINCORPORATED","EL DORADO","CA",-120.66964,38.6657
"90131602",-120.0118865,38.8595807,2016,"0900","4","1","4","03",0,1,"B",,,,,,2100,3,"D","C","A","PIONEER TRAIL","US-50",68,"N","N","2016-03-08",9246,"2016-03-07",1807,"017612",,"2","9","0","2",,"1","024","-","Y",,0,0,,,0,,,,"Y",2,"A","-",22350,,"N","C","H","-","B","D","0","Y","A","01",0,0,1,0,0,0,0,0,0,"-","-","UNINCORPORATED","EL DORADO","CA",-120.01179,38.85958
"90131382",-121.0227413,38.6003033,2016,"0900","4","7","2","03",0,2,"A",,,"Y",,,1500,2,"C","C","A","LATROBE ROAD","RYAN RANCH RD",1056,"S","N","2016-03-08",9245,"2016-02-21",1325,"013463",,"1","9","0","2",,"2","031","-","N",,0,0,,,0,,,,"Y",3,"A","-",22350,,"N","A","H","-","A","D","0","Y","C","02",1,1,0,0,0,0,0,0,2,"-","-","UNINCORPORATED","EL DORADO","CA",-121.02134,38.59928
"90128679",-121.0768504,38.6370626,2016,"0900","5","3","1","00",1,0,"B",,,,,,1200,1,"E","I","A","WHITE ROCK RD","STONEBRIAR DR.",5,"W","N","2016-03-03",9245,"2016-01-06",1118,"015563",,"1","9","0","3",,"2","003","G","N",,0,0,,,0,,,,"Y",1,"D","-",0,,"N","B","H","-","A","A","0","Y","-","-",0,0,0,0,0,0,0,0,0,"-","-","UNINCORPORATED","EL DORADO","CA",-121.07702,38.63712
"90127886",-120.4587882,38.7723404,2016,"0900","2","2","4","08",0,1,"A",,,,,,2100,3,"E","I","A","US-50","ICEHOUSE RD",3696,"W","N","2016-03-02",9245,"2016-03-01",2028,"018663",,"2","9","0","1",,"2","140","-","Y",,0,0,,,0,,,,"Y",1,"A","-",22107,,"N","A","H","-","D","D","0","Y","D","22",0,0,1,0,0,0,0,0,0,"-","-","UNINCORPORATED","EL DORADO","CA",-120.45957,38.77297
"90127746",-121.0156128,38.9075053,2016,"0900","3","7","4","03",0,1,"A",,,"Y",,,1200,2,"F","A","A","SR-49","AARON COOL DR",6336,"N","N","2016-03-02",9245,"2016-02-28",1125,"013463",,"1","9","0","1",,"1","115","-","Y",,0,0,,,0,,,,"Y",1,"A","-",22350,,"N","A","H","-","A","D","0","Y","C","02",0,0,1,0,0,0,0,0,1,"-","-","UNINCORPORATED","EL DORADO","CA",-121.02156,38.91095
"90125734",0,0,2016,"0900","2","1","4","08",0,1,"A",,,,,,1200,2,"F","A","A","US-50 W/B","RIDGEWAY DR",1584,"W","N","2016-02-29",9245,"2016-02-22",925,"013463",,"1","9","0","1",,"2","140","-","Y",,0,0,,,0,,,,"Y",1,"A","-",22107,,"N","A","H","-","A","D","0","Y","A","01",0,0,1,0,0,0,0,0,0,"-","-","UNINCORPORATED","EL DORADO","CA",-120.62596,38.74518
"90125443",-121.0710031,38.688395,2016,"0900","5","5","3","01",0,2,"B",,,,,"Y",2100,2,"C","C","A","SILVA VALLEY PARKWAY","NETHERDALE WAY",0,,"Y","2016-02-29",9245,"2016-02-19",2000,"017089",,"2","9","0","3",,"2","001","-","N",,0,0,,,0,,,,"Y",2,"A","-",23152,"A","N","B","H","-","D","D","0","Y","A","01",0,1,1,0,0,0,0,0,0,"-","-","UNINCORPORATED","EL DORADO","CA",-121.07072,38.6882
"90124650",-120.932493,38.748755,2016,"0900","5","7","2","01",0,2,"A",,,,,"Y",600,2,"E","I","A","LOTUS RD","SPRINGVALE RD",0,,"N","2016-02-26",9245,"2016-02-21",315,"018782",,"3","9","0","3",,"2","001","-","N",,0,0,,,0,,,,"Y",1,"A","-",23152,"A","N","A","H","-","D","D","0","Y","D","22",2,0,0,0,0,0,0,0,0,"-","-","UNINCORPORATED","EL DORADO","CA",-120.9331,38.75151
"90124605",-120.662263,38.6827851,2016,"0900","5","7","2","08",0,1,"A",,,,,,300,2,"E","I","A","PLEASANT VALLEY RD","MOUNT AUKUM RD",0,,"Y","2016-02-26",9245,"2016-02-21",45,"018782",,"3","9","0","3",,"2","004","-","N",,0,0,,,0,,,,"Y",1,"A","-",22107,,"N","A","H","-","D","D","0","Y","D","22",1,0,0,0,0,0,0,0,0,"-","-","UNINCORPORATED","EL DORADO","CA",-120.6624,38.68292
"90123903",0,0,2016,"0900","5","4","3","08",0,1,"A",,,,,,300,2,"E","J","A","CR-E16 (MT. AUKUM RD.)","CRAWFORD DITCH",50,"S","N","2016-02-25",9245,"2016-02-25",15,"018799",,"3","9","0","3",,"2","004","-","N",,0,0,,,0,,,,"Y",1,"A","-",22107,,"N","A","H","-","D","D","0","Y","D","22",0,1,0,0,0,0,0,0,0,"-","-","UNINCORPORATED","EL DORADO","CA",-120.66972,38.66386
"90123845",-120.8866901,38.7131764,2016,"0900","4","1","3","05",0,1,"B",,,,,,600,2,"E","I","A","GREEN VALLEY RD","COSTALOTTA DR",71,"W","N","2016-02-25",9245,"2016-02-22",503,"012833",,"3","9","0","2",,"2","011","-","N",,0,0,,,0,,,,"Y",1,"A","-",21650,,"N","A","H","-","D","D","0","Y","D","22",0,1,0,0,0,0,0,0,0,"-","-","UNINCORPORATED","EL DORADO","CA",-120.88642,38.71258