"CASEID","POINT_X","POINT_Y","YEAR_","LOCATION","CHPTYPE","DAYWEEK","CRASHSEV","VIOLCAT","KILLED","INJURED","WEATHER1","PEDCOL","BICCOL","MCCOL","TRUCKCOL","ETOH","TIMECAT","MONTH_","CRASHTYP","INVOLVE","PED","PRIMARYRD","SECONDRD","DISTANCE","DIRECT","INTERSECT_","PROCDATE","JURIS","DATE_","TIME_","BADGE","JURIDIST","SHIFT","POP","SPECIAL","BEATTYPE","LAPDDIV","BEATCLAS","BEATNUMB","WEATHER2","STATEHW","CALTRANC","CALTRAND","STROUTE","ROUTESUF","POSTPRE","POSTMILE","LOCATYPE","RAMP","SIDEHW","TOWAWAY","PARTIES","PCF","VIOLCODE","VIOL","VIOLSUB","HITRUN","ROADSURF","RDCOND1","RDCOND2","LIGHTING","RIGHTWAY","CHPRDTYP","NOTPRIV","STFAULT","CHPFAULT","SEVINJ","OTHERINJ","COP","PEDKILL","PEDINJ","BICKILL","BICINJ","MCKILL","MCINJURE","RAMP1","RAMP2","CITY","COUNTY","STATE","X_CHP","Y_CHP"
"90123656",-120.7702785,38.6950968,2016,"0900","5","5","3","08",0,1,"B",,,,,,2400,2,"E","I","A","QUARRY RD","VINTAGE LN",200,"E","N","2016-02-25",9245,"2016-02-19",2320,"018782",,"3","9","0","3",,"2","004","-","N",,0,0,,,0,,,,"Y",1,"A","-",22107,,"N","A","H","-","D","D","0","Y","D","22",0,1,0,0,0,0,0,0,0,"-","-","UNINCORPORATED","EL DORADO","CA",-120.77037,38.6951
"90123588",0,0,2016,"0900","2","6","3","01",0,1,"A",,,"Y",,"Y",1800,2,"F","A","A","US-50 E/B","PONDEROSA ROAD",196,"W","N","2016-02-25",9245,"2016-02-13",1612,"017089",,"2","9","0","1",,"2","110","-","Y",,0,0,,,0,,,,"Y",1,"A","-",23152,"A","N","A","H","-","A","D","0","Y","C","02",0,1,0,0,0,0,0,0,1,"-","-","UNINCORPORATED","EL DORADO","CA",0,0
"90123527",-120.9986738,38.6581665,2016,"0900","5","5","4","11",0,1,"A","Y",,,,,900,2,"G","B","D","CAMBRIDGE RD","MERRYCHASE DR",163,"N","N","2016-02-25",9245,"2016-02-12",620,"016465",,"1","9","0","3",,"2","001","-","N",,0,0,,,0,,,,"N",2,"A","-",21954,"A","N","A","H","-","D","A","0","Y","N","60",0,0,1,0,1,0,0,0,0,"-","-","UNINCORPORATED","EL DORADO","CA",-120.99874,38.65818
"90122232",-120.691682,38.6464718,2016,"0900","5","5","4","08",0,1,"A",,,,,,1800,2,"E","I","A","SAND RIDGE RD","BUCKS BAR RD",99,"W","N","2016-02-23",9245,"2016-02-19",1633,"018502",,"2","9","0","3",,"2","004","-","Y",,0,0,,,0,,,,"Y",1,"A","-",22107,,"N","A","H","-","A","D","0","Y","A","07",0,0,1,0,0,0,0,0,0,"-","-","UNINCORPORATED","EL DORADO","CA",-120.69163,38.64646
"90121943",-120.9222232,38.6513642,2016,"0900","5","4","4","01",0,1,"B",,,,,"Y",2100,2,"F","A","A","FRENCH CREEK ROAD","LORRAIN STREET",1584,"S","N","2016-02-23",9245,"2016-02-18",1855,"017089",,"2","9","0","3",,"2","003","-","N",,0,0,,,0,,,,"Y",1,"A","-",23152,"A","N","B","H","-","D","D","0","Y","A","01",0,0,1,0,0,0,0,0,0,"-","-","UNINCORPORATED","EL DORADO","CA",0,0
"90121937",0,0,2016,"0900","5","4","4","07",0,1,"B",,,,,,1500,2,"B","C","A","US-50 E/B","LATROBE ROAD",2112,"W","N","2016-02-23",9245,"2016-02-18",1410,"017089",,"2","9","0","3",,"2","003","-","Y",,0,0,,,0,,,,"Y",2,"A","-",21658,"A","N","B","H","-","A","D","0","Y","A","08",0,0,1,0,0,0,0,0,0,"-","-","UNINCORPORATED","EL DORADO","CA",0,0
"90121858",0,0,2016,"0900","2","3","4","09",0,1,"A",,,,,,2100,2,"D","C","A","US-50","CAMINO HEIGHTS DR",0,,"Y","2016-02-23",9245,"2016-02-17",1815,"017737",,"2","9","0","1",,"2","140","-","Y",,0,0,,,0,,,,"Y",2,"A","-",21801,"A","N","A","H","-","C","D","0","Y","A","01",0,0,1,0,0,0,0,0,0,"-","-","UNINCORPORATED","EL DORADO","CA",-120.71087,38.73669
"90121803",-121.066754,38.6744154,2016,"0900","5","2","4","03",0,2,"B",,,,,,300,2,"C","C","A","SILVA VALLEY PARKWAY","WALKER PARK DRIVE",38,"S","N","2016-02-23",9245,"2016-02-16",150,"015263",,"3","9","0","3",,"2","001","-","N",,0,0,,,0,,,,"Y",2,"A","-",22350,,"N","A","H","-","C","A","0","Y","A","07",0,0,2,0,0,0,0,0,0,"-","-","UNINCORPORATED","EL DORADO","CA",-121.35953,38.40276
"90121464",-120.9129331,38.794064,2016,"0900","4","7","3","01",0,1,"A",,,,,"Y",300,2,"E","I","A","LOTUS RD","FLAPJACK LN",500,"S","N","2016-02-23",9245,"2016-02-14",100,"018656",,"3","9","0","2",,"1","013","-","N",,0,0,,,0,,,,"Y",1,"A","-",23152,"A","N","A","H","-","D","D","0","Y","A","07",0,1,0,0,0,0,0,0,0,"-","-","UNINCORPORATED","EL DORADO","CA",-120.91276,38.79416
"90121079",0,0,2016,"0900","4","5","3","01",0,1,"A",,,,,,2400,2,"E","I","A","BLACK BART AVE","JACK BELL CT",5,"E","N","2016-02-22",9246,"2016-02-12",2218,"018629",,"3","9","0","2",,"1","026","-","N",,0,0,,,0,,,,"Y",1,"A","-",23152,"E","N","A","H","-","D","D","0","Y","A","01",0,1,0,0,0,0,0,0,0,"-","-","UNINCORPORATED","EL DORADO","CA",-119.9636,38.9126
"90121073",-120.8303523,38.706214,2016,"0900","4","3","4","21",0,1,"B",,,,,,1200,2,"C","C","A","MISSOURI FLAT ROAD","FORNI RD",160,"S","N","2016-02-22",9245,"2016-02-10",1115,"013463",,"1","9","0","2",,"1","037","-","N",,0,0,,,0,,,,"Y",2,"A","-",22106,,"N","A","H","-","A","D","0","Y","D","22",0,0,1,0,0,0,0,0,0,"-","-","UNINCORPORATED","EL DORADO","CA",-120.83024,38.70619
"90121055",-120.9943514,38.6924225,2016,"0900","4","7","4","08",0,1,"A",,,,,,1200,2,"F","A","A","CAMERON PARK DRIVE ","LA CANADA DR",1056,"S","N","2016-02-22",9245,"2016-02-07",945,"015563",,"1","9","0","2",,"1","015","-","N",,0,0,,,0,,,,"Y",1,"A","-",22107,,"N","A","H","-","A","D","0","Y","A","01",0,0,1,0,0,0,0,0,0,"-","-","UNINCORPORATED","EL DORADO","CA",-120.99404,38.69188
"90121045",-120.8212856,38.8201957,2016,"0900","3","1","4","08",0,1,"A",,,,,,1500,2,"E","I","A","STATE ROUTE 193","GARDEN VALLEY RD",1584,"N","N","2016-02-22",9245,"2016-02-08",1430,"013463",,"2","9","0","1",,"1","122","-","Y",,0,0,,,0,,,,"Y",1,"A","-",22107,,"N","A","H","-","A","D","0","Y","A","01",0,0,1,0,0,0,0,0,0,"-","-","UNINCORPORATED","EL DORADO","CA",-120.822,38.82194
"90119813",-120.0853583,38.950687,2016,"0900","3","5","3","03",0,1,"A",,,,,,1500,2,"D","C","A","SR-89","SUGAR PINE RD",3168,"N","N","2016-02-22",9246,"2016-02-12",1200,"017757",,"1","9","0","1",,"1","030","-","Y",,0,0,,,0,,,,"N",2,"A","-",22350,,"N","D","H","-","A","D","0","Y","A","01",0,1,0,0,0,0,0,0,0,"-","-","UNINCORPORATED","EL DORADO","CA",-120.08426,38.9515
"90118883",-120.8100775,38.6954571,2016,"0900","4","7","4","09",0,1,"B",,,"Y",,,1500,2,"D","C","A","PLEASANT VALLEY ROAD","RACQUET WAY",120,"W","N","2016-02-18",9245,"2016-02-14",1255,"013342",,"1","9","0","2",,"1","041","-","N",,0,0,,,0,,,,"Y",2,"A","-",21801,"A","N","A","H","-","A","D","0","Y","A","01",0,0,1,0,0,0,0,0,1,"-","-","UNINCORPORATED","EL DORADO","CA",-120.81015,38.69526
"90118811",-120.8574638,38.590213,2016,"0900","5","7","2","08",0,1,"A",,,"Y",,,2100,2,"F","A","A","CRYSTAL BLVD","MICA ST",15,"N","N","2016-02-18",9245,"2016-02-14",1905,"015421",,"2","9","0","3",,"2","003","-","N",,0,0,,,0,,,,"N",1,"A","-",22107,,"N","A","H","-","B","D","0","Y","C","06",1,0,0,0,0,0,0,0,1,"-","-","UNINCORPORATED","EL DORADO","CA",-120.85747,38.59024
"90118778",0,0,2016,"0900","3","6","4","18",0,1,"A",,,,,,1800,2,"E","I","A","SR193 (GEORGETOWN ROAD)","LIGAYA LN",0,,"N","2016-02-18",9245,"2016-02-13",1618,"017364",,"2","9","0","1",,"1","122","-","Y",,0,0,,,0,,,,"Y",1,"C","-",0,,"N","A","H","-","A","D","0","Y","-","-",0,0,1,0,0,0,0,0,0,"-","-","UNINCORPORATED","EL DORADO","CA",-120.99745,38.89272
"90116315",0,0,2016,"0900","2","7","4","03",0,1,"A",,,,,,1800,2,"C","C","A","RT 50","JOHNSON PASS RD",1056,"W","N","2016-02-16",9246,"2016-02-14",1747,"014471",,"2","9","0","1",,"1","021","-","Y",,0,0,,,0,,,,"Y",2,"A","-",22350,,"N","A","H","-","B","D","0","Y","A","01",0,0,1,0,0,0,0,0,0,"-","-","UNINCORPORATED","EL DORADO","CA",-120.03114,38.4954
"90116141",-120.5690144,38.7567561,2016,"0900","5","7","3","01",0,1,"A",,,,,"Y",2400,2,"E","I","A","GOLD RIDGE TRL","AMBER TRL",175,"S","N","2016-02-16",9245,"2016-02-07",2155,"017756",,"2","9","0","3",,"2","004","-","N",,0,0,,,0,,,,"Y",1,"A","-",23152,"A","N","A","H","-","D","D","0","Y","A","07",0,1,0,0,0,0,0,0,0,"-","-","UNINCORPORATED","EL DORADO","CA",-120.5663,38.7561
"90116029",-121.0777431,38.7141051,2016,"0900","4","5","4","14",0,1,"A",,"Y",,,,2100,2,"D","G","A","SALMON FALLS ROAD","LAKEHILLS DRIVE",0,,"Y","2016-02-16",9245,"2016-02-05",1815,"017089",,"2","9","0","2",,"2","012","-","N",,0,0,,,0,,,,"N",2,"A","-",21201,"D","N","A","H","-","D","D","0","Y","A","07",0,0,1,0,0,0,1,0,0,"-","-","UNINCORPORATED","EL DORADO","CA",-121.07768,38.71406
"90115944",0,0,2016,"0900","3","6","4","03",0,1,"A",,,,,,1800,2,"C","C","A","SR-89 ","VIKINGSHOLM STATE PK",528,"N","N","2016-02-16",9246,"2016-02-06",1555,"017757",,"2","9","0","1",,"1","031","-","Y",,0,0,,,0,,,,"N",2,"A","-",22350,,"N","A","H","-","A","D","0","Y","D","22",0,0,1,0,0,0,0,0,0,"-","-","UNINCORPORATED","EL DORADO","CA",-120.10907,38.95654
"90114477",-120.5382462,38.6452265,2016,"0900","5","7","4","08",0,1,"A",,,,,,900,2,"E","I","A","STRING CANYON RD","WILD BEE RD",2,"E","N","2016-02-12",9245,"2016-02-07",855,"012315",,"1","9","0","3",,"2","004","-","N",,0,0,,,0,,,,"Y",1,"A","-",22107,,"N","B","H","-","A","D","0","Y","A","01",0,0,1,0,0,0,0,0,0,"-","-","UNINCORPORATED","EL DORADO","CA",-120.53856,38.64517
"90114461",-120.6105338,38.7504227,2016,"0900","4","2","3","01",0,1,"A",,,,,,2400,2,"E","I","A","PONY EXPRESS TRAIL","PINE HAVEN DR",125,"E","N","2016-02-12",9245,"2016-02-09",2245,"015607",,"3","9","0","2",,"1","025","-","N",,0,0,,,0,,,,"Y",1,"A","-",23152,"E","N","A","H","-","D","D","0","Y","A","07",0,1,0,0,0,0,0,0,0,"-","-","UNINCORPORATED","EL DORADO","CA",-120.36362,38.45183
"90112863",-120.8720436,38.6788338,2016,"0900","5","7","3","01",0,1,"A",,,,,"Y",2100,2,"A","C","A","MOTHER LODE DRIVE","DAVIDSON RD",515,"W","N","2016-02-10",9245,"2016-02-07",2045,"015421",,"2","9","0","3",,"2","003","-","N",,0,0,,,0,,,,"Y",2,"A","-",23152,"A","N","A","H","-","D","D","0","Y","A","01",0,1,0,0,0,0,0,0,0,"-","-","UNINCORPORATED","EL DORADO","CA",-120.87122,38.67807
"90112514",-120.9825131,38.8986551,2016,"0900","3","7","4","09",0,2,"A",,,,,,1200,2,"D","C","A","STATE ROUTE 193","CRAMER RD",0,,"Y","2016-02-10",9245,"2016-02-07",915,"013463",,"1","9","0","1",,"1","122","-","Y",,0,0,,,0,,,,"Y",2,"A","-",21802,"A","N","A","H","-","A","D","0","Y","A","01",0,0,2,0,0,0,0,0,0,"-","-","UNINCORPORATED","EL DORADO","CA",-120.98253,38.89866
"90111912",0,0,2016,"0900","3","1","4","18",0,1,"B",,,,,,600,2,"E","J","A","SR-193 W/B","WINDWALKER TRAIL ROAD",100,"W","N","2016-02-09",9245,"2016-02-08",345,"015263",,"3","9","0","1",,"1","122","-","Y",,0,0,,,0,,,,"Y",1,"C","-",0,,"N","A","C","-","D","D","0","Y","-","-",0,0,1,0,0,0,0,0,0,"-","-","UNINCORPORATED","EL DORADO","CA",-120.83321,38.87336
"90111439",-120.0587711,38.8247954,2016,"0900","2","5","4","01",0,1,"B",,,,,"Y",300,1,"F","A","A","US-50","AUDRAIN WAY",30,"W","N","2016-02-08",9246,"2016-01-29",235,"018629",,"3","9","0","1",,"1","021","C","Y",,0,0,,,0,,,,"Y",1,"A","-",23152,"A","N","B","H","-","D","D","0","Y","A","01",0,0,1,0,0,0,0,0,0,"-","-","UNINCORPORATED","EL DORADO","CA",-120.0324,38.4931
"90111398",0,0,2016,"0900","3","2","3","01",0,1,"A",,,,,"Y",2100,2,"E","I","A","SR-49 N/B","RATTLESNAKE BAR RD",2825,"N","N","2016-02-08",9245,"2016-02-02",2045,"012833",,"2","9","0","1",,"1","115","-","Y",,0,0,,,0,,,,"Y",1,"A","-",23152,"A","N","A","H","-","D","D","0","Y","A","01",0,1,0,0,0,0,0,0,0,"-","-","UNINCORPORATED","EL DORADO","CA",-121.01219,38.84888
"90111409",0,0,2016,"0900","2","3","4","08",0,1,"A",,,,,,600,2,"E","I","A","US-50 E/B","RIVERSIDE",120,"E","N","2016-02-08",9245,"2016-02-03",330,"015263",,"3","9","0","1",,"1","170","B","Y",,0,0,,,0,,,,"Y",1,"A","-",22107,,"N","C","H","-","D","D","0","Y","D","22",0,0,1,0,0,0,0,0,0,"-","-","UNINCORPORATED","EL DORADO","CA",-120.17205,38.46208
"90111058",-120.8664627,38.7203086,2016,"0900","4","1","4","01",0,1,"A",,,,,,1800,2,"E","I","A","GREEN VALLEY RD","MISSOURI FLAT RD",137,"E","N","2016-02-08",9245,"2016-02-01",1643,"015607",,"2","9","0","2",,"2","011","-","N",,0,0,,,0,,,,"Y",1,"A","-",23152,"E","N","A","H","-","A","D","0","Y","A","01",0,0,1,0,0,0,0,0,0,"-","-","UNINCORPORATED","EL DORADO","CA",-120.8663,38.7202
"90111004",0,0,2016,"0900","5","1","4","03",0,1,"A",,,,,,1800,2,"C","C","A","PLEASANT VALLEY ROAD","CANNON CT",15,"W","N","2016-02-08",9245,"2016-02-01",1725,"015421",,"2","9","0","3",,"2","003","-","N",,0,0,,,0,,,,"N",2,"A","-",22350,,"N","A","H","-","A","D","0","Y","D","22",0,0,1,0,0,0,0,0,0,"-","-","UNINCORPORATED","EL DORADO","CA",-120.83613,38.68535
"90110887",-120.8457918,38.5645501,2016,"0900","3","6","4","08",0,1,"B",,,,,,1800,1,"E","I","A","SR-49","SANDRIDGE ROAD",9504,"S","N","2016-02-08",9245,"2016-01-30",1620,"018466",,"2","9","0","1",,"1","135","-","Y",,0,0,,,0,,,,"Y",1,"A","-",22107,,"N","A","H","-","A","A","0","Y","A","08",0,0,1,0,0,0,0,0,0,"-","-","UNINCORPORATED","EL DORADO","CA",-120.84585,38.56579
"90110783",-120.8575655,38.6841367,2016,"0900","5","3","4","05",0,1,"A",,,"Y",,,1800,1,"E","I","A","EL DORADO ROAD","PLEASANT VALLEY RD",1056,"N","N","2016-02-08",9245,"2016-01-27",1500,"018466",,"2","9","0","3",,"2","003","-","N",,0,0,,,0,,,,"Y",1,"A","-",21650,,"N","A","H","-","A","D","0","Y","C","02",0,0,1,0,0,0,0,0,1,"-","-","UNINCORPORATED","EL DORADO","CA",-120.85765,38.68452
"90110274",-120.7532776,38.6756536,2016,"0900","5","1","2","05",0,5,"A",,,,,,1800,2,"B","C","A","PLEASANT VALLEY RD","HANKS EXCHANGE RD",300,"W","N","2016-02-29",9245,"2016-02-01",1710,"017737",,"2","9","0","3",,"2","004","-","N",,0,0,,,0,,,,"Y",3,"A","-",21460,"A","N","A","H","-","B","D","0","Y","D","22",1,2,2,0,0,0,0,0,0,"-","-","UNINCORPORATED","EL DORADO","CA",-120.7539,38.67573
"90110031",0,0,2016,"0900","2","6","3","01",0,3,"B",,,,,"Y",1500,1,"F","A","A","US-50 E/B","COUNTY RD 1022",242,"E","N","2016-02-05",9245,"2016-01-30",1436,"018663",,"2","9","0","1",,"2","140","-","Y",,0,0,,,0,,,,"Y",1,"A","-",23152,"A","N","B","H","-","A","D","0","Y","A","08",0,1,2,0,0,0,0,0,0,"-","-","UNINCORPORATED","EL DORADO","CA",-120.43445,38.44189
"90108168",-120.6731658,38.6909489,2016,"0900","4","4","4","03",0,1,"C",,,,,,1800,1,"F","A","A","PLEASANT VALLEY ROAD","LOCKE RD",120,"W","N","2016-02-03",9245,"2016-01-28",1700,"018466",,"2","9","0","2",,"1","037","-","N",,0,0,,,0,,,,"Y",1,"A","-",22350,,"N","B","H","-","D","D","0","Y","A","01",0,0,1,0,0,0,0,0,0,"-","-","UNINCORPORATED","EL DORADO","CA",-120.67305,38.69088
"90107664",-120.9793958,38.6724948,2016,"0900","4","4","4","08",0,1,"B",,,,,,900,1,"E","I","A","CAMERON PARK DRIVE","OXFORD ROAD",1848,"S","N","2016-02-02",9245,"2016-01-28",730,"013929",,"1","9","0","2",,"1","015","-","N",,0,0,,,0,,,,"Y",1,"A","-",22107,,"N","A","H","-","A","D","0","Y","A","07",0,0,1,0,0,0,0,0,0,"-","-","UNINCORPORATED","EL DORADO","CA",-120.9783,38.67304
"90107512",-120.8314311,38.6886321,2016,"0900","5","2","4","11",0,1,"A","Y",,,,"Y",1800,1,"G","B","D","PATTERSON DR","PLEASANT VALLEY RD",100,"S","N","2016-02-02",9245,"2016-01-26",1535,"015607",,"2","9","0","3",,"2","004","-","N",,0,0,,,0,,,,"N",2,"A","-",21954,"A","N","A","H","-","A","D","0","Y","N","60",0,0,1,0,1,0,0,0,0,"-","-","UNINCORPORATED","EL DORADO","CA",-120.8314,38.6886
"90107497",-120.4603367,38.7748835,2016,"0900","2","2","4","05",0,3,"A",,,,,"Y",1500,1,"A","C","A","US-50","ICE HOUSE RD",4752,"W","N","2016-02-02",9245,"2016-01-26",1240,"012315",,"1","9","0","1",,"2","150","-","Y",,0,0,,,0,,,,"Y",3,"A","-",21651,"A","N","B","H","-","A","D","0","Y","A","07",0,0,3,0,0,0,0,0,0,"-","-","UNINCORPORATED","EL DORADO","CA",-120.46011,38.77379
"90106538",0,0,2016,"0900","5","3","4","09",0,3,"B",,,,,,900,1,"D","C","A","SILVA VALLEY PKY","ENTRADA DR",1056,"S","N","2016-02-01",9245,"2016-01-20",745,"018502",,"1","9","0","3",,"2","001","-","Y",,0,0,,,0,,,,"Y",3,"A","-",21804,"A","N","B","H","-","A","A","0","Y","A","01",0,0,3,0,0,0,0,0,0,"-","-","UNINCORPORATED","EL DORADO","CA",-121.05993,38.66316
"90106523",-120.8569731,38.718265,2016,"0900","4","7","3","06",0,1,"B",,,,,,1200,1,"D","C","A","MISSOURI FLAT ROAD","LIFE WAY",0,,"Y","2016-02-01",9245,"2016-01-17",1030,"013463",,"1","9","0","2",,"2","011","-","N",,0,0,,,0,,,,"Y",2,"A","-",21750,,"N","A","H","-","A","D","0","Y","A","01",0,1,0,0,0,0,0,0,0,"-","-","UNINCORPORATED","EL DORADO","CA",-120.85657,38.71811
"90105640",-120.5658434,38.7593807,2016,"0900","5","5","3","01",0,1,"B",,,,,"Y",2100,1,"E","I","A","SLY PARK RD","ROCKY RD",214,"S","N","2016-01-29",9245,"2016-01-22",1802,"018663",,"2","9","0","3",,"2","004","C","N",,0,0,,,0,,,,"Y",1,"A","-",23152,"A","N","B","H","-","D","D","0","Y","A","07",0,1,0,0,0,0,0,0,0,"-","-","UNINCORPORATED","EL DORADO","CA",-120.56495,38.75943
"90105601",-120.8235381,38.6928419,2016,"0901","4","5","4","09",0,1,"B",,,,,,1500,1,"D","C","A","PLEASANT VALLEY RD","MISSOURI FLAT RD",35,"W","N","2016-02-04",9245,"2016-01-22",1245,"018502",,"1","2","0","2",,"1","041","C","Y",,0,0,,,0,,,,"N",2,"A","-",21453,"B","N","A","H","-","A","A","0","Y","A","01",0,0,1,0,0,0,0,0,0,"-","-","PLACERVILLE","EL DORADO","CA",-120.82371,38.69288
"90105564",-121.085463,38.709465,2016,"0900","4","4","4","09",0,1,"A",,,,,,900,1,"B","C","A","GREEN VALLEY RD","FRANCISCO DR",0,,"Y","2016-01-29",9245,"2016-01-21",655,"018656",,"1","9","0","2",,"2","011","-","N",,0,0,,,0,,,,"Y",2,"A","-",21453,"C","N","A","H","-","A","A","0","Y","D","22",0,0,1,0,0,0,0,0,0,"-","-","UNINCORPORATED","EL DORADO","CA",-121.08555,38.70942
"90105493",-121.0064842,38.5844415,2016,"0900","4","3","4","03",0,1,"B",,,,,,300,1,"E","I","A","LATROBE ROAD","SUNRIDGE MEADOW ROAD",1255,"S","N","2016-01-29",9245,"2016-01-20",10,"012833",,"3","9","0","2",,"2","031","-","N",,0,0,,,0,,,,"Y",1,"A","-",22350,,"N","B","H","-","D","D","0","Y","A","01",0,0,1,0,0,0,0,0,0,"-","-","UNINCORPORATED","EL DORADO","CA",-121.01147,38.58921
"90105441",-120.8193239,38.7961071,2016,"0900","5","3","3","08",0,1,"A",,,,,,1800,1,"E","I","A","SR-193","N KELSEY AVE",250,"S","N","2016-01-29",9245,"2016-01-20",1740,"017756",,"2","9","0","3",,"2","002","-","Y",,0,0,,,0,,,,"Y",1,"A","-",22107,,"N","A","H","-","D","D","0","Y","D","22",0,1,0,0,0,0,0,0,0,"-","-","UNINCORPORATED","EL DORADO","CA",-120.8193,38.8062
"90104696",0,0,2016,"0900","5","7","3","01",0,1,"B",,,,,"Y",2100,1,"E","I","A","SOPHIA PARKWAY","SOCRATES PLACE",30,"S","N","2016-01-28",9245,"2016-01-17",1905,"015607",,"2","9","0","3",,"2","001","-","N",,0,0,,,0,,,,"Y",1,"A","-",23152,"A","N","B","H","-","D","D","0","Y","D","22",0,1,0,0,0,0,0,0,0,"-","-","UNINCORPORATED","EL DORADO","CA",-121.1038,38.69529
"90104088",-120.790273,38.7317851,2016,"0900","2","6","4","07",0,2,"B",,,,"Y",,1200,1,"C","C","A","RT 50","MOSQUITO ROAD",0,,"N","2016-01-27",9245,"2016-01-16",1140,"013929",,"1","9","0","1",,"2","140","C","Y",,0,0,,,0,,,,"Y",3,"A","-",21658,"A","F","B","H","-","A","D","0","Y","-","99",0,0,2,0,0,0,0,0,0,"-","-","UNINCORPORATED","EL DORADO","CA",-120.78991,38.73171
"90102084",-119.9754003,38.890016,2016,"0900","4","7","3","17",0,4,"A",,,,,,300,1,"D","C","A","PIONEER TR","JICARILLA DR",528,"N","N","2016-01-25",9246,"2016-01-24",120,"019064",,"3","9","0","2",,"1","024","-","N",,0,0,,,0,,,,"Y",3,"A","-",21662,"A","N","C","H","-","D","D","0","Y","A","01",0,3,1,0,0,0,0,0,0,"-","-","UNINCORPORATED","EL DORADO","CA",-119.97507,38.89043
"90102062",-119.997783,38.8649251,2016,"0900","4","7","4","09",0,1,"B",,,,,,1200,1,"D","C","A","PIONEER TR","ONEIDAS ST",0,,"Y","2016-01-25",9246,"2016-01-24",1130,"016041",,"1","9","0","2",,"1","024","-","N",,0,0,,,0,,,,"Y",2,"A","-",21801,"A","N","B","H","-","A","D","0","Y","A","01",0,0,1,0,0,0,0,0,0,"-","-","UNINCORPORATED","EL DORADO","CA",-119.99772,38.86499
"90100986",-120.7069,38.6929674,2016,"0900","4","3","4","03",0,1,"A",,,,,,1800,1,"E","I","A","PLEASANT VALLEY RD","SAVAGE RD",437,"E","N","2016-01-22",9245,"2016-01-20",1735,"017897",,"2","9","0","2",,"1","041","-","N",,0,0,,,0,,,,"Y",1,"A","-",22350,,"N","A","H","-","D","D","0","Y","A","07",0,0,1,0,0,0,0,0,0,"-","-","UNINCORPORATED","EL DORADO","CA",-120.70805,38.69323
"90100942",0,0,2016,"0900","4","6","4","07",0,2,"B",,,,,,1500,1,"B","C","A","GREEN VALLEY RD","SOPHIA PKWY",95,"E","N","2016-01-22",9245,"2016-01-16",1220,"015262",,"1","9","0","2",,"2","011","-","N",,0,0,,,0,,,,"Y",2,"A","-",21658,"A","N","B","H","-","A","A","0","Y","D","22",0,0,2,0,0,0,0,0,0,"-","-","UNINCORPORATED","EL DORADO","CA",-121.106,38.7015
"90100906",-121.0116054,38.5893613,2016,"0900","4","2","3","03",0,1,"B",,,"Y",,,2400,1,"E","I","A","LATROBE ROAD","SUN RIDGE MEADOW RD",1095,"N","N","2016-01-22",9245,"2016-01-19",2205,"012833",,"3","9","0","2",,"2","031","-","N",,0,0,,,0,,,,"Y",1,"A","-",22350,,"N","B","H","-","D","D","0","Y","C","02",0,1,0,0,0,0,0,0,1,"-","-","UNINCORPORATED","EL DORADO","CA",-121.01217,38.58967
"90100904",0,0,2016,"0900","5","1","4","03",0,1,"B",,,,,,600,1,"E","I","A","OUTINGDALE RD","MOUNT AUKUM RD",145,"E","N","2016-01-22",9245,"2016-01-18",352,"012833",,"3","9","0","3",,"2","004","C","N",,0,0,,,0,,,,"Y",1,"A","-",22350,,"N","B","H","-","D","D","0","Y","A","07",0,0,1,0,0,0,0,0,0,"-","-","UNINCORPORATED","EL DORADO","CA",-120.70306,38.6163
"90100487",0,0,2016,"0900","2","6","3","03",0,1,"B",,,,,,1500,1,"C","C","A","US-50 W/B","PLACERVILLE DR",2,"E","N","2016-01-22",9245,"2016-01-16",1320,"018502",,"1","9","0","1",,"2","120","C","Y",,0,0,,,0,,,,"Y",2,"A","-",22350,,"N","B","H","-","A","D","0","Y","A","01",0,1,0,0,0,0,0,0,0,"-","-","UNINCORPORATED","EL DORADO","CA",-120.8167,38.7306
"90100244",0,0,2016,"0900","5","5","4","08",0,1,"C","Y",,,,,2400,1,"H","B","F","SOUTH SHINGLE ROAD","MEDER RD",60,"S","N","2016-01-21",9245,"2016-01-15",2355,"018624","9245","3","9","0","3",,"2","003","-","N",,0,0,,,0,,,,"N",2,"A","-",22107,,"F","B","H","-","C","D","0","Y","-","99",0,0,1,0,1,0,0,0,0,"-","-","UNINCORPORATED","EL DORADO","CA",-120.93708,38.66123
"90100225",-120.5571718,38.7520107,2016,"0901","4","5","3","18",0,1,"B",,,,,,1200,1,"E","I","A","SLY PARK RD","ONYX TRL",324,"N","N","2016-01-21",9245,"2016-01-15",955,"015262",,"1","2","0","2",,"1","043","-","N",,0,0,,,0,,,,"Y",1,"C","-",0,,"N","C","H","-","A","A","0","Y","-","-",0,1,0,0,0,0,0,0,0,"-","-","PLACERVILLE","EL DORADO","CA",-120.5572,38.7515
"90100128",-120.9370501,38.6640539,2016,"0900","4","4","4","03",0,2,"B",,,,,,900,1,"C","C","A","N. SHINGLE ROAD","SPORTS CLUB DR",1056,"W","N","2016-01-21",9245,"2016-01-14",837,"018502",,"1","9","0","2",,"1","013","-","Y",,0,0,,,0,,,,"N",2,"A","-",22350,,"N","B","H","-","A","D","0","Y","D","22",0,0,2,0,0,0,0,0,0,"-","-","UNINCORPORATED","EL DORADO","CA",-120.93134,38.66662