"CASEID","POINT_X","POINT_Y","YEAR_","LOCATION","CHPTYPE","DAYWEEK","CRASHSEV","VIOLCAT","KILLED","INJURED","WEATHER1","PEDCOL","BICCOL","MCCOL","TRUCKCOL","ETOH","TIMECAT","MONTH_","CRASHTYP","INVOLVE","PED","PRIMARYRD","SECONDRD","DISTANCE","DIRECT","INTERSECT_","PROCDATE","JURIS","DATE_","TIME_","BADGE","JURIDIST","SHIFT","POP","SPECIAL","BEATTYPE","LAPDDIV","BEATCLAS","BEATNUMB","WEATHER2","STATEHW","CALTRANC","CALTRAND","STROUTE","ROUTESUF","POSTPRE","POSTMILE","LOCATYPE","RAMP","SIDEHW","TOWAWAY","PARTIES","PCF","VIOLCODE","VIOL","VIOLSUB","HITRUN","ROADSURF","RDCOND1","RDCOND2","LIGHTING","RIGHTWAY","CHPRDTYP","NOTPRIV","STFAULT","CHPFAULT","SEVINJ","OTHERINJ","COP","PEDKILL","PEDINJ","BICKILL","BICINJ","MCKILL","MCINJURE","RAMP1","RAMP2","CITY","COUNTY","STATE","X_CHP","Y_CHP"
"90100059",0,0,2016,"0900","5","4","4","03",0,2,"C",,,,"Y",,1800,1,"E","J","A","MARSHALL RD","SCOTT RD",1584,"N","N","2016-01-21",9245,"2016-01-14",1555,"018466",,"2","9","0","3",,"2","002","-","N",,0,0,,,0,,,,"Y",1,"A","-",22350,,"N","B","H","-","A","D","0","Y","F","26",0,0,2,0,0,0,0,0,0,"-","-","UNINCORPORATED","EL DORADO","CA",-120.89635,38.81609
"90099837",-120.7362724,38.5470929,2016,"0900","4","4","4","08",0,1,"B",,,,,,2100,1,"E","I","A","MOUNT AUKUM RD","DEAN RD",171,"N","N","2016-01-21",9245,"2016-01-14",1801,"017897",,"2","9","0","2",,"1","042","C","N",,0,0,,,0,,,,"Y",1,"A","-",22107,,"N","B","H","-","D","D","0","Y","A","01",0,0,1,0,0,0,0,0,0,"-","-","UNINCORPORATED","EL DORADO","CA",-120.73682,38.54678
"90098300",-120.9419554,38.7638724,2016,"0900","5","1","3","01",0,1,"A",,,,,"Y",1800,1,"E","I","A","SPRINGVALE RD","ROSSLER RD",121,"N","N","2016-01-19",9245,"2016-01-11",1600,"017756",,"2","9","0","3",,"2","001","-","N",,0,0,,,0,,,,"Y",1,"A","-",23152,"A","N","A","H","-","A","D","0","Y","A","01",0,1,0,0,0,0,0,0,0,"-","-","UNINCORPORATED","EL DORADO","CA",0,0
"90098286",-120.9716179,38.6581647,2016,"0900","5","7","3","09",0,1,"B",,,"Y",,,1800,1,"D","C","A","COACH LN","STROLLING HILLS RD",90,"E","N","2016-01-19",9245,"2016-01-10",1655,"015421",,"2","9","0","3",,"2","003","-","N",,0,0,,,0,,,,"Y",2,"A","-",21801,"A","N","A","H","-","B","D","0","Y","A","01",0,1,0,0,0,0,0,0,1,"-","-","UNINCORPORATED","EL DORADO","CA",-120.97151,38.65804
"90098255",-120.844463,38.7238551,2016,"0900","5","1","4","05",0,1,"A",,,,,,1500,1,"A","C","A","GREEN VALLEY RD","OAK KNOLL RD",0,,"Y","2016-01-19",9245,"2016-01-11",1420,"017737",,"2","9","0","3",,"2","002","-","N",,0,0,,,0,,,,"Y",2,"A","-",21460,"A","N","A","H","-","A","D","0","Y","A","01",0,0,1,0,0,0,0,0,0,"-","-","UNINCORPORATED","EL DORADO","CA",-120.84466,38.72354
"90098227",0,0,2016,"0900","2","7","4","08",0,1,"A",,,,,,1200,1,"E","I","A","US-50 W/B","MISSOURI FLAT RD",814,"E","N","2016-01-19",9245,"2016-01-10",1025,"013463",,"1","9","0","1",,"2","120","-","Y",,0,0,,,0,,,,"Y",1,"A","-",22107,,"N","A","H","-","A","D","0","Y","A","01",0,0,1,0,0,0,0,0,0,"-","-","UNINCORPORATED","EL DORADO","CA",-120.83705,38.7152
"90098156",0,0,2016,"0900","5","6","4","03",0,2,"B",,,,,,2400,1,"E","I","A","DUROCK RD","ROBIN LN",1848,"E","N","2016-01-19",9245,"2016-01-09",2235,"018624","9245","3","9","0","3",,"2","003","-","N",,0,0,,,0,,,,"Y",1,"A","-",22350,,"N","B","H","-","D","D","0","Y","A","01",0,0,2,0,0,0,0,0,0,"-","-","UNINCORPORATED","EL DORADO","CA",-120.96566,38.65291
"90098073",0,0,2016,"0900","2","6","3","01",0,5,"B",,,,,"Y",1800,1,"C","C","A","US-50 E/B","SILVA VALLEY PKY",1584,"E","N","2016-01-19",9245,"2016-01-09",1735,"018466",,"2","9","0","1",,"2","110","-","Y",,0,0,,,0,,,,"Y",2,"A","-",23152,"A","N","B","H","-","D","D","0","Y","A","01",0,3,2,0,0,0,0,0,0,"-","-","UNINCORPORATED","EL DORADO","CA",-121.04428,38.65635
"90097696",-120.6693704,38.7013503,2016,"0900","5","5","3","01",0,1,"A",,,,,"Y",2100,1,"E","I","A","NEWTOWN RD","FRIENDSHIP HILL RD",35,"N","N","2016-01-19",9245,"2016-01-01",1848,"017897",,"2","9","0","3",,"2","004","-","N",,0,0,,,0,,,,"Y",1,"A","-",23152,"A","N","A","H","-","D","D","0","Y","A","01",0,1,0,0,0,0,0,0,0,"-","-","UNINCORPORATED","EL DORADO","CA",-120.67,38.70197
"90097246",0,0,2016,"0900","4","3","3","03",0,2,"B",,,,,,1800,1,"B","C","A","PIONEER TR","U.S. HIGHWAY 50",60,"S","N","2016-01-18",9246,"2016-01-13",1620,"016041",,"2","9","0","2",,"1","024","D","Y",,0,0,,,0,,,,"N",2,"A","-",22350,,"N","C","H","-","A","A","0","Y","A","07",0,1,1,0,0,0,0,0,0,"-","-","UNINCORPORATED","EL DORADO","CA",-120.01197,38.85956
"90097205",-120.0316417,38.8476671,2016,"0900","4","6","3","03",0,3,"B",,,,,,2100,1,"A","C","A","NORTH UPPER TRUCKEE RD","OTOMITES ST",1584,"S","N","2016-01-18",9246,"2016-01-09",1846,"018418",,"2","9","0","2",,"1","025","-","N",,0,0,,,0,,,,"Y",2,"A","-",22350,,"N","C","H","-","D","D","0","Y","A","07",0,1,2,0,0,0,0,0,0,"-","-","UNINCORPORATED","EL DORADO","CA",-120.03296,38.85071
"90096309",-120.9609136,38.8958215,2016,"0900","3","6","3","03",0,1,"B",,,,,,1200,1,"E","I","A","SR-193","TEGRA RD",40,"W","N","2016-01-15",9245,"2016-01-09",1057,"018502",,"1","9","0","1",,"1","122","-","Y",,0,0,,,0,,,,"Y",1,"A","-",22350,,"N","B","H","-","A","D","0","Y","D","22",0,1,0,0,0,0,0,0,0,"-","-","UNINCORPORATED","EL DORADO","CA",-120.96243,38.89582
"90095561",-120.8197793,38.799594,2016,"0900","3","5","4","01",0,2,"A",,,,,,1800,1,"E","A","A","SR-193","BAYNE RD",450,"N","N","2016-01-14",9245,"2016-01-01",1530,"018466",,"2","9","0","1",,"1","122","-","Y",,0,0,,,0,,,,"Y",1,"A","-",23152,"E","N","A","H","-","A","D","0","Y","A","07",0,0,2,0,0,0,0,0,0,"-","-","UNINCORPORATED","EL DORADO","CA",-120.81977,38.79966
"90095122",0,0,2016,"0900","2","5","4","08",0,1,"B",,,,,,2400,1,"E","J","A","US-50 W/B","STILL MEADOW RD",1584,"W","N","2016-01-14",9245,"2016-01-08",2309,"018799",,"3","9","0","1",,"2","140","-","Y",,0,0,,,0,,,,"Y",1,"A","-",22107,,"N","A","H","-","D","D","0","Y","A","01",0,0,1,0,0,0,0,0,0,"-","-","UNINCORPORATED","EL DORADO","CA",-120.73634,38.73848
"90094739",-120.8997894,38.6687713,2016,"0900","4","4","4","08",0,1,"A",,,,,,1200,1,"E","I","A","MOTHER LODE DR","DOE ST",720,"W","N","2016-01-13",9245,"2016-01-07",950,"018502",,"1","9","0","2",,"1","039","-","Y",,0,0,,,0,,,,"Y",1,"A","-",22107,,"N","B","H","-","A","D","0","Y","A","01",0,0,1,0,0,0,0,0,0,"-","-","UNINCORPORATED","EL DORADO","CA",-120.90076,34.66857
"90094724",0,0,2016,"0900","5","4","4","03",0,2,"B",,,,,,900,1,"A","C","A","GOLD RIDGE TRL","ONYX TRL",1848,"W","N","2016-01-13",9245,"2016-01-07",810,"012382",,"1","9","0","3",,"2","004","-","N",,0,0,,,0,,,,"Y",2,"A","-",22350,,"N","C","H","-","A","A","0","Y","A","07",0,0,2,0,0,0,0,0,0,"-","-","UNINCORPORATED","EL DORADO","CA",-120.56291,38.75473
"90094686",-121.0143477,38.5925114,2016,"0900","4","4","2","03",0,1,"C",,,,,,900,1,"E","I","A","LATROBE RD","SUN RIDGE MEADOW RD",2500,"N","N","2016-01-13",9245,"2016-01-07",710,"018656",,"1","9","0","2",,"2","031","-","N",,0,0,,,0,,,,"Y",1,"A","-",22350,,"N","B","H","-","A","D","0","Y","A","01",1,0,0,0,0,0,0,0,0,"-","-","UNINCORPORATED","EL DORADO","CA",-121.01322,38.59142
"90094645",-121.0705474,38.6602485,2016,"0900","5","3","3","03",0,1,"B",,,,,,1200,1,"E","I","A","SERRANO PKY","EL DORADO HILLS BLVD",421,"E","N","2016-01-13",9245,"2016-01-06",1110,"013342",,"1","9","0","3",,"2","001","-","N",,0,0,,,0,,,,"Y",1,"A","-",22350,,"N","B","H","-","A","D","0","Y","D","22",0,1,0,0,0,0,0,0,0,"-","-","UNINCORPORATED","EL DORADO","CA",-121.07068,38.66032
"90094594",-121.0300963,38.6573392,2016,"0900","5","3","4","08",0,1,"B",,,,,,1500,1,"B","C","A","BASS LAKE RD","COUNTRY CLUB DR",300,"N","N","2016-01-13",9245,"2016-01-06",1455,"017737",,"2","9","0","3",,"2","001","C","N",,0,0,,,0,,,,"N",2,"A","-",22107,,"N","B","H","-","A","D","0","Y","A","08",0,0,1,0,0,0,0,0,0,"-","-","UNINCORPORATED","EL DORADO","CA",-121.02987,38.65709
"90094543",-121.006313,38.8881351,2016,"0900","5","1","4","09",0,2,"B",,,,,"Y",2100,1,"D","C","A","SR-193","CHERRY ACRES RD",0,,"Y","2016-09-19",9245,"2016-01-04",1905,"015421",,"2","9","0","3",,"2","002","C","Y",,0,0,,,0,,,,"Y",2,"A","-",21802,"A","N","B","H","-","C","D","0","Y","A","07",0,0,2,0,0,0,0,0,0,"-","-","UNINCORPORATED","EL DORADO","CA",-121.02,38.5319
"90094489",-120.9072593,38.9287117,2016,"0900","5","1","3","08",0,1,"B",,,,,,1200,1,"E","I","A","SLIGER MINE RD","BLEU MONT RD",764,"N","N","2016-01-13",9245,"2016-01-04",1120,"016465",,"1","9","0","3",,"2","001","C","N",,0,0,,,0,,,,"Y",1,"A","-",22107,,"N","B","H","-","A","D","0","Y","D","22",0,1,0,0,0,0,0,0,0,"-","-","UNINCORPORATED","EL DORADO","CA",-120.9072,38.92894
"90093765",-120.932493,38.748755,2016,"0900","5","6","3","09",0,6,"A",,,,,,1800,1,"A","C","A","LOTUS RD","SPRINGVALE RD",0,,"Y","2016-02-16",9245,"2016-01-02",1700,"018466",,"2","9","0","3",,"2","001","-","N",,0,0,,,0,,,,"Y",2,"A","-",21801,"A","N","A","H","-","B","D","0","Y","A","01",0,3,3,0,0,0,0,0,0,"-","-","UNINCORPORATED","EL DORADO","CA",-120.9325,38.74878
"90093651",0,0,2016,"0900","2","5","3","03",0,1,"A",,,,,,1500,1,"F","A","A","US-50","HAZEL VALLEY RD",7392,"E","N","2016-01-12",9245,"2016-01-01",1255,"012382",,"1","9","0","1",,"2","150","-","Y",,0,0,,,0,,,,"Y",1,"A","-",22350,,"N","C","H","-","A","A","0","Y","A","01",0,1,0,0,0,0,0,0,0,"-","-","UNINCORPORATED","EL DORADO","CA",-120.48386,38.76501
"90092740",-120.0278709,38.8477365,2016,"0900","2","6","4","03",0,2,"B",,,,,,1800,1,"C","C","A","US-50","SOUTH UPPER TRUCKEE RD",10,"E","N","2016-01-11",9246,"2016-01-02",1530,"017757",,"2","9","0","1",,"1","022","-","Y",,0,0,,,0,,,,"N",4,"A","-",22350,,"N","C","H","-","A","D","0","Y","D","22",0,0,2,0,0,0,0,0,0,"-","-","UNINCORPORATED","EL DORADO","CA",-120.02804,38.84761
"90087386",-120.0164746,38.8537749,2016,"0900","2","5","4","03",0,1,"A",,,,,,1500,1,"C","C","A","US-50","APACHE AVE.",100,"W","N","2016-01-04",9246,"2016-01-01",1350,"017757",,"1","9","0","1",,"1","022","-","Y",,0,0,,,0,,,,"N",2,"A","-",22350,,"N","A","H","-","A","D","0","Y","A","01",0,0,1,0,0,0,0,0,0,"-","-","UNINCORPORATED","EL DORADO","CA",-120.01647,38.85374
"8193889",-119.9862029,38.9253752,2016,"0902","0","5","3","01",0,1,"A","Y",,,,"Y",1800,8,"G","B","B","LAKE TAHOE BL","SIERRA BL",0,,"Y","2017-01-12",902,"2016-08-05",1756,"221","0902","5","3","0","0",,"0",,"-","Y",,0,0,,,0,,,,"Y",2,"A","-",23152,,"F","A","H","-","A","A","0","Y","A","01",0,1,0,0,1,0,0,0,0,"-","-","SOUTH LAKE TAHOE","EL DORADO","CA",0,0
"8192324",0,0,2016,"0902","0","7","3","11",0,1,"A",,"Y",,,,1500,8,"D","G","A","MODESTO AV","HARRISON AV",0,,"Y","2016-12-28",902,"2016-08-28",1302,"194",,"5","3","0","0",,"0",,"-","N",,0,0,,,0,,,,"N",2,"A","-",21461,"5","N","A","H","-","A","A","0","Y","L","04",0,1,0,0,0,0,1,0,0,"-","-","SOUTH LAKE TAHOE","EL DORADO","CA",0,0
"8192015",-120.0017691,38.9149175,2016,"0902","0","7","3","00",0,1,"A",,"Y",,,,2100,9,"B","G","A","LAKE TAHOE BL","LAKE TAHOE BL 2074",0,,"Y","2017-02-28",902,"2016-09-25",1817,"221","0902","5","3","0","0",,"0","00W","-","Y","ED",3,50,"-","-",75.63,"H","-","E","N",2,"D","-",0,,"N","A","H","-","A","D","0","Y","-","-",0,1,0,0,0,0,1,0,0,"-","-","SOUTH LAKE TAHOE","EL DORADO","CA",0,0
"8191677",-119.9716629,38.9320251,2016,"0902","0","3","4","-",0,1,"A",,,,,"Y",1800,11,"C","C","A","AL TAHOE BL","JOHNSON BL",0,,"Y","2017-01-12",902,"2016-11-02",1547,"160",,"5","3","0","0",,"0",,"-","N",,0,0,,,0,,,,"N",2,"A","-",0,,"N","A","H","-","A","A","0","Y","A","07",0,0,1,0,0,0,0,0,0,"-","-","SOUTH LAKE TAHOE","EL DORADO","CA",0,0
"8191540",-119.9959106,38.918954,2016,"0902","0","4","4","01",0,3,"A",,,,"Y","Y",2100,8,"C","C","A","LAKE TAHOE BL","TAHOE KEYS BL",0,,"Y","2017-02-23",902,"2016-08-11",1853,"193","0902","5","3","0","0",,"0","WEST","-","Y","ED",3,50,"-","-",76.05,"H","-","W","Y",2,"A","-",23152,"A","N","A","H","-","B","A","0","Y","F","26",0,0,3,0,0,0,0,0,0,"-","-","SOUTH LAKE TAHOE","EL DORADO","CA",0,0
"8177281",-120.7798733,38.731887,2016,"0901","0","7","4","09",0,1,"C",,"Y",,,"Y",1500,11,"D","G","A","WILTSE RD","BROADWAY DR",89,"S","N","2016-12-01",901,"2016-11-20",1201,"307","0901","5","2","0","0",,"0","PP2","-","N",,0,0,,,0,,,,"N",2,"A","-",21804,"A","N","B","H","-","A","D","0","Y","L","04",0,0,1,0,0,0,1,0,0,"-","-","PLACERVILLE","EL DORADO","CA",0,0
"8166663",-119.9442209,38.9558438,2016,"0902","0","6","1","11",1,0,"A","Y",,,,,2400,11,"G","B","D","LAKE TAHOE BL","HEAVENLY VALLEY WY",197,"E","N","2017-02-03",902,"2016-11-05",2240,"213",,"5","3","0","0",,"0",,"-","Y","ED",3,50,"-","-",80.18,"H","-","E","Y",2,"A","-",21954,"A","N","A","H","-","C","D","0","Y","A","08",0,0,0,1,0,0,0,0,0,"-","-","SOUTH LAKE TAHOE","EL DORADO","CA",0,0
"8159078",-120.8091741,38.7306544,2016,"0901","0","4","2","03",0,1,"A",,,,,,1800,10,"C","C","A","CANAL ST","SIMAS WY",325,"S","N","2016-12-12",901,"2016-10-20",1549,"308","0901","5","2","0","0",,"0","PP1","-","N",,0,0,,,0,,,,"Y",4,"A","-",22350,,"N","A","H","-","A","D","0","Y","D","22",1,0,0,0,0,0,0,0,0,"-","-","PLACERVILLE","EL DORADO","CA",0,0
"8159086",0,0,2016,"0901","0","2","4","10",0,1,"A","Y",,,,,1800,10,"D","B","D","BROADWAY DR","LUCKY ST",3,"W","N","2016-12-12",901,"2016-10-11",1512,"289","0901","5","2","0","0",,"0","PP2","-","N",,0,0,,,0,,,,"N",2,"A","-",21952,,"N","A","H","-","A","A","0","Y","D","22",0,0,1,0,1,0,0,0,0,"-","-","PLACERVILLE","EL DORADO","CA",0,0
"8125261",-120.807973,38.7281952,2016,"0901","0","4","4","03",0,2,"A",,,,,,2100,8,"C","C","A","RT 50","CANAL ST",0,,"Y","2017-02-28",901,"2016-08-04",1850,"296","0901","5","2","0","0",,"0","PP1","-","Y","ED",3,50,"-","-",17.51,"H","-","E","Y",2,"A","-",22350,,"N","A","H","-","A","A","0","Y","B","01",0,0,2,0,0,0,0,0,0,"-","-","PLACERVILLE","EL DORADO","CA",0,0
"8112391",-120.8101617,38.7293765,2016,"0901","0","7","3","01",0,5,"A",,,,,,1800,8,"A","C","A","RT 50","PLACERVILLE DR",1494,"E","N","2017-02-28",901,"2016-08-21",1736,"308","0901","5","2","0","0",,"0","PP1","-","Y","ED",3,50,"-","-",17.28,"H","-","W","Y",3,"A","-",23152,"E","N","A","H","-","A","D","0","Y","A","08",0,4,1,0,0,0,0,0,0,"-","-","PLACERVILLE","EL DORADO","CA",0,0
"8110107",-120.8274297,38.7344623,2016,"0901","0","1","3","09",0,1,"A",,,,,,1200,8,"D","C","A","COLD SPRINGS RD","PIERROZ RD",161,"E","N","2016-10-17",901,"2016-08-01",950,"288","0901","5","2","0","0",,"0","PP1","-","N",,0,0,,,0,,,,"N",2,"A","-",21804,"A","N","A","H","-","A","D","0","Y","D","22",0,1,0,0,0,0,0,0,0,"-","-","PLACERVILLE","EL DORADO","CA",0,0
"8096882",-120.7951086,38.7274101,2016,"0901","0","5","4","22",0,1,"A",,,,,,900,7,"E","I","A","CEDAR RAVINE RD","THOMPSON WY",10,"S","N","2016-09-27",901,"2016-07-29",813,"307","0901","5","2","0","0",,"0","PP2","-","N",,0,0,,,0,,,,"Y",1,"B","-",0,,"N","A","H","-","A","D","0","Y","I","11",0,0,1,0,0,0,0,0,0,"-","-","PLACERVILLE","EL DORADO","CA",0,0
"8094918",-120.00166,38.9238258,2016,"0902","0","6","3","08",0,1,"A",,"Y",,,,1800,7,"B","G","A","TAHOE KEYS BL","JEFFREY LN",30,"S","N","2016-08-04",902,"2016-07-02",1612,"208","0902","5","3","0","0",,"0","WEST","-","N",,0,0,,,0,,,,"N",2,"A","-",22107,,"N","A","H","-","A","D","0","Y","L","04",0,1,0,0,0,0,1,0,0,"-","-","SOUTH LAKE TAHOE","EL DORADO","CA",0,0
"8094902",-119.9778194,38.9338557,2016,"0902","0","3","4","01",0,2,"A",,,,,"Y",1200,7,"C","C","A","LAKE TAHOE BL","AL TAHOE BL",228,"W","N","2017-02-28",902,"2016-07-20",1106,"153","0902","5","3","0","0",,"0",,"-","Y","ED",3,50,"-","-",77.49,"H","-","E","Y",2,"A","-",23152,,"N","A","D","-","A","A","0","Y","A","01",0,0,2,0,0,0,0,0,0,"-","-","SOUTH LAKE TAHOE","EL DORADO","CA",0,0
"8086906",-120.792043,38.7323751,2016,"0901","0","5","3","18",0,1,"A","Y",,,,,1800,6,"G","B","E","MILLER WY","CINDY CT",0,,"Y","2016-08-30",901,"2016-06-17",1504,"307","0901","5","2","0","0",,"0","PP2","-","N",,0,0,,,0,,,,"N",2,"C","-",0,,"N","A","H","-","A","D","0","Y","-","-",0,1,0,0,1,0,0,0,0,"-","-","PLACERVILLE","EL DORADO","CA",0,0
"8086867",-120.7995269,38.7304781,2016,"0901","0","2","4","05",0,1,"A",,,,,,600,7,"A","I","A","RT 50","BEDFORD AV",50,"W","N","2017-02-28",901,"2016-07-05",446,"308","0901","5","2","0","0",,"0","PP1","-","Y","ED",3,50,"-","-",18.01,"H","-","W","Y",1,"A","-",21650,,"N","A","H","-","C","A","0","Y","A","08",0,0,1,0,0,0,0,0,0,"-","-","PLACERVILLE","EL DORADO","CA",0,0
"8069031",-120.8236805,38.7327635,2016,"0901","0","7","3","03",0,1,"A",,,,,,2400,6,"F","J","A","COLD SPRINGS RD","PLACERVILLE DR",225,"N","N","2016-08-30",901,"2016-06-12",2340,"308","0901","5","2","0","0",,"0","PP1","-","N",,0,0,,,0,,,,"N",1,"A","-",22350,,"N","A","H","-","C","A","0","Y","D","22",0,1,0,0,0,0,0,0,0,"-","-","PLACERVILLE","EL DORADO","CA",0,0
"8053644",-119.9516829,38.9477951,2016,"0902","0","7","4","12",0,1,"A",,"Y",,,,1200,4,"D","G","A","WILDWOOD AV","ALDER AV",0,,"Y","2016-06-07",902,"2016-04-24",1145,"194",,"5","3","0","0",,"0",,"-","N",,0,0,,,0,,,,"N",2,"A","-",22450,,"N","A","H","-","A","A","0","Y","L","04",0,0,1,0,0,0,1,0,0,"-","-","SOUTH LAKE TAHOE","EL DORADO","CA",0,0
"8049507",-120.0080229,38.9118252,2016,"0902","0","6","4","01",0,1,"A",,,,,"Y",2100,5,"-","C","A","LAKE TAHOE BL","TATA LN",0,,"Y","2016-06-02",902,"2016-05-14",2004,"221","0902","5","3","0","0",,"0","WEST","-","N",,0,0,,,0,,,,"Y",2,"A","-",23152,"A","N","A","H","-","B","A","0","Y","A","07",0,0,1,0,0,0,0,0,0,"-","-","SOUTH LAKE TAHOE","EL DORADO","CA",0,0
"8049442",-120.0102429,38.9103451,2016,"0902","0","4","3","09",0,1,"A",,,,,,1500,4,"D","C","A","LAKE TAHOE BL","JULIE LN",0,,"Y","2016-06-09",902,"2016-04-21",1248,"191","0902","5","3","0","0",,"0","00W","-","N",,0,0,,,0,,,,"Y",2,"A","-",21802,"A","N","A","H","-","A","A","0","Y","A","07",0,1,0,0,0,0,0,0,0,"-","-","SOUTH LAKE TAHOE","EL DORADO","CA",0,0
"8044936",-120.8077867,38.7281634,2016,"0901","0","7","4","03",0,2,"A",,,,,,1200,5,"B","C","A","RT 50","CANAL ST",0,,"Y","2017-02-24",901,"2016-05-22",1024,"308","0901","5","2","0","0",,"0","PP1","-","Y","ED",3,50,"-","-",17.52,"I","5","E","Y",2,"A","-",22350,,"N","A","H","-","A","A","0","Y","D","22",0,0,2,0,0,0,0,0,0,"-","-","PLACERVILLE","EL DORADO","CA",0,0
"8029491",0,0,2016,"0901","0","3","4","01",0,1,"B",,,,,"Y",300,4,"F","I","A","BEDFORD AV","QUARTZ ALY",54,"N","N","2016-06-03",901,"2016-04-27",120,"199",,"5","2","0","0",,"0","PP2","-","N",,0,0,,,0,,,,"Y",1,"A","-",23152,"A","N","A","H","-","D","D","0","Y","A","01",0,0,1,0,0,0,0,0,0,"-","-","PLACERVILLE","EL DORADO","CA",0,0
"8023127",-120.003517,38.9113505,2016,"0902","0","7","3","03",0,1,"D",,,,,,900,1,"E","J","A","EMERALD BAY RD","LAKE TAHOE BL",850,"S","N","2017-02-11",902,"2016-01-31",849,,"0902","5","3","0","0",,"0","WEST","-","Y","ED",3,50,"-","-",75.29,"H","-","W","N",1,"A","-",22350,,"N","C","G","-","A","A","0","Y","A","07",0,1,0,0,0,0,0,0,0,"-","-","SOUTH LAKE TAHOE","EL DORADO","CA",0,0
"8021845",-119.9542129,38.9375052,2016,"0902","0","4","3","01",0,1,"A",,,,,"Y",900,2,"E","I","A","PIONEER TR","WOODBINE RD",0,,"Y","2016-04-22",902,"2016-02-25",749,"219","0902","5","3","0","0",,"0","001","-","N",,0,0,,,0,,,,"Y",1,"A","-",23152,,"N","A","G","-","A","D","0","Y","A","07",0,1,0,0,0,0,0,0,0,"-","-","SOUTH LAKE TAHOE","EL DORADO","CA",0,0
"8021748",-120.0132629,38.9205352,2016,"0902","0","4","4","12",0,1,"A",,,,,,1500,3,"D","C","A","11TH ST","JAMES AV",0,,"Y","2016-04-20",902,"2016-03-24",1309,"205","0902","5","3","0","0",,"0","00W","-","N",,0,0,,,0,,,,"N",2,"A","-",22450,,"M","A","H","-","A","A","0","Y","A","07",0,0,1,0,0,0,0,0,0,"-","-","SOUTH LAKE TAHOE","EL DORADO","CA",0,0
"8021688",-119.9445797,38.9553363,2016,"0902","0","2","3","11",0,1,"A","Y",,,,"Y",2100,2,"G","B","B","LAKE TAHOE BL","HEAVENLY VILLAGE WY",12,"E","N","2017-02-10",902,"2016-02-09",2027,"214","SOUTH","5","3","0","0",,"0","EAST","-","Y","ED",3,50,"-","-",80.14,"I","5","E","N",2,"A","-",21950,"B","N","A","H","-","C","A","0","Y","N","60",0,1,0,0,1,0,0,0,0,"-","-","SOUTH LAKE TAHOE","EL DORADO","CA",0,0
"7209485",-120.8066341,38.7281552,2016,"0901","0","5","4","03",0,1,"C",,,,,,900,3,"C","C","A","RT 50","CANAL ST",52,"E","N","2017-02-11",901,"2016-03-11",624,"308","0901","5","2","0","0",,"0","PP1","-","Y","ED",3,50,"-","-",17.53,"H","-","W","Y",2,"A","-",22350,,"N","B","H","-","C","A","0","Y","D","22",0,0,1,0,0,0,0,0,0,"-","-","PLACERVILLE","EL DORADO","CA",0,0
"7180354",-120.7997855,38.7303147,2016,"0901","0","1","4","03",0,2,"A",,,,,,2100,1,"B","C","A","RT 50","BEDFORD AV",115,"W","N","2017-02-10",901,"2016-01-04",2019,"308","0901","5","2","0","0",,"0","PP1","-","Y","ED",3,50,"-","-",18.01,"H","-","E","Y",3,"A","-",22350,,"N","A","H","-","C","A","0","Y","A","01",0,0,2,0,0,0,0,0,0,"-","-","PLACERVILLE","EL DORADO","CA",0,0
"7180160",-120.8023184,38.7283642,2016,"0901","0","7","4","05",0,1,"A","Y",,,,,300,1,"G","B","F","MAIN ST","CENTER ST",15,"W","N","2016-02-11",901,"2016-01-31",125,"296","0901","5","2","0","0",,"0","PP1","-","N",,0,0,,,0,,,,"N",2,"A","-",21650,,"F","A","H","-","C","D","0","Y","A","01",0,0,1,0,1,0,0,0,0,"-","-","PLACERVILLE","EL DORADO","CA",0,0
"7179957",-120.8383247,38.7275404,2016,"0901","0","1","4","09",0,1,"A",,,,,,1200,1,"D","C","A","GREEN VALLEY RD","DEBBIE LN",57,"W","N","2016-08-26",901,"2016-01-11",956,"308",,"5","2","0","0",,"0","PP1","-","N",,0,0,,,0,,,,"N",2,"A","-",21804,"A","N","A","H","-","A","D","0","Y","A","01",0,0,1,0,0,0,0,0,0,"-","-","PLACERVILLE","EL DORADO","CA",0,0
"7167924",-119.9439638,38.9505314,2016,"0902","0","7","4","01",0,1,"A",,,,,"Y",300,1,"D","E","A","CHONOKIS RD","MONTREAL RD",35,"S","N","2016-01-26",902,"2016-01-10",231,"215",,"5","3","0","0",,"0",,"-","N",,0,0,,,0,,,,"Y",3,"A","-",23152,,"N","C","G","-","C","D","0","Y","A","01",0,0,1,0,0,0,0,0,0,"-","-","SOUTH LAKE TAHOE","EL DORADO","CA",0,0
"90133544",0,0,2015,"0900","2","5","1","03",1,0,"D",,,,,,600,12,"E","I","A","US-50 W/B","EIGHT MILE RD",1456,"E","N","2016-03-10",9245,"2015-12-11",515,"018656",,"3","9","0","1",,"2","140","-","Y",,0,0,,,0,,,,"Y",1,"A","-",22350,,"N","C","H","-","D","D","0","Y","A","01",0,0,0,0,0,0,0,0,0,"-","-","UNINCORPORATED","EL DORADO","CA",-120.6623,38.74142
"90102052",-121.0179524,38.5954054,2015,"0900","4","7","1","05",1,0,"C",,,,,,1200,12,"B","C","A","LATROBE RD","COTHRIN RANCH RD",2112,"S","N","2016-01-25",9245,"2015-12-20",1055,"012315",,"1","9","0","2",,"2","031","-","N",,0,0,,,0,,,,"Y",3,"A","-",21460,"A","N","B","H","-","A","D","0","Y","A","01",0,0,0,0,0,0,0,0,0,"-","-","UNINCORPORATED","EL DORADO","CA",-121.01801,38.59543