"CASEID","POINT_X","POINT_Y","YEAR_","LOCATION","CHPTYPE","DAYWEEK","CRASHSEV","VIOLCAT","KILLED","INJURED","WEATHER1","PEDCOL","BICCOL","MCCOL","TRUCKCOL","ETOH","TIMECAT","MONTH_","CRASHTYP","INVOLVE","PED","PRIMARYRD","SECONDRD","DISTANCE","DIRECT","INTERSECT_","PROCDATE","JURIS","DATE_","TIME_","BADGE","JURIDIST","SHIFT","POP","SPECIAL","BEATTYPE","LAPDDIV","BEATCLAS","BEATNUMB","WEATHER2","STATEHW","CALTRANC","CALTRAND","STROUTE","ROUTESUF","POSTPRE","POSTMILE","LOCATYPE","RAMP","SIDEHW","TOWAWAY","PARTIES","PCF","VIOLCODE","VIOL","VIOLSUB","HITRUN","ROADSURF","RDCOND1","RDCOND2","LIGHTING","RIGHTWAY","CHPRDTYP","NOTPRIV","STFAULT","CHPFAULT","SEVINJ","OTHERINJ","COP","PEDKILL","PEDINJ","BICKILL","BICINJ","MCKILL","MCINJURE","RAMP1","RAMP2","CITY","COUNTY","STATE","X_CHP","Y_CHP"
"90038125",-120.0372297,38.8610307,2015,"0900","5","4","3","01",0,1,"A",,,,,"Y",2100,10,"E","I","A","NEZ PERCE DR","NORTH UPPER TRUCKEE RD",194,"W","N","2015-10-26",9246,"2015-10-22",1910,"018629",,"2","9","0","3",,"2","200","-","N",,0,0,,,0,,,,"Y",1,"A","-",23152,"A","N","A","H","-","D","D","0","Y","A","07",0,1,0,0,0,0,0,0,0,"-","-","UNINCORPORATED","EL DORADO","CA",-120.03718,38.86099
"90037948",-120.5510681,38.6344802,2015,"0900","5","6","1","01",1,0,"A",,,"Y",,"Y",2500,8,"E","I","A","GRIZZLY FLAT RD","PINE RIDGE RD",1056,"N","N","2015-10-26",9245,"2015-08-15",2500,"018624","9245","4","9","0","3",,"2","004","-","N",,0,0,,,0,,,,"Y",1,"A","-",23152,"A","N","A","H","-","D","D","0","Y","C","02",0,0,0,0,0,0,0,1,0,"-","-","UNINCORPORATED","EL DORADO","CA",-120.55085,38.63439
"90037912",-121.0320563,38.7835161,2015,"0900","4","1","1","08",1,0,"A",,,,,,1200,7,"F","A","A","SALMON FALLS ROAD","GALLAGHER RD",1848,"S","N","2015-10-26",9245,"2015-07-27",1050,"013929",,"1","9","0","2",,"2","012","-","N",,0,0,,,0,,,,"Y",1,"A","-",22107,,"N","A","H","-","A","D","0","Y","D","22",0,0,0,0,0,0,0,0,0,"-","-","UNINCORPORATED","EL DORADO","CA",-121.0322,38.78358
"90035315",-121.0266233,38.9119299,2015,"0900","3","6","3","03",0,1,"C",,,,,,1800,10,"E","I","A","SR-49","AARON COOL DR",10560,"N","N","2015-10-21",9245,"2015-10-17",1500,"018502",,"2","9","0","1",,"1","115","-","Y",,0,0,,,0,,,,"Y",1,"A","-",22350,,"N","B","H","-","A","D","0","Y","A","01",0,1,0,0,0,0,0,0,0,"-","-","UNINCORPORATED","EL DORADO","CA",-121.02557,38.91172
"90033973",0,0,2015,"0900","5","5","4","08",0,1,"A",,,,,,1800,10,"E","I","A","CABLE RD","BARBARA'S CT",528,"S","N","2015-10-19",9245,"2015-10-16",1530,"018663",,"2","9","0","3",,"2","002","-","N",,0,0,,,0,,,,"Y",1,"A","-",22107,,"N","A","H","-","A","D","0","Y","A","07",0,0,1,0,0,0,0,0,0,"-","-","UNINCORPORATED","EL DORADO","CA",-120.66844,38.74733
"90033939",0,0,2015,"0900","2","2","3","07",0,1,"A",,,,,,1200,9,"E","I","A","US-50 E/B","CAMERON PARK DR",2112,"W","N","2015-10-19",9245,"2015-09-29",1125,"013463",,"1","9","0","1",,"2","110","-","Y",,0,0,,,0,,,,"Y",2,"A","-",21658,"A","N","A","H","-","A","D","0","Y","A","01",0,1,0,0,0,0,0,0,0,"-","-","UNINCORPORATED","EL DORADO","CA",-120.99407,38.65736
"90032904",0,0,2015,"0900","2","2","3","03",0,1,"A",,,,,,2100,10,"E","I","A","US-50","CAMP SACRAMENTO",1056,"E","N","2015-10-19",9246,"2015-10-06",1801,"014302",,"2","9","0","1",,"1","020","-","Y",,0,0,,,0,,,,"Y",1,"A","-",22350,,"N","A","H","-","A","D","0","Y","E","22",0,1,0,0,0,0,0,0,0,"-","-","UNINCORPORATED","EL DORADO","CA",0,0
"90032477",-121.0786731,38.710095,2015,"0900","4","1","3","12",0,1,"A",,,,,,900,10,"D","C","A","GREEN VALLEY ROAD","SALMON FALLS ROAD",0,,"Y","2015-10-19",9245,"2015-10-12",640,"013929",,"1","9","0","2",,"2","011","-","N",,0,0,,,0,,,,"Y",2,"A","-",21453,"A","N","A","H","-","B","A","0","Y","D","22",0,1,0,0,0,0,0,0,0,"-","-","UNINCORPORATED","EL DORADO","CA",-121.07865,38.71015
"90032138",-120.6330268,38.69524,2015,"0900","5","5","4","03",0,1,"A",,,,,,1800,10,"A","C","A","CLEAR CREEK RD","TIMBER LN",568,"N","N","2015-10-19",9245,"2015-10-09",1515,"015607",,"2","9","0","3",,"2","004","-","N",,0,0,,,0,,,,"Y",2,"A","-",22350,,"N","A","H","-","A","D","0","Y","-","-",0,0,1,0,0,0,0,0,0,"-","-","UNINCORPORATED","EL DORADO","CA",-120.63284,38.69504
"90031954",0,0,2015,"0900","5","3","4","01",0,2,"B",,,,,"Y",2100,10,"C","C","A","FRANCISCO DR. N/B","GREEN VALLEY RD.",15,"S","N","2015-10-19",9245,"2015-10-07",2025,"017757",,"2","9","0","3",,"2","001","-","N",,0,0,,,0,,,,"Y",2,"A","-",23152,"A","N","A","H","-","C","A","0","Y","D","22",0,0,2,0,0,0,0,0,0,"-","-","UNINCORPORATED","EL DORADO","CA",-121.08526,38.70934
"90031942",-121.071253,38.653955,2015,"0900","4","3","3","00",0,2,"A",,,,,,900,9,"A","C","A","EL DORADO HILLS BLVD","SARATOGA WAY",0,,"Y","2015-10-19",9245,"2015-09-30",605,"018502",,"1","9","0","2",,"2","012","-","Y",,0,0,,,0,,,,"Y",2,"D","-",0,,"N","A","H","-","C","A","0","Y","-","-",0,1,1,0,0,0,0,0,0,"-","-","UNINCORPORATED","EL DORADO","CA",-121.0717,38.65678
"90030906",-120.8437505,38.7587351,2015,"0900","5","3","3","03",0,1,"B",,,"Y",,,1800,10,"F","A","A","SR-49","WALLACE RD.",15,"N","N","2015-10-19",9245,"2015-10-07",1740,"017757",,"2","9","0","3",,"2","002","-","N",,0,0,,,0,,,,"Y",1,"A","-",22350,,"N","A","H","-","A","D","0","Y","C","02",0,1,0,0,0,0,0,0,1,"-","-","UNINCORPORATED","EL DORADO","CA",-120.84403,38.75865
"90030826",-120.9889566,38.677695,2015,"0900","5","1","4","01",0,1,"A",,,,,"Y",1800,10,"D","C","A","OXFORD RD","FAIRWAY DR",220,"W","N","2015-10-19",9245,"2015-10-05",1720,"015459",,"2","9","0","3",,"2","001","-","N",,0,0,,,0,,,,"Y",2,"A","-",23152,"A","N","A","H","-","A","D","0","Y","A","01",0,0,1,0,0,0,0,0,0,"-","-","UNINCORPORATED","EL DORADO","CA",-120.98016,38.67769
"90030752",-121.0109608,38.5884384,2015,"0900","5","4","2","03",0,1,"C",,,,,,1200,10,"E","I","A","LATROBE RD","SUN RIDGE MEADOW RD",700,"N","N","2015-10-19",9245,"2015-10-01",952,"017897",,"1","9","0","3",,"2","003","-","N",,0,0,,,0,,,,"Y",1,"A","-",22350,,"N","B","H","-","A","D","0","Y","A","01",1,0,0,0,0,0,0,0,0,"-","-","UNINCORPORATED","EL DORADO","CA",-121.01101,38.58852
"90029404",-120.990063,38.7000151,2015,"0900","4","4","4","08",0,1,"A",,,"Y",,,1800,10,"D","C","A","LA CRESCENTA DR","GREEN VALLEY RD",0,,"Y","2015-10-19",9245,"2015-10-08",1545,"018656",,"2","9","1","2",,"2","011","-","N",,0,0,,,0,,,,"N",2,"A","-",22107,,"N","A","H","-","A","D","0","Y","H","13",0,0,1,0,0,0,0,0,1,"-","-","UNINCORPORATED","EL DORADO","CA",-120.9901,38.70021
"90029136",0,0,2015,"0900","5","6","4","01",0,1,"A",,,"Y",,"Y",2400,10,"A","C","A","LOTUS RD","HEAVEN'S GATE",6,"E","N","2015-10-19",9245,"2015-10-03",2305,"017737",,"3","9","0","3",,"2","001","-","N",,0,0,,,0,,,,"Y",2,"A","-",23152,"A","N","A","H","-","D","D","0","Y","C","02",0,0,1,0,0,0,0,0,1,"-","-","UNINCORPORATED","EL DORADO","CA",-120.91244,38.79442
"90029051",-120.9460821,38.6743373,2015,"0900","5","4","3","08",0,1,"B",,,,,,1800,10,"E","I","A","MEDER RD","MEDER CT",65,"E","N","2015-10-19",9245,"2015-10-01",1607,"018663",,"2","9","0","3",,"2","001","-","N",,0,0,,,0,,,,"Y",1,"A","-",22107,,"N","A","H","-","A","D","0","Y","A","01",0,1,0,0,0,0,0,0,0,"-","-","UNINCORPORATED","EL DORADO","CA",-120.94779,38.67519
"90028865",-120.7053989,38.5666249,2015,"0900","5","6","2","01",0,5,"A",,,,,"Y",1800,9,"F","A","A","OMO RANCH RD","RANCH CAMP RD",185,"W","N","2015-10-19",9245,"2015-09-26",1754,"018663",,"2","9","0","3",,"2","004","-","N",,0,0,,,0,,,,"Y",1,"A","-",23152,"A","N","A","H","-","A","D","0","Y","A","07",4,1,0,0,0,0,0,0,0,"-","-","UNINCORPORATED","EL DORADO","CA",-120.70485,38.56668
"90028515",-120.7159519,38.6642812,2015,"0900","4","3","4","03",0,2,"C",,,,,,1200,9,"C","C","A","BUCKS BAR RD","CATTLE CREEK LN",2640,"N","N","2015-10-19",9245,"2015-09-30",1135,"018240",,"1","9","0","2",,"1","042","-","N",,0,0,,,0,,,,"N",2,"A","-",22350,,"N","B","H","-","A","D","0","Y","A","01",0,0,2,0,0,0,0,0,0,"-","-","UNINCORPORATED","EL DORADO","CA",-120.71629,38.66844
"90028488",-120.575293,38.7598474,2015,"0900","5","2","4","08",0,1,"C",,,,,,2100,9,"E","I","A","SLY PARK ROAD","GOLD RIDGE TRL",1056,"N","N","2015-12-09",9245,"2015-09-29",1920,"015421",,"2","9","0","3",,"2","004","-","N",,0,0,,,0,,,,"Y",1,"A","-",22107,,"N","B","H","-","D","D","0","Y","A","07",0,0,1,0,0,0,0,0,0,"-","-","UNINCORPORATED","EL DORADO","CA",-120.58089,38.74904
"90028357",-120.0181152,38.8420088,2015,"0900","3","3","4","09",0,1,"A",,"Y",,,,1800,9,"H","G","A","SR-89","SHAKORI DR",5,"N","N","2015-10-19",9246,"2015-09-23",1540,"014302",,"2","9","0","1",,"1","023","-","Y",,0,0,,,0,,,,"N",2,"A","-",21801,"A","N","A","H","-","A","D","0","Y","D","22",0,0,1,0,0,0,1,0,0,"-","-","UNINCORPORATED","EL DORADO","CA",0,0
"90027041",0,0,2015,"0900","4","2","4","08",0,1,"A",,,,,,2100,9,"F","A","A","PLEASANT VALLEY ROAD ","BODEGA WAY",650,"E","N","2015-10-19",9245,"2015-09-29",1815,"015563",,"2","9","0","2",,"1","041","-","N",,0,0,,,0,,,,"Y",1,"A","-",22107,,"N","A","H","-","A","D","0","Y","A","07",0,0,1,0,0,0,0,0,0,"-","-","UNINCORPORATED","EL DORADO","CA",-120.69922,38.69021
"90027034",-120.7424247,38.6813389,2015,"0900","5","1","3","08",0,3,"A",,,,,,1800,9,"B","C","A","CEDAR RAVINE RD. ","PLEASANT VALLEY RD.",1056,"N","N","2015-10-19",9245,"2015-09-28",1755,"017757",,"2","9","0","3",,"2","004","-","N",,0,0,,,0,,,,"Y",2,"A","-",22107,,"N","A","H","-","A","D","0","Y","D","22",0,2,1,0,0,0,0,0,0,"-","-","UNINCORPORATED","EL DORADO","CA",-120.74323,38.68227
"90027030",-120.385735,38.7708108,2015,"0900","2","1","3","03",0,1,"A",,,"Y",,,1200,9,"C","C","A","US-50","ALDER CREEK RD",2640,"W","N","2015-10-19",9245,"2015-09-28",1143,"013463",,"1","9","0","1",,"1","160","-","Y",,0,0,,,0,,,,"Y",3,"A","-",22350,,"N","A","H","-","A","D","0","Y","C","02",0,1,0,0,0,0,0,0,1,"-","-","UNINCORPORATED","EL DORADO","CA",-120.32885,38.76398
"90027007",0,0,2015,"0900","2","7","4","01",0,2,"B",,,,,"Y",1500,9,"C","C","A","US-50 E/B","UPPER CARSON ROAD",386,"W","N","2015-10-19",9245,"2015-09-27",1220,"012315",,"1","9","0","1",,"2","140","-","Y",,0,0,,,0,,,,"Y",3,"A","-",23152,"A","N","A","H","-","A","A","0","Y","A","07",0,0,2,0,0,0,0,0,0,"-","-","UNINCORPORATED","EL DORADO","CA",-120.69698,38.74002
"90026937",-120.819495,38.758719,2015,"0900","3","6","4","03",0,1,"A",,,,,,1200,9,"A","C","A","SR-193","MINERS SPRING ROAD",2112,"S","N","2015-10-19",9245,"2015-09-26",915,"018240",,"1","9","0","1",,"1","122","-","Y",,0,0,,,0,,,,"Y",2,"A","-",22350,,"N","A","H","-","A","D","0","Y","A","01",0,0,1,0,0,0,0,0,0,"-","-","UNINCORPORATED","EL DORADO","CA",-120.81874,38.75506
"90026444",0,0,2015,"0900","2","3","2","03",0,1,"A",,,"Y",,,1500,9,"E","I","A","US 50 ","ECHO LAKES SNO-PARK",3696,"E","N","2015-10-19",9246,"2015-09-16",1230,"014471",,"1","9","0","1",,"1","021","-","Y",,0,0,,,0,,,,"Y",1,"A","-",22350,,"N","A","H","-","A","D","0","Y","C","02",1,0,0,0,0,0,0,0,1,"-","-","UNINCORPORATED","EL DORADO","CA",-120.02769,38.81834
"90026349",-120.0097938,38.7966763,2015,"0900","3","6","3","03",0,1,"A",,"Y",,,,1500,9,"F","A","A","STATE ROUTE 89","SOUTH UPPER TRUCKEE RD",300,"N","N","2015-10-19",9246,"2015-09-26",1440,"018006",,"2","9","0","1",,"1","023","-","Y",,0,0,,,0,,,,"N",1,"A","-",22350,,"N","A","H","-","A","D","0","Y","L","04",0,1,0,0,0,0,1,0,0,"-","-","UNINCORPORATED","EL DORADO","CA",0,0
"90026296",-120.1217892,39.0159401,2015,"0900","5","2","4","22",0,1,"A",,,,,,1800,9,"E","I","A","KING GEORGE DR","WILLIAMS LN",84,"E","N","2015-10-19",9246,"2015-09-22",1630,"015335",,"2","9","0","3",,"2","300","-","N",,0,0,,,0,,,,"N",1,"B","-",0,,"N","A","H","-","A","D","0","Y","-","-",0,0,1,0,0,0,0,0,0,"-","-","UNINCORPORATED","EL DORADO","CA",-120.17624,39.07826
"90026199",-120.0324318,38.8503529,2015,"0900","4","6","3","01",0,1,"A",,,,,"Y",300,10,"F","A","A","NORTH UPPER TRUCKEE RD","OTOMITES ST",528,"S","N","2015-10-19",9246,"2015-10-03",5,"018629",,"3","9","0","2",,"1","025","-","N",,0,0,,,0,,,,"Y",1,"A","-",23152,"A","N","A","H","-","D","D","0","Y","A","07",0,1,0,0,0,0,0,0,0,"-","-","UNINCORPORATED","EL DORADO","CA",-119.99864,38.79099
"90026172",0,0,2015,"0900","4","4","3","03",0,2,"A",,,,,,1800,9,"C","C","A","EL DORADO HILLS BOULEVARD S/B","GOVERNOR DRIVE",120,"S","N","2015-10-19",9245,"2015-09-24",1656,"017089",,"2","9","0","2",,"2","012","-","N",,0,0,,,0,,,,"N",3,"A","-",22350,,"N","A","H","-","A","D","0","Y","A","01",0,1,1,0,0,0,0,0,0,"-","-","UNINCORPORATED","EL DORADO","CA",-121.07979,38.68606
"90026167",-120.6703905,38.74015,2015,"0900","4","4","3","01",0,1,"A",,,"Y",,,300,9,"F","A","A","CARSON RD","PROUTY LN",101,"E","N","2015-10-19",9245,"2015-09-24",109,"016465",,"3","9","0","2",,"1","024","-","N",,0,0,,,0,,,,"Y",1,"A","-",23152,"E","N","A","H","-","C","D","0","Y","C","02",0,1,0,0,0,0,0,0,1,"-","-","UNINCORPORATED","EL DORADO","CA",-120.67042,38.74025
"90026122",0,0,2015,"0900","2","6","2","01",0,2,"A",,,,,,1800,9,"B","C","A","US-50 E/B","SILVA VALLEY PKY",1949,"E","N","2015-10-19",9245,"2015-09-12",1756,"017897",,"2","9","0","1",,"2","110","-","Y",,0,0,,,0,,,,"Y",2,"A","-",23152,"E","N","A","H","-","A","D","0","Y","D","22",1,1,0,0,0,0,0,0,0,"-","-","UNINCORPORATED","EL DORADO","CA",-121.04766,38.65814
"90026094",0,0,2015,"0900","4","3","4","03",0,1,"A",,,"Y",,,2100,8,"E","I","A","SALMON FALLS ROAD","PERSIA LANE",528,"S","N","2015-10-19",9245,"2015-08-19",1905,"013603",,"2","9","0","2",,"2","012","-","N",,0,0,,,0,,,,"Y",1,"A","-",22350,,"N","A","H","-","A","D","0","Y","C","02",0,0,1,0,0,0,0,0,1,"-","-","UNINCORPORATED","EL DORADO","CA",-121.04263,38.76297
"90026091",-120.683533,38.7392693,2015,"0900","S","2","3","05",0,1,"A",,,,,,2400,8,"B","C","A","CARSON ROAD","PSYLLA LN",1900,"E","N","2015-10-19",9245,"2015-08-11",2103,"013405",,"2","9","0","2",,"2","005","-","N",,0,0,,,0,,,,"Y",2,"A","-",21460,"A","N","A","H","-","D","D","0","Y","A","01",0,1,0,0,0,0,0,0,0,"-","-","UNINCORPORATED","EL DORADO","CA",-120.68336,38.73924
"90025518",-120.6086425,38.751286,2015,"0900","4","3","4","03",0,1,"A",,,"Y",,,1800,9,"C","C","A","PONY EXPRESS TRL","GILMORE RD",20,"W","N","2015-10-19",9245,"2015-09-23",1520,"015459",,"2","9","0","2",,"1","025","-","N",,0,0,,,0,,,,"N",2,"A","-",22350,,"N","A","H","-","A","D","0","Y","C","02",0,0,1,0,0,0,0,0,1,"-","-","UNINCORPORATED","EL DORADO","CA",0,0
"90025241",-120.8524931,38.6304068,2015,"0900","3","6","3","08",0,1,"A",,,,,,1800,9,"E","I","A","SR-49","CRYSTAL BOULEVARD",1056,"S","N","2015-10-19",9245,"2015-09-19",1645,"017089",,"2","9","0","1",,"1","135","-","Y",,0,0,,,0,,,,"Y",1,"A","-",22107,,"N","A","H","-","A","D","0","Y","A","07",0,1,0,0,0,0,0,0,0,"-","-","UNINCORPORATED","EL DORADO","CA",-120.85254,38.63041
"90024558",0,0,2015,"0900","2","6","3","00",0,1,"A","Y",,,,"Y",600,9,"G","B","E","US-50 E/B","ICE HOUSE RD",5280,"W","N","2015-10-19",9245,"2015-09-19",440,"016465",,"3","9","0","1",,"2","150","-","Y",,0,0,,,0,,,,"N",2,"A","-",21461,,"N","A","H","-","D","D","0","Y","N","60",0,1,0,0,1,0,0,0,0,"-","-","UNINCORPORATED","EL DORADO","CA",-120.46149,38.77613
"90024485",-120.5564255,38.7658164,2015,"0900","2","5","4","01",0,1,"A",,,,,"Y",2100,9,"B","C","A","US-50","STACY LN",319,"E","N","2015-10-19",9245,"2015-09-11",1850,"015607",,"2","9","0","1",,"2","150","-","Y",,0,0,,,0,,,,"Y",3,"A","-",23152,"A","N","A","H","-","A","D","0","Y","A","01",0,0,1,0,0,0,0,0,0,"-","-","UNINCORPORATED","EL DORADO","CA",-120.55367,38.76743
"90024376",-120.5571167,38.7522555,2015,"0900","4","1","3","05",0,1,"A",,,,,,1500,9,"B","C","A","SLY PARK ROAD","PARK CREEK ROAD",671,"S","N","2015-10-19",9245,"2015-09-28",1305,"013342",,"1","9","0","2",,"1","043","-","N",,0,0,,,0,,,,"Y",2,"A","-",21460,"A","F","A","H","-","A","D","0","Y","A","01",0,1,0,0,0,0,0,0,0,"-","-","UNINCORPORATED","EL DORADO","CA",-120.55701,38.75302
"90022630",0,0,2015,"0900","2","6","2","09",0,5,"A",,,,,,1200,9,"D","C","A","US-50","MILL RUN",0,,"Y","2015-10-19",9245,"2015-09-19",1105,"012382",,"1","9","0","1",,"2","150","-","Y",,0,0,,,0,,,,"Y",2,"A","-",21802,"A","N","A","H","-","A","A","0","Y","A","01",2,0,3,0,0,0,0,0,0,"-","-","UNINCORPORATED","EL DORADO","CA",-120.51934,38.7596
"90022463",-119.9889738,38.8808191,2015,"0900","4","3","4","01",0,1,"B",,,,,"Y",600,9,"E","I","A","PIONEER TR","HEKPA DR",10,"W","N","2015-10-19",9246,"2015-09-16",335,"018418",,"3","9","0","2",,"1","024","-","N",,0,0,,,0,,,,"Y",1,"A","-",23152,"A","N","A","H","-","D","D","0","Y","A","01",0,0,1,0,0,0,0,0,0,"-","-","UNINCORPORATED","EL DORADO","CA",0,0
"90021153",-121.0007794,38.6619523,2015,"0900","5","1","4","01",0,1,"A",,,,,"Y",2400,9,"E","I","A","KNOLLWOOD DR","KIMBERLY RD",96,"E","N","2015-10-19",9245,"2015-09-21",2230,"012833",,"3","9","0","3",,"2","001","-","N",,0,0,,,0,,,,"Y",1,"A","-",23152,"A","N","A","H","-","D","D","0","Y","A","01",0,0,1,0,0,0,0,0,0,"-","-","UNINCORPORATED","EL DORADO","CA",-121.00086,38.66207
"90021038",-121.0480745,38.6586306,2015,"0900","2","7","3","08",0,1,"A",,,,,,1800,9,"E","I","A","US HIGHWAY 50 WESTBOUND","SILVA VALLEY PKY",2640,"E","N","2015-10-29",9245,"2015-09-20",1550,"015262",,"2","9","0","1",,"2","110","-","Y",,0,0,,,0,,,,"Y",1,"A","-",22107,,"N","A","D","-","A","A","0","Y","E","22",0,1,0,0,0,0,0,0,0,"-","-","UNINCORPORATED","EL DORADO","CA",-121.04884,38.65866
"90020037",-120.8683786,38.6816347,2015,"0900","4","3","4","17",0,1,"A",,,,,,1500,9,"C","C","A","MOTHERLODE DR","PLEASANT VALLEY RD",400,"E","N","2015-12-04",9245,"2015-09-09",1200,"012315",,"1","9","0","2",,"1","039","-","N",,0,0,,,0,,,,"N",2,"A","-",22109,,"N","A","H","-","A","D","0","Y","A","01",0,0,1,0,0,0,0,0,0,"-","-","UNINCORPORATED","EL DORADO","CA",-120.86823,38.68178
"90019935",-120.9148531,38.7873951,2015,"0900","4","3","2","01",0,2,"C",,,,,"Y",2100,9,"E","I","A","LOTUS RD","GRANITE CREEK DR",0,,"N","2015-10-19",9245,"2015-09-16",1810,"018663",,"2","9","0","2",,"1","013","-","N",,0,0,,,0,,,,"Y",1,"A","-",23152,"A","N","B","H","-","A","D","0","Y","A","01",1,1,0,0,0,0,0,0,0,"-","-","UNINCORPORATED","EL DORADO","CA",-120.91703,38.7816
"90019610",0,0,2015,"0900","S","6","3","08",0,1,"A",,,"Y",,,1500,9,"F","A","A","RT 50","SLIPPERY FORD ROAD",550,"E","N","2015-10-19",9245,"2015-09-12",1400,"013929","9246","2","9","0","1",,"2","904","F","Y",,0,0,,,0,,,,"Y",1,"A","-",22107,,"N","A","H","-","A","D","0","Y","C","02",0,1,0,0,0,0,0,0,1,"-","-","UNINCORPORATED","EL DORADO","CA",0,0
"90018692",0,0,2015,"0900","2","6","4","09",0,3,"A",,,,,,1800,9,"D","C","A","US-50 E/B","CARSON RD",0,,"Y","2015-10-19",9245,"2015-09-12",1716,"018663",,"2","9","0","1",,"2","140","-","Y",,0,0,,,0,,,,"Y",2,"A","-",21802,"A","N","A","H","-","A","D","0","Y","A","07",0,0,3,0,0,0,0,0,0,"-","-","UNINCORPORATED","EL DORADO","CA",-120.69699,38.74001
"90018625",-121.0765935,38.7102676,2015,"0900","4","4","4","03",0,2,"A",,,,"Y",,1800,9,"C","C","A","GREEN VALLEY ROAD","SILVA VALLEY PKY",316,"W","N","2015-10-19",9245,"2015-09-10",1510,"015607",,"2","9","0","2",,"2","011","-","N",,0,0,,,0,,,,"Y",2,"A","-",22350,,"N","A","H","-","A","D","0","Y","F","26",0,0,2,0,0,0,0,0,0,"-","-","UNINCORPORATED","EL DORADO","CA",-121.077,38.7102
"90018608",-120.9591351,38.679493,2015,"0900","5","4","4","08",0,2,"A",,,,,,900,9,"E","I","A","MEDER RD","SIERRAMA DR",71,"W","N","2015-10-19",9245,"2015-09-10",745,"018502",,"1","9","0","3",,"2","001","-","Y",,0,0,,,0,,,,"Y",1,"A","-",22107,,"N","A","H","-","A","D","0","Y","A","01",0,0,2,0,0,0,0,0,0,"-","-","UNINCORPORATED","EL DORADO","CA",-120.95916,38.6795
"90018560",-120.7343225,38.9423967,2015,"0900","S","2","4","03",0,1,"A",,,,"Y",,1800,9,"F","A","A","WENTWORTH SPRINGS RD.","TREEHOUSE LN",528,"E","N","2015-10-19",9245,"2015-09-08",1505,"015563",,"2","9","0","2",,"2","005","-","N",,0,0,,,0,,,,"Y",1,"A","-",22350,,"N","A","H","-","A","A","0","Y","G","27",0,0,1,0,0,0,0,0,0,"-","-","UNINCORPORATED","EL DORADO","CA",-120.73751,38.94068
"90018537",-120.8714628,38.8365051,2015,"0900","5","5","3","08",0,1,"A",,,,,,2100,9,"E","I","A","JOHNTOWN CREEK","HANCOCK RD",100,"S","N","2015-10-19",9245,"2015-09-04",1820,"018624","9245","2","9","0","3",,"2","002","-","N",,0,0,,,0,,,,"Y",1,"A","-",22107,,"N","A","H","-","A","D","0","Y","A","07",0,1,0,0,0,0,0,0,0,"-","-","UNINCORPORATED","EL DORADO","CA",-120.5215,38.5011
"90018430",-120.900355,38.6552783,2015,"0900","5","4","3","03",0,4,"A",,,,,,1800,9,"E","I","A","OLD FRENCH TOWN ROAD","MARYBELLE LN",650,"S","N","2015-10-19",9245,"2015-09-10",1725,"015607",,"2","9","0","3",,"2","003","-","N",,0,0,,,0,,,,"Y",1,"A","-",22350,,"N","A","D","-","A","D","0","Y","A","01",0,3,1,0,0,0,0,0,0,"-","-","UNINCORPORATED","EL DORADO","CA",-120.9004,38.6551
"90017736",0,0,2015,"0900","2","3","4","03",0,1,"A",,,,,,1800,9,"C","C","A","US-50 E/B TO MISSOURI FLAT RD.","MISSOURI FLAT RD.",40,"W","N","2015-10-19",9245,"2015-09-09",1654,"017757",,"2","9","0","1",,"2","120","-","Y",,0,0,,,0,,,,"N",3,"A","-",22350,,"N","A","H","-","A","A","0","Y","A","07",0,0,1,0,0,0,0,0,0,"-","-","UNINCORPORATED","EL DORADO","CA",-120.8385,38.71078
"90017711",0,0,2015,"0900","2","2","4","07",0,1,"A",,,,"Y",,900,9,"B","C","A","RT 50","EL DORADO HILLS BLVD",2640,"W","N","2015-10-19",9245,"2015-09-08",700,"013929",,"1","9","0","1",,"2","110","-","Y",,0,0,,,0,,,,"Y",2,"A","-",21658,"A","N","A","H","-","A","D","0","Y","A","07",0,0,1,0,0,0,0,0,0,"-","-","UNINCORPORATED","EL DORADO","CA",0,0
"90017703",0,0,2015,"0900","4","2","4","03",0,1,"A",,,,,,1500,9,"C","C","A","MISSOURI FLAT RD","US-50 W/B ONRAMP",250,"S","N","2015-10-19",9245,"2015-09-08",1325,"013463",,"1","9","0","2",,"2","011","-","Y",,0,0,,,0,,,,"N",2,"A","-",22350,,"N","A","H","-","A","D","0","Y","A","01",0,0,1,0,0,0,0,0,0,"-","-","UNINCORPORATED","EL DORADO","CA",-120.8385,38.71127
"90017641",-120.943203,38.673025,2015,"0900","4","5","4","12",0,1,"A",,,,,,900,9,"D","C","A","PONDEROSA RD","MEDER RD",0,,"Y","2015-10-19",9245,"2015-09-04",705,"018502",,"1","9","0","2",,"1","013","-","Y",,0,0,,,0,,,,"N",2,"A","-",22450,"A","N","A","H","-","A","A","0","Y","A","07",0,0,1,0,0,0,0,0,0,"-","-","UNINCORPORATED","EL DORADO","CA",-120.94324,38.67316
"90017636",-120.2249278,38.7832228,2015,"0900","2","5","4","08",0,1,"A",,,,,,1500,9,"E","I","A","US-50","WRIGHTS LAKE RD",5280,"W","N","2015-10-19",9245,"2015-09-04",1415,"018656",,"2","9","0","1",,"1","170","-","N",,0,0,,,0,,,,"N",1,"A","-",22107,,"N","A","H","-","A","D","0","Y","A","07",0,0,1,0,0,0,0,0,0,"-","-","UNINCORPORATED","EL DORADO","CA",-120.22394,38.78324