"CASEID","POINT_X","POINT_Y","YEAR_","LOCATION","CHPTYPE","DAYWEEK","CRASHSEV","VIOLCAT","KILLED","INJURED","WEATHER1","PEDCOL","BICCOL","MCCOL","TRUCKCOL","ETOH","TIMECAT","MONTH_","CRASHTYP","INVOLVE","PED","PRIMARYRD","SECONDRD","DISTANCE","DIRECT","INTERSECT_","PROCDATE","JURIS","DATE_","TIME_","BADGE","JURIDIST","SHIFT","POP","SPECIAL","BEATTYPE","LAPDDIV","BEATCLAS","BEATNUMB","WEATHER2","STATEHW","CALTRANC","CALTRAND","STROUTE","ROUTESUF","POSTPRE","POSTMILE","LOCATYPE","RAMP","SIDEHW","TOWAWAY","PARTIES","PCF","VIOLCODE","VIOL","VIOLSUB","HITRUN","ROADSURF","RDCOND1","RDCOND2","LIGHTING","RIGHTWAY","CHPRDTYP","NOTPRIV","STFAULT","CHPFAULT","SEVINJ","OTHERINJ","COP","PEDKILL","PEDINJ","BICKILL","BICINJ","MCKILL","MCINJURE","RAMP1","RAMP2","CITY","COUNTY","STATE","X_CHP","Y_CHP"
"90017624",0,0,2015,"0900","2","5","2","08",0,1,"A",,,"Y",,,900,9,"F","A","A","US 50 E/B","MISSOURI FLAT",1056,"W","N","2015-10-19",9245,"2015-09-04",640,"015609",,"1","9","0","1",,"2","120","-","Y",,0,0,,,0,,,,"Y",1,"A","-",22107,,"N","A","H","-","A","D","0","Y","C","02",1,0,0,0,0,0,0,0,1,"-","-","UNINCORPORATED","EL DORADO","CA",-120.84452,38.7085
"90017555",0,0,2015,"0900","2","4","2","03",0,3,"A",,,,,,1800,9,"C","C","A","US-50 E/B","RED HAWK PKWY.",2112,"W","N","2015-10-19",9245,"2015-09-03",1550,"017757",,"2","9","0","1",,"2","120","-","Y",,0,0,,,0,,,,"Y",2,"A","-",22350,,"N","A","H","-","A","D","0","Y","A","01",1,0,2,0,0,0,0,0,0,"-","-","UNINCORPORATED","EL DORADO","CA",-120.90925,38.68592
"90017046",-120.9307283,38.6934103,2015,"0900","4","4","4","03",0,1,"A",,,,,,600,9,"E","I","A","SHINGLE RD","RED CLOVER LN",1000,"S","N","2015-10-19",9245,"2015-09-03",525,"018502",,"3","9","0","2",,"1","013","-","Y",,0,0,,,0,,,,"Y",1,"A","-",22350,,"N","A","H","-","D","D","0","Y","A","01",0,0,1,0,0,0,0,0,0,"-","-","UNINCORPORATED","EL DORADO","CA",-120.92995,38.6919
"90017020",0,0,2015,"0900","2","4","4","03",0,1,"A",,,,,,1800,9,"C","C","A","US-50 E/B","RED HAWK PARKWAY",2112,"W","N","2015-10-19",9245,"2015-09-03",1551,"017089",,"2","9","0","1",,"2","120","-","Y",,0,0,,,0,,,,"N",2,"A","-",22350,,"N","A","H","-","A","D","0","Y","D","22",0,0,1,0,0,0,0,0,0,"-","-","UNINCORPORATED","EL DORADO","CA",-120.90877,38.68612
"90016996",0,0,2015,"0900","2","3","3","01",0,1,"A",,,,,"Y",1200,9,"E","I","A","US-50 E/B","PONDEROSA RD",220,"E","N","2015-10-19",9245,"2015-09-02",1110,"018502",,"1","9","0","1",,"2","110","-","Y",,0,0,,,0,,,,"Y",1,"A","-",23152,"A","N","A","H","-","A","D","0","Y","A","01",0,1,0,0,0,0,0,0,0,"-","-","UNINCORPORATED","EL DORADO","CA",-120.93673,38.66263
"90016993",-120.870623,38.6797051,2015,"0900","5","3","4","01",0,1,"A",,,,,"Y",1800,9,"C","C","A","MOTHER LODE DR","DAVIDSON RD.",0,,"Y","2015-10-19",9245,"2015-09-02",1523,"017757",,"2","9","0","3",,"2","003","-","N",,0,0,,,0,,,,"N",2,"A","-",23152,"A","N","A","H","-","A","D","0","Y","A","07",0,0,1,0,0,0,0,0,0,"-","-","UNINCORPORATED","EL DORADO","CA",-120.87067,38.67966
"90016810",0,0,2015,"0900","3","6","4","03",0,1,"A",,,,,,1800,9,"C","C","A","US-50","BALDWIN BEACH RD",0,,"Y","2015-10-19",9246,"2015-09-05",1650,"018629",,"2","9","0","1",,"1","030","-","Y",,0,0,,,0,,,,"N",3,"A","-",22350,,"N","A","H","-","A","D","0","Y","A","07",0,0,1,0,0,0,0,0,0,"-","-","UNINCORPORATED","EL DORADO","CA",-120.05998,38.93379
"90016809",0,0,2015,"0900","2","5","3","08",0,1,"B",,,,,,1500,9,"E","I","A","U.S. HIGHWAY 50","MEADOW VALE DR",5,"W","N","2015-10-19",9246,"2015-09-11",1242,"017612",,"1","9","0","1",,"1","022","-","Y",,0,0,,,0,,,,"Y",1,"A","-",22107,,"N","A","H","-","A","D","0","Y","A","01",0,1,0,0,0,0,0,0,0,"-","-","UNINCORPORATED","EL DORADO","CA",-120.00616,38.87063
"90016669",-120.8879451,38.6818943,2015,"0900","5","3","3","05",0,1,"A",,,,,,2100,9,"E","I","A","GREENSTONE RD"," SOUTH STUDEBAKER ROAD",318,"S","N","2015-10-19",9245,"2015-09-02",1945,"015607",,"2","9","0","3",,"2","003","-","N",,0,0,,,0,,,,"Y",1,"A","-",21650,,"N","A","H","-","B","D","0","Y","A","07",0,1,0,0,0,0,0,0,0,"-","-","UNINCORPORATED","EL DORADO","CA",-120.88817,38.68219
"90016321",-120.576523,38.7631051,2015,"0900","4","1","4","09",0,1,"A",,,,,,1500,8,"D","C","A","SLY PARK RD","PONY EXPRESS TRL",0,,"Y","2015-10-19",9245,"2015-08-31",1445,"015563",,"2","9","0","2",,"1","043","-","N",,0,0,,,0,,,,"Y",2,"A","-",21800,"C","N","A","H","-","A","A","0","Y","A","07",0,0,1,0,0,0,0,0,0,"-","-","UNINCORPORATED","EL DORADO","CA",-120.57648,38.76307
"90016299",0,0,2015,"0900","5","1","4","12",0,1,"A",,,,,,1800,8,"D","C","A","CAMBRIDGE ROAD","LA CANADA DRI VE",0,,"Y","2015-10-19",9245,"2015-08-31",1545,"013929",,"2","9","0","3",,"2","001","-","N",,0,0,,,0,,,,"Y",2,"A","-",22450,"A","N","A","H","-","A","A","0","Y","A","01",0,0,1,0,0,0,0,0,0,"-","-","UNINCORPORATED","EL DORADO","CA",-121.00137,38.69404
"90015438",-120.0230046,38.8507629,2015,"0900","2","3","3","08",0,1,"A",,,,,,1200,8,"E","I","A","US-50","SR-89",211,"W","N","2015-10-19",9246,"2015-08-12",1045,"014302",,"1","9","0","1",,"1","022","-","Y",,0,0,,,0,,,,"Y",1,"A","-",22107,,"N","A","H","-","A","D","0","Y","A","01",0,1,0,0,0,0,0,0,0,"-","-","UNINCORPORATED","EL DORADO","CA",0,0
"90015422",-121.0078131,38.698505,2015,"0900","4","1","4","09",0,2,"A",,,,,,600,8,"D","C","A","GREEN VALLEY ROAD","BASS LAKE RD",0,,"Y","2015-10-19",9245,"2015-08-31",543,"012833",,"3","9","0","2",,"2","011","-","N",,0,0,,,0,,,,"Y",2,"A","-",21453,"C","N","A","H","-","C","A","0","Y","A","01",0,0,2,0,0,0,0,0,0,"-","-","UNINCORPORATED","EL DORADO","CA",-121.00777,38.69855
"90015418",-120.9656765,38.5860834,2015,"0900","4","1","3","03",0,1,"A",,,"Y",,,2100,8,"F","A","A","S. SHINGLE RD","SILVER OAKS LN",384,"N","N","2015-10-19",9245,"2015-08-31",2003,"015262",,"2","9","0","2",,"1","032","-","N",,0,0,,,0,,,,"Y",1,"A","-",22350,,"N","A","H","-","D","A","0","Y","C","02",0,1,0,0,0,0,0,0,1,"-","-","UNINCORPORATED","EL DORADO","CA",-120.96575,38.5861
"90015244",-120.2905985,38.7724057,2015,"0900","2","1","4","03",0,2,"A",,,,"Y",,1800,8,"F","A","A","US-50","KYBURZ DR",530,"E","N","2015-10-19",9245,"2015-08-24",1720,"015563",,"2","9","0","1",,"1","170","-","Y",,0,0,,,0,,,,"Y",2,"A","-",22350,,"N","A","H","-","A","A","0","Y","G","25",0,0,2,0,0,0,0,0,0,"-","-","UNINCORPORATED","EL DORADO","CA",-120.29145,38.77277
"90015087",0,0,2015,"0900","5","7","4","03",0,1,"A",,,"Y",,,1200,9,"F","A","A","BASS LAKE ROAD","MADERA WAY",375,"N","N","2015-10-19",9245,"2015-09-06",1135,"013342",,"1","9","0","3",,"2","001","-","N",,0,0,,,0,,,,"Y",1,"A","-",22350,,"N","A","H","-","A","D","0","Y","C","02",0,0,1,0,0,0,0,0,1,"-","-","UNINCORPORATED","EL DORADO","CA",-121.01691,38.68154
"90014653",-120.8766464,38.7546392,2015,"0900","5","6","2","01",0,1,"A",,,"Y",,"Y",2100,8,"E","I","A","COLD SPRINGS ROAD","GOOD PASTURE RD",200,"W","N","2015-10-19",9245,"2015-08-29",1900,"015421",,"2","9","0","3",,"2","002","-","N",,0,0,,,0,,,,"Y",1,"A","-",23152,"A","N","A","H","-","A","D","0","Y","C","02",1,0,0,0,0,0,0,0,1,"-","-","UNINCORPORATED","EL DORADO","CA",-120.87818,38.75543
"90014268",-120.4448398,38.7714186,2015,"0900","4","6","3","05",0,1,"B",,,"Y",,,1500,8,"F","A","A","ICE HOUSE RD","WHITE MEADOW RD",3696,"N","N","2015-10-19",9245,"2015-08-29",1220,"012382",,"1","9","0","2",,"1","026","-","N",,0,0,,,0,,,,"N",1,"A","-",21650,,"N","A","H","-","A","A","0","Y","C","02",0,1,0,0,0,0,0,0,1,"-","-","UNINCORPORATED","EL DORADO","CA",-120.44428,38.77123
"90013372",-120.8873406,38.6960357,2015,"0900","2","2","3","07",0,2,"A",,,,,,1800,8,"H","I","A","US HIGHWAY 50 EASTBOUND","GREENSTONE RD",130,"E","N","2015-10-19",9245,"2015-08-18",1610,"015262",,"2","9","0","1",,"2","120","-","Y",,0,0,,,0,,,,"Y",2,"A","-",21658,"A","N","A","H","-","A","A","0","Y","A","07",0,1,1,0,0,0,0,0,0,"-","-","UNINCORPORATED","EL DORADO","CA",-120.8871,38.6957
"90013311",-120.7971534,38.9244669,2015,"0900","5","1","3","18",0,1,"A",,,"Y",,,1500,8,"F","A","A","WENTWORTH SPRINGS ROAD","BUCKEYE LAKE RD",165,"W","N","2015-10-19",9245,"2015-08-24",1350,"013463",,"1","9","0","3",,"2","002","-","N",,0,0,,,0,,,,"N",1,"C","-",0,,"N","A","H","-","A","D","0","Y","-","-",0,1,0,0,0,0,0,0,1,"-","-","UNINCORPORATED","EL DORADO","CA",0,0
"90013074",-120.7666913,38.7148072,2015,"0900","5","1","3","01",0,1,"A",,"Y",,,"Y",2400,8,"A","G","A","CEDAR RAVINE ROAD","ELYSIAN WAY",300,"N","N","2015-10-19",9245,"2015-08-24",2130,"013405",,"2","9","0","3",,"2","004","-","N",,0,0,,,0,,,,"N",2,"A","-",23152,"A","N","A","H","-","C","D","0","Y","A","01",0,1,0,0,0,0,1,0,0,"-","-","UNINCORPORATED","EL DORADO","CA",-120.76658,38.71498
"90013066",0,0,2015,"0900","3","3","4","05",0,2,"A",,,,,,2100,8,"A","C","A","STATE ROUTE (SR)-49","AARON COOL DRIVE",8976,"N","N","2015-10-19",9245,"2015-08-12",1915,"013603",,"2","9","0","1",,"1","115","-","Y",,0,0,,,0,,,,"Y",2,"A","-",21460,"A","N","A","H","-","B","A","0","Y","A","01",0,0,2,0,0,0,0,0,0,"-","-","UNINCORPORATED","EL DORADO","CA",-121.02279,38.91081
"90012398",0,0,2015,"0900","2","4","3","03",0,1,"A",,,,"Y",,1200,8,"C","C","A","US-50 W/B","PONDEROSA RD",5280,"E","N","2015-10-19",9245,"2015-08-27",1015,"012315",,"1","9","0","1",,"2","120","-","Y",,0,0,,,0,,,,"Y",3,"A","-",22350,,"N","A","H","-","A","D","0","Y","A","01",0,1,0,0,0,0,0,0,0,"-","-","UNINCORPORATED","EL DORADO","CA",-120.92002,38.67541
"90012256",-120.827643,38.7045451,2015,"0900","5","2","3","12",0,1,"A",,,,,,900,8,"D","C","A","MISSOURI FLAT RD","GOLDEN CENTER DR",0,,"Y","2015-10-19",9245,"2015-08-25",725,"012315",,"1","9","0","3",,"2","003","-","N",,0,0,,,0,,,,"Y",2,"A","-",21453,"A","N","A","H","-","A","A","0","Y","D","22",0,1,0,0,0,0,0,0,0,"-","-","UNINCORPORATED","EL DORADO","CA",-120.82766,38.70431
"90011713",-120.3592487,38.8803809,2015,"0900","4","6","4","01",0,1,"A",,,,,,1200,8,"E","I","A","ICE HOUSE ROAD","US-50",85536,"N","N","2015-10-19",9245,"2015-08-22",910,"012382",,"1","9","0","2",,"1","026","-","N",,0,0,,,0,,,,"N",1,"A","-",23152,"E","N","A","H","-","A","A","0","Y","A","01",0,0,1,0,0,0,0,0,0,"-","-","UNINCORPORATED","EL DORADO","CA",-120.35981,38.88068
"90011424",0,0,2015,"0901","3","2","3","05",0,2,"A",,,,,,1200,8,"B","C","A","SR-193 (E/B)","PENOBSCOT RD",635,"E","N","2015-10-19",9245,"2015-08-18",950,"012833",,"1","2","0","1",,"1","122","-","Y",,0,0,,,0,,,,"Y",2,"A","-",21460,"A","N","A","H","-","A","D","0","Y","A","01",0,2,0,0,0,0,0,0,0,"-","-","PLACERVILLE","EL DORADO","CA",-120.94396,36.89912
"90011294",-120.8234786,38.7768954,2015,"0900","3","5","4","08",0,1,"A",,,,,,600,8,"E","I","A","SR-193","TEXAS CANYON RD E",2640,"S","N","2015-10-19",9245,"2015-08-21",435,"018663",,"3","9","0","1",,"1","122","-","Y",,0,0,,,0,,,,"Y",1,"A","-",22107,,"N","A","H","-","D","D","0","Y","D","22",0,0,1,0,0,0,0,0,0,"-","-","UNINCORPORATED","EL DORADO","CA",-120.82173,38.77707
"90011280",-121.0173417,38.8141471,2015,"0900","4","4","3","03",0,1,"A",,,"Y",,,1500,8,"F","J","A","SALMON FALLS RD","PILOT VIEW DR",1056,"N","N","2015-10-19",9245,"2015-08-20",1450,"018502",,"2","9","0","2",,"2","012","-","Y",,0,0,,,0,,,,"Y",1,"A","-",22350,,"N","A","H","-","A","D","0","Y","C","02",0,1,0,0,0,0,0,0,1,"-","-","UNINCORPORATED","EL DORADO","CA",-121.01728,38.8147
"90011267",-120.7197674,38.7195981,2015,"0900","4","2","3","08",0,1,"A",,,,,,1800,8,"E","I","A","NEWTOWN ROAD","HALFMOON ROAD",1848,"E","N","2015-10-19",9245,"2015-08-18",1600,"013929",,"2","9","0","2",,"1","045","-","N",,0,0,,,0,,,,"Y",1,"A","-",22107,,"N","A","H","-","A","D","0","Y","A","01",0,1,0,0,0,0,0,0,0,"-","-","UNINCORPORATED","EL DORADO","CA",0,0
"90011258",-120.7345486,38.6783607,2015,"0900","4","1","3","05",0,1,"A",,,,,,2100,8,"B","C","A","BUCKS BAR ROAD","PLEASANT VALLEY ROAD",1056,"S","N","2015-10-19",9245,"2015-08-17",1820,"013929",,"2","9","0","2",,"1","042","-","N",,0,0,,,0,,,,"Y",2,"A","-",21460,"A","N","A","H","-","B","D","0","Y","A","07",0,1,0,0,0,0,0,0,0,"-","-","UNINCORPORATED","EL DORADO","CA",-120.7333,38.67774
"90010450",-120.7053378,38.7617567,2015,"0900","5","1","4","05",0,1,"A",,,,,,1800,8,"E","I","A","NORTH CANYON ROAD","CHUTE CAMP RD",400,"E","N","2015-10-19",9245,"2015-08-17",1600,"013028",,"2","9","0","3",,"2","002","-","N",,0,0,,,0,,,,"Y",1,"A","-",21650,,"N","A","H","-","A","D","0","Y","D","22",0,0,1,0,0,0,0,0,0,"-","-","UNINCORPORATED","EL DORADO","CA",-120.4222,38.4544
"90010444",0,0,2015,"0900","4","1","4","03",0,1,"A",,,,,,1800,8,"C","C","A","GREEN VALLEY ROAD","SOPHIA PARKWAY",40,"E","N","2015-10-19",9245,"2015-08-17",1510,"013929",,"2","9","0","2",,"2","011","-","N",,0,0,,,0,,,,"Y",2,"A","-",22350,,"N","A","H","-","A","D","0","Y","A","01",0,0,1,0,0,0,0,0,0,"-","-","UNINCORPORATED","EL DORADO","CA",-121.10716,38.70145
"90010416",-120.7483431,38.6875351,2015,"0900","4","7","3","01",0,1,"A",,,,,"Y",2100,8,"E","I","A","CEDAR RAVINE RD","CEDAR RAVINE CT",0,,"N","2015-10-19",9245,"2015-08-16",1840,"015262",,"2","9","0","2",,"1","041","-","N",,0,0,,,0,,,,"Y",1,"A","-",23152,"A","N","A","H","-","A","A","0","Y","A","07",0,1,0,0,0,0,0,0,0,"-","-","UNINCORPORATED","EL DORADO","CA",-120.74689,38.68679
"90010405",-120.8724737,38.7496355,2015,"0900","4","6","3","01",0,1,"A",,,,,"Y",2400,8,"E","I","A","COLD SPRINGS ROAD","FOX PRINT CT",300,"S","N","2015-10-19",9245,"2015-08-15",2142,"018240",,"2","9","0","2",,"1","014","-","N",,0,0,,,0,,,,"Y",1,"A","-",23152,"A","N","A","H","-","D","D","0","Y","D","22",0,1,0,0,0,0,0,0,0,"-","-","UNINCORPORATED","EL DORADO","CA",-120.87263,38.74879
"90010401",0,0,2015,"0900","5","5","3","03",0,2,"A",,,,,,2100,8,"C","C","A","BASS LAKE RD. N/B","US-50",100,"N","N","2015-10-19",9245,"2015-08-14",1802,"017757",,"2","9","0","3",,"2","001","-","N",,0,0,,,0,,,,"Y",2,"A","-",22350,,"N","A","H","-","A","D","0","Y","A","01",0,2,0,0,0,0,0,0,0,"-","-","UNINCORPORATED","EL DORADO","CA",-121.02962,39.65623
"90010217",0,0,2015,"0900","5","5","3","05",0,1,"A",,,,,,1500,8,"A","C","A","PLEASANT VALLEY RD. E/B","CHURCH ST.",90,"E","N","2015-10-19",9245,"2015-08-14",1345,"017757",,"1","9","0","3",,"2","003","-","N",,0,0,,,0,,,,"Y",2,"A","-",21460,"A","N","A","H","-","A","D","0","Y","A","01",0,1,0,0,0,0,0,0,0,"-","-","UNINCORPORATED","EL DORADO","CA",-120.84798,38.68244
"90010204",0,0,2015,"0900","4","6","3","01",0,1,"A",,,,,"Y",1800,8,"E","I","A","LOTUS RD","HEAVEN'S GATE",150,"S","N","2015-10-19",9245,"2015-08-08",1730,"018502",,"2","9","0","2",,"1","013","-","Y",,0,0,,,0,,,,"Y",1,"A","-",23152,"A","N","A","H","-","A","D","0","Y","D","22",0,1,0,0,0,0,0,0,0,"-","-","UNINCORPORATED","EL DORADO","CA",-120.90332,38.79332
"90009497",-121.0019775,38.6562801,2015,"0900","2","5","4","03",0,1,"A",,,,,,1800,8,"C","C","A","US-50","CAMBRIDGE RD",1056,"W","N","2015-10-19",9245,"2015-08-14",1615,"018502",,"2","9","0","1",,"2","110","-","Y",,0,0,,,0,,,,"Y",2,"A","-",22350,,"N","A","H","-","A","D","0","Y","A","01",0,0,1,0,0,0,0,0,0,"-","-","UNINCORPORATED","EL DORADO","CA",-121.00309,38.65586
"90009481",-120.8227421,38.7005684,2015,"0900","4","3","4","04",0,1,"A",,,,,,1800,8,"C","C","A","MISSOURI FLAT ROAD","CHINA GARDEN ROAD",100,"N","N","2015-10-19",9245,"2015-08-12",1600,"013603",,"2","9","0","2",,"1","037","-","N",,0,0,,,0,,,,"N",2,"A","-",21703,,"N","A","H","-","A","D","0","Y","D","22",0,0,1,0,0,0,0,0,0,"-","-","UNINCORPORATED","EL DORADO","CA",-120.82284,38.7008
"90009358",0,0,2015,"0900","2","5","3","03",0,2,"A",,,,,,1800,8,"C","C","A","US-50 E/B ","CAMERON PARK DR",3168,"W","N","2015-10-19",9245,"2015-08-07",1725,"018502",,"2","9","0","1",,"2","110","-","Y",,0,0,,,0,,,,"Y",2,"A","-",22350,,"N","A","H","-","A","D","0","Y","A","01",0,2,0,0,0,0,0,0,0,"-","-","UNINCORPORATED","EL DORADO","CA",-120.9819,38.65817
"90009323",-120.8159762,38.918841,2015,"0900","5","5","3","01",0,1,"A",,,,,"Y",1500,8,"E","I","A","WENTWORTH SPRINGS RD","CHIPMUNK TRAIL",528,"E","N","2015-10-19",9245,"2015-08-07",1415,"017757",,"2","9","0","3",,"2","002","-","N",,0,0,,,0,,,,"N",1,"A","-",23152,"A","N","A","H","-","A","D","0","Y","A","01",0,1,0,0,0,0,0,0,0,"-","-","UNINCORPORATED","EL DORADO","CA",-120.81598,38.91906
"90009109",-119.9617357,38.9129796,2015,"0900","4","4","4","03",0,2,"A",,,,,,1800,8,"C","C","A","PIONEER TRAIL","BLACK BART AVE",100,"N","N","2015-10-19",9246,"2015-08-13",1512,"017612",,"2","9","0","2",,"1","024","-","N",,0,0,,,0,,,,"N",3,"A","-",22350,,"N","A","H","-","A","D","0","Y","A","07",0,0,2,0,0,0,0,0,0,"-","-","UNINCORPORATED","EL DORADO","CA",-119.96188,38.91306
"90008337",0,0,2015,"0900","4","6","4","05",0,1,"A",,,"Y",,,1200,8,"F","A","A","OMO RANCH RD","NORTH SOUTH RD",1056,"N","N","2015-10-19",9245,"2015-08-08",1000,"012382",,"1","9","0","2",,"1","042","-","N",,0,0,,,0,,,,"N",1,"A","-",21650,,"N","A","H","-","A","A","0","Y","C","02",0,0,1,0,0,0,0,0,1,"-","-","UNINCORPORATED","EL DORADO","CA",-120.45459,38.53314
"90008307",-121.0690731,38.6497951,2015,"0900","4","6","4","12",0,2,"A",,,,,,1500,8,"D","C","A","LATROBE RD","TOWN CENTER BLVD",0,,"Y","2015-10-19",9245,"2015-08-08",1243,"017897",,"1","9","0","2",,"2","031","-","N",,0,0,,,0,,,,"Y",2,"A","-",21453,"A","N","A","H","-","A","A","0","Y","A","01",0,0,2,0,0,0,0,0,0,"-","-","UNINCORPORATED","EL DORADO","CA",-121.06887,38.64993
"90008287",-120.8469268,38.701104,2015,"0900","4","7","3","05",0,2,"A",,,,,,1200,8,"E","I","A","MOTHER LODE DRIVE","FARHAVEN WAY",110,"W","N","2015-10-19",9245,"2015-08-09",1010,"013342",,"1","9","0","2",,"1","039","-","N",,0,0,,,0,,,,"Y",1,"A","-",21650,,"N","A","H","-","A","D","0","Y","A","08",0,2,0,0,0,0,0,0,0,"-","-","UNINCORPORATED","EL DORADO","CA",-120.0472,39.70095
"90008270",0,0,2015,"0900","5","6","2","01",0,2,"A",,,,,"Y",300,8,"E","I","A","DUROCK RD","ROBIN LN",2400,"E","N","2015-10-19",9245,"2015-08-08",230,"018240",,"3","9","0","3",,"2","003","-","N",,0,0,,,0,,,,"Y",1,"A","-",23152,"A","N","A","H","-","E","D","0","Y","A","01",1,1,0,0,0,0,0,0,0,"-","-","UNINCORPORATED","EL DORADO","CA",-120.96449,38.65305
"90008215",-120.0346532,38.8533928,2015,"0900","4","6","2","01",0,1,"A",,,"Y",,"Y",1800,8,"E","I","A","NORTH UPPER TRUCKEE RD","W SAN BERNARDINO AVE",21,"N","N","2015-10-19",9246,"2015-08-01",1630,"018006",,"2","9","0","2",,"1","025","-","N",,0,0,,,0,,,,"Y",1,"A","-",23152,"A","N","A","H","-","A","D","0","Y","C","02",1,0,0,0,0,0,0,0,1,"-","-","UNINCORPORATED","EL DORADO","CA",-120.03465,38.8534
"90008209",-120.1354529,39.0643451,2015,"0900","5","7","3","09",0,3,"A",,,,,,900,8,"D","C","A","PLACER ST","ELM ST.",0,,"Y","2015-10-19",9246,"2015-08-09",745,"014478",,"1","9","0","3",,"2","300","-","N",,0,0,,,0,,,,"Y",2,"A","-",21802,"A","N","A","H","-","A","A","0","Y","A","07",0,2,1,0,0,0,0,0,0,"-","-","UNINCORPORATED","EL DORADO","CA",0,0
"90008059",0,0,2015,"0900","4","1","3","08",0,1,"A",,,,,,1500,8,"E","I","A","PONDEROSA ROAD","GREEN VALLEY RD",1584,"S","N","2015-10-19",9245,"2015-08-03",1245,"013463",,"1","9","0","2",,"1","013","-","N",,0,0,,,0,,,,"Y",1,"A","-",22107,,"N","A","H","-","A","D","0","Y","D","22",0,1,0,0,0,0,0,0,0,"-","-","UNINCORPORATED","EL DORADO","CA",-120.94178,38.69985
"90008041",-120.9836959,38.6585856,2015,"0900","5","3","3","03",0,1,"A",,,,,,1200,8,"E","I","A","GARDEN CIR","COUNTRY CLUB DR",69,"S","N","2015-10-19",9245,"2015-08-05",1052,"017897",,"1","9","0","3",,"2","001","-","N",,0,0,,,0,,,,"Y",1,"A","-",22350,,"N","A","H","-","A","D","0","Y","A","01",0,1,0,0,0,0,0,0,0,"-","-","UNINCORPORATED","EL DORADO","CA",-120.98045,38.65999
"90007994",0,0,2015,"0900","4","2","4","12",0,2,"A",,,,,,1500,7,"D","C","A","GREEN VALLEY ROAD (NORTH / SOUTH)"," GREEN VALLEY ROAD (EAST / WEST)",0,,"Y","2015-10-19",9245,"2015-07-21",1430,"015563",,"2","9","0","2",,"1","013","-","N",,0,0,,,0,,,,"Y",2,"A","-",21453,"A","N","A","H","-","A","D","0","Y","A","07",0,0,2,0,0,0,0,0,0,"-","-","UNINCORPORATED","EL DORADO","CA",-120.93795,39.71509
"90007678",0,0,2015,"0900","5","5","2","01",0,1,"B",,,,,"Y",2100,8,"E","I","A","LOTUS RD. S/B","BASSI RD.",125,"N","N","2015-10-19",9245,"2015-08-07",2020,"017757",,"2","9","0","3",,"2","001","-","N",,0,0,,,0,,,,"Y",1,"A","-",23152,"A","N","A","H","-","C","D","0","Y","A","07",1,0,0,0,0,0,0,0,0,"-","-","UNINCORPORATED","EL DORADO","CA",-120.91053,38.79798
"90007458",-121.0859454,38.7093952,2015,"0900","4","2","4","08",0,1,"A",,,,,,2100,8,"D","C","A","GREEN VALLEY ROAD","FRANCISCO DR",140,"W","N","2015-10-19",9245,"2015-08-04",1915,"015459",,"2","9","0","2",,"1","013","-","N",,0,0,,,0,,,,"N",2,"A","-",22107,,"N","A","H","-","A","D","0","Y","A","01",0,0,1,0,0,0,0,0,0,"-","-","UNINCORPORATED","EL DORADO","CA",-121.08609,38.70929
"90007378",0,0,2015,"0900","4","6","2","05",0,1,"A",,,"Y",,,1200,8,"F","A","A","ICE HOUSE RD","USFS ROAD 17N12B",50,"N","N","2015-10-19",9245,"2015-08-01",910,"012382",,"1","9","0","2",,"1","026","-","N",,0,0,,,0,,,,"N",1,"A","-",21650,,"N","A","H","-","A","A","0","Y","C","02",1,0,0,0,0,0,0,0,1,"-","-","UNINCORPORATED","EL DORADO","CA",-120.83099,38.68867
"90007354",0,0,2015,"0900","5","5","3","01",0,2,"A",,,,,"Y",2100,7,"F","J","A","SIENNA RIDGE ROAD","BASS LAKE ROAD",250,"S","N","2015-10-19",9245,"2015-07-17",2020,"018624","9245","2","9","0","3",,"2","001","-","N",,0,0,,,0,,,,"Y",1,"A","-",23152,"A","N","A","H","-","B","D","0","Y","A","01",0,2,0,0,0,0,0,0,0,"-","-","UNINCORPORATED","EL DORADO","CA",-121.02759,38.67606
"90007314",-120.0411594,38.9047092,2015,"0900","5","2","3","03",0,1,"B",,"Y",,,,1500,8,"F","A","A","TAHOE MTN RD","ANGORA RIDGE RD",792,"N","N","2015-12-09",9246,"2015-08-04",1245,"014478",,"1","9","0","3",,"2","300","-","N",,0,0,,,0,,,,"N",1,"A","-",22350,,"N","A","H","-","A","D","0","Y","L","04",0,1,0,0,0,0,1,0,0,"-","-","UNINCORPORATED","EL DORADO","CA",0,0
"90007220",-121.006043,38.690385,2015,"0900","5","5","3","09",0,2,"A",,,,,,1800,7,"D","C","A","SANDPIPER WAY","GATEWAY DR",0,,"Y","2015-10-19",9245,"2015-07-31",1620,"018466",,"2","9","0","3",,"2","001","-","N",,0,0,,,0,,,,"Y",2,"A","-",21800,"A","N","A","H","-","A","D","0","Y","A","07",0,1,1,0,0,0,0,0,0,"-","-","UNINCORPORATED","EL DORADO","CA",-121.00605,38.69043
"90007211",-121.0111004,38.5887796,2015,"0900","4","4","3","01",0,1,"A",,,,,"Y",2100,7,"A","C","A","LATROBE ROAD ","SUN RIDGE MEADOW RD",831,"N","N","2015-10-19",9245,"2015-07-23",1900,"015459",,"2","9","0","2",,"2","031","-","N",,0,0,,,0,,,,"Y",2,"A","-",23152,"A","N","A","H","-","A","D","0","Y","D","22",0,1,0,0,0,0,0,0,0,"-","-","UNINCORPORATED","EL DORADO","CA",-121.01107,38.58864