"CASEID","POINT_X","POINT_Y","YEAR_","LOCATION","CHPTYPE","DAYWEEK","CRASHSEV","VIOLCAT","KILLED","INJURED","WEATHER1","PEDCOL","BICCOL","MCCOL","TRUCKCOL","ETOH","TIMECAT","MONTH_","CRASHTYP","INVOLVE","PED","PRIMARYRD","SECONDRD","DISTANCE","DIRECT","INTERSECT_","PROCDATE","JURIS","DATE_","TIME_","BADGE","JURIDIST","SHIFT","POP","SPECIAL","BEATTYPE","LAPDDIV","BEATCLAS","BEATNUMB","WEATHER2","STATEHW","CALTRANC","CALTRAND","STROUTE","ROUTESUF","POSTPRE","POSTMILE","LOCATYPE","RAMP","SIDEHW","TOWAWAY","PARTIES","PCF","VIOLCODE","VIOL","VIOLSUB","HITRUN","ROADSURF","RDCOND1","RDCOND2","LIGHTING","RIGHTWAY","CHPRDTYP","NOTPRIV","STFAULT","CHPFAULT","SEVINJ","OTHERINJ","COP","PEDKILL","PEDINJ","BICKILL","BICINJ","MCKILL","MCINJURE","RAMP1","RAMP2","CITY","COUNTY","STATE","X_CHP","Y_CHP"
"90006943",0,0,2015,"0900","3","7","3","03",0,1,"B",,"Y",,,,1200,8,"A","C","A","SR-89","EAGLE POINT CMPGD",400,"S","N","2016-06-14",9246,"2015-08-02",957,"014478",,"1","9","0","1",,"1","030","-","Y",,0,0,,,0,,,,"N",2,"A","-",22350,,"N","A","H","-","A","D","0","Y","L","04",0,1,0,0,0,0,1,0,0,"-","-","UNINCORPORATED","EL DORADO","CA",0,0
"90006907",-120.0182129,38.8233951,2015,"0900","3","1","4","12",0,1,"A",,"Y",,,,2100,7,"D","G","A","STATE ROUTE 89","SANTA CLAUS DR",0,,"Y","2015-10-19",9246,"2015-07-27",1810,"010056",,"2","9","0","1",,"1","023","-","Y",,0,0,,,0,,,,"N",2,"A","-",22450,"A","N","A","H","-","A","A","0","Y","L","04",0,0,1,0,0,0,1,0,0,"-","-","UNINCORPORATED","EL DORADO","CA",-120.01775,38.8285
"90006656",-120.4198302,38.7849799,2015,"0900","4","6","3","03",0,1,"A",,,"Y",,,2100,7,"F","A","A","ICE HOUSE RD","WEBER MILL RD",100,"S","N","2015-10-19",9245,"2015-07-25",1930,"018656",,"2","9","0","2",,"1","026","-","N",,0,0,,,0,,,,"N",1,"A","-",22350,,"N","A","H","-","A","D","0","Y","C","02",0,1,0,0,0,0,0,0,1,"-","-","UNINCORPORATED","EL DORADO","CA",-120.42379,38.782
"90006598",-120.8213075,38.7778134,2015,"0900","3","6","3","03",0,2,"A",,,"Y",,,1200,7,"E","I","A","RT 193","TEXAS CANYON RD",2640,"S","N","2015-10-19",9245,"2015-07-18",1000,"016451",,"1","9","0","1",,"1","122","-","Y",,0,0,,,0,,,,"Y",1,"A","-",22350,,"N","A","H","-","A","D","0","Y","C","02",0,2,0,0,0,0,0,0,2,"-","-","UNINCORPORATED","EL DORADO","CA",-120.82338,38.77258
"90006569",0,0,2015,"0900","5","4","4","05",0,2,"A",,,,,,900,7,"B","C","A","BASS LAKE RD","MADERA WAY",425,"N","N","2015-10-19",9245,"2015-07-30",745,"016465",,"1","9","0","3",,"2","001","-","N",,0,0,,,0,,,,"Y",2,"A","-",21460,"A","N","A","H","-","A","D","0","Y","A","07",0,0,2,0,0,0,0,0,0,"-","-","UNINCORPORATED","EL DORADO","CA",-121.01687,38.68156
"90006536",-120.771946,38.9243886,2015,"0900","5","6","2","01",0,2,"A",,,,,"Y",2100,7,"E","I","A","WENTWORTH SPRINGS RD","STAG LN",501,"W","N","2015-10-19",9245,"2015-07-25",1824,"015607",,"2","9","0","3",,"2","002","-","N",,0,0,,,0,,,,"Y",1,"A","-",23152,"A","N","A","H","-","A","D","0","Y","D","22",2,0,0,0,0,0,0,0,0,"-","-","UNINCORPORATED","EL DORADO","CA",-120.76815,38.92604
"90006527",0,0,2015,"0900","2","4","4","18",0,1,"A",,,,,,2100,7,"E","I","A","U.S. 50 E/B","CAMBRIDGE ROAD",1584,"W","N","2015-10-19",9245,"2015-07-23",1805,"015459",,"2","9","0","1",,"2","110","-","Y",,0,0,,,0,,,,"N",1,"C","-",0,,"N","A","H","-","A","D","0","Y","-","-",0,0,1,0,0,0,0,0,0,"-","-","UNINCORPORATED","EL DORADO","CA",-121.01107,38.39199
"90006431",0,0,2015,"0900","2","4","4","03",0,1,"A",,,,"Y",,600,7,"C","C","A","US-50 E/B","BASS LAKE RD",650,"E","N","2015-10-29",9245,"2015-07-23",500,"018240",,"3","9","0","1",,"2","110","-","Y",,0,0,,,0,,,,"Y",2,"A","-",22350,,"N","A","H","-","D","D","0","Y","A","01",0,0,1,0,0,0,0,0,0,"-","-","UNINCORPORATED","EL DORADO","CA",-121.01644,38.65518
"90006422",0,0,2015,"0900","4","2","4","08",0,1,"A",,,,,,1200,7,"E","I","A","CARSON ROAD","HASSLER RD",1056,"E","N","2015-10-19",9245,"2015-07-21",900,"013463",,"1","9","0","2",,"1","024","-","N",,0,0,,,0,,,,"Y",1,"A","-",22107,,"N","A","H","-","A","D","0","Y","D","22",0,0,1,0,0,0,0,0,0,"-","-","UNINCORPORATED","EL DORADO","CA",-120.7434,38.74159
"90006403",-120.0248387,38.840136,2015,"0900","5","4","3","08",0,2,"B",,,,,,900,7,"E","I","A","SOUTH UPPER TRUCKEE RD","KEKIN ST",528,"N","N","2015-10-19",9246,"2015-07-09",815,"018476",,"1","9","0","3",,"2","200","-","N",,0,0,,,0,,,,"Y",1,"A","-",22107,,"N","A","H","-","A","D","0","Y","D","22",0,2,0,0,0,0,0,0,0,"-","-","UNINCORPORATED","EL DORADO","CA",-120.02519,38.84059
"90006359",-120.9116988,38.7949692,2015,"0900","4","7","4","08",0,1,"B",,,,,,1800,7,"E","I","A","LOTUS RD","FLAPJACK LN",15,"S","N","2015-10-19",9245,"2015-07-19",1630,"015563",,"2","9","0","2",,"1","013","-","N",,0,0,,,0,,,,"Y",1,"A","-",22107,,"N","A","H","-","A","D","0","Y","A","01",0,0,1,0,0,0,0,0,0,"-","-","UNINCORPORATED","EL DORADO","CA",-120.9117,38.79492
"90006323",0,0,2015,"0900","5","6","4","22",0,1,"A",,,,,,1800,7,"D","C","A","COUNRTY CLUB DR","DIVOT CT",0,,"Y","2015-10-19",9246,"2015-07-18",1530,"015910",,"2","9","0","3",,"2","200","-","N",,0,0,,,0,,,,"N",2,"B","-",0,,"N","A","H","-","A","A","0","Y","K","45",0,0,1,0,0,0,0,0,0,"-","-","UNINCORPORATED","EL DORADO","CA",0,0
"90006274",0,0,2015,"0900","2","5","3","09",0,3,"A",,,,,,1500,7,"D","C","A","U.S. 50 W/B","FIVE MILE RD",0,,"Y","2015-12-09",9245,"2015-07-17",1345,"015459",,"1","9","0","1",,"2","140","-","Y",,0,0,,,0,,,,"Y",2,"A","-",21804,"A","N","A","H","-","A","D","0","Y","D","22",0,1,2,0,0,0,0,0,0,"-","-","UNINCORPORATED","EL DORADO","CA",-120.71798,38.73744
"90006271",0,0,2015,"0900","5","2","3","03",0,1,"A",,,"Y",,"Y",1800,7,"E","I","A","RESERVOIR RD","SPANISH DRY DIGGINS RD",800,"N","N","2015-10-19",9245,"2015-07-07",1730,"013028",,"2","9","0","3",,"2","002","-","N",,0,0,,,0,,,,"N",1,"A","-",22350,,"N","A","H","-","A","D","0","Y","C","02",0,1,0,0,0,0,0,0,1,"-","-","UNINCORPORATED","EL DORADO","CA",0,0
"90006269",-120.3915579,38.9412937,2015,"0900","4","2","2","03",0,1,"B",,,"Y",,,1800,7,"E","I","A","ICE HOUSE RD","WENTWORTH SPRINGS RD",528,"N","N","2015-10-19",9245,"2015-07-07",1530,"013028",,"2","9","0","2",,"1","026","-","N",,0,0,,,0,,,,"Y",1,"A","-",22350,,"N","A","H","-","A","D","0","Y","C","02",1,0,0,0,0,0,0,0,1,"-","-","UNINCORPORATED","EL DORADO","CA",-120.3924,38.94111
"90005750",-120.9694861,38.6609077,2015,"0900","4","1","3","03",0,2,"A",,,,,,1500,7,"C","C","A","CAMERON PARK DRIVE","PALMER DRIVE",280,"S","N","2015-10-19",9245,"2015-07-13",1445,"015563",,"2","9","0","2",,"1","015","-","N",,0,0,,,0,,,,"Y",2,"A","-",22350,,"N","A","H","-","A","D","0","Y","A","07",0,1,1,0,0,0,0,0,0,"-","-","UNINCORPORATED","EL DORADO","CA",-120.96934,38.66095
"90005690",-120.9347589,38.8221934,2015,"0900","3","6","4","03",0,2,"A",,,,,,1200,7,"C","C","A","SR-49","BACCHI RD",1590,"N","N","2015-10-19",9245,"2015-07-18",1120,"016465",,"1","9","0","1",,"1","115","-","Y",,0,0,,,0,,,,"Y",2,"A","-",22350,,"N","A","H","-","A","D","0","Y","A","07",0,0,2,0,0,0,0,0,0,"-","-","UNINCORPORATED","EL DORADO","CA",-120.93543,38.82261
"90005653",0,0,2015,"0900","2","7","3","08",0,1,"B",,,,,,1500,7,"F","A","A","US-50","OLD MEYERS GRADE",3115,"E","N","2015-10-19",9246,"2015-07-12",1220,"014478",,"1","9","0","1",,"1","021","-","Y",,0,0,,,0,,,,"Y",1,"A","-",22107,,"N","A","H","-","A","D","0","Y","A","01",0,1,0,0,0,0,0,0,0,"-","-","UNINCORPORATED","EL DORADO","CA",0,0
"90005635",0,0,2015,"0900","2","2","4","17",0,1,"A",,,"Y",,,1800,7,"F","A","A","US 50 W/B","RED HAWK PKWY",2640,"E","N","2015-10-19",9245,"2015-07-21",1742,"014956",,"2","9","0","1",,"2","120","-","Y",,0,0,,,0,,,,"Y",2,"A","-",23114,"A","N","A","H","-","D","D","0","Y","A","01",0,0,1,0,0,0,0,0,1,"-","-","UNINCORPORATED","EL DORADO","CA",-120.89597,38.69409
"90005626",-120.8247835,38.7552342,2015,"0900","3","6","4","08",0,1,"A",,,,,,2100,7,"A","I","A","SR-49","BARRY LN",500,"N","N","2015-10-19",9245,"2015-07-11",1915,"017728",,"2","9","0","1",,"1","115","-","Y",,0,0,,,0,,,,"Y",1,"A","-",22107,,"N","A","H","-","A","D","0","Y","A","01",0,0,1,0,0,0,0,0,0,"-","-","UNINCORPORATED","EL DORADO","CA",-120.8284,38.75445
"90005504",-120.3988515,38.7976155,2015,"0900","4","5","3","05",0,5,"A",,,,,,1500,7,"F","A","A","ICE HOUSE RD","PEAVINE RIDGE RD",1056,"N","N","2015-10-19",9245,"2015-07-17",1310,"012382",,"1","9","0","2",,"1","026","-","N",,0,0,,,0,,,,"Y",1,"A","-",21650,,"N","A","H","-","A","A","0","Y","A","01",0,2,3,0,0,0,0,0,0,"-","-","UNINCORPORATED","EL DORADO","CA",-120.39718,38.79712
"90005189",0,0,2015,"0900","2","4","4","08",0,1,"A",,,,,,600,7,"E","I","A","US-50 W/B","PONDEROSA ROAD`",37,"E","N","2015-10-19",9245,"2015-07-16",314,"018240",,"3","9","0","1",,"2","120","-","Y",,0,0,,,0,,,,"Y",1,"A","-",22107,,"N","A","H","-","D","D","0","Y","A","01",0,0,1,0,0,0,0,0,0,"-","-","UNINCORPORATED","EL DORADO","CA",-120.93744,38.66291
"90005185",-120.9722725,38.6868015,2015,"0900","5","3","3","12",0,1,"A",,"Y",,,,1200,7,"B","G","A","DRUMMOND WAY","SETON CT.",43,"E","N","2015-10-19",9245,"2015-07-15",935,"016465",,"1","9","0","3",,"2","001","-","N",,0,0,,,0,,,,"N",2,"A","-",22450,"A","N","A","H","-","A","A","0","Y","L","04",0,1,0,0,0,0,1,0,0,"-","-","UNINCORPORATED","EL DORADO","CA",-120.97208,38.68681
"90005174",0,0,2015,"0900","2","5","2","03",0,1,"A",,,"Y",,,2400,7,"C","C","A","US-50 W/B","EL DORADO RD",1300,"W","N","2015-10-19",9245,"2015-07-10",2156,"018240",,"2","9","0","1",,"2","120","-","Y",,0,0,,,0,,,,"Y",2,"A","-",22350,,"N","A","H","-","D","D","0","Y","A","01",1,0,0,0,0,0,0,0,1,"-","-","UNINCORPORATED","EL DORADO","CA",-120.86924,38.70056
"90005155",-120.8727348,38.7489385,2015,"0900","4","1","4","03",0,1,"A",,,,,,2100,7,"E","I","A","COLD SPRINGS RD","SKYVIEW LN",528,"N","N","2015-10-19",9245,"2015-07-06",1810,"015563",,"2","9","0","2",,"1","014","-","N",,0,0,,,0,,,,"Y",1,"A","-",22350,,"N","A","H","-","A","D","0","Y","A","07",0,0,1,0,0,0,0,0,0,"-","-","UNINCORPORATED","EL DORADO","CA",-120.87292,39.74905
"90004965",0,0,2015,"0900","5","1","3","03",0,1,"A",,,,,,2400,7,"E","I","A","GRIZZLY FLAT RD","ARCTIC LANE",1056,"W","N","2015-10-19",9245,"2015-07-13",2300,"014956",,"3","9","0","3",,"2","004","-","N",,0,0,,,0,,,,"Y",1,"A","-",22350,,"N","A","H","-","D","D","0","Y","A","01",0,1,0,0,0,0,0,0,0,"-","-","UNINCORPORATED","EL DORADO","CA",-120.57463,38.62267
"90004961",0,0,2015,"0900","5","7","3","08",0,1,"B",,,,,,1800,7,"E","I","A","CEDAR RAVINE RD. N/B","GEMSTONE RD.",90,"N","N","2015-10-19",9245,"2015-07-12",1740,"017757",,"2","9","0","3",,"2","004","-","N",,0,0,,,0,,,,"Y",1,"A","-",22107,,"N","A","H","-","A","D","0","Y","A","01",0,1,0,0,0,0,0,0,0,"-","-","UNINCORPORATED","EL DORADO","CA",-120.76091,38.70117
"90004873",0,0,2015,"0900","4","4","3","06",0,1,"A",,"Y",,,,900,7,"B","G","A","SALMON FALLS RD","UNKNOWN ",0,,"Y","2015-12-09",9245,"2015-07-02",735,"016451",,"1","9","0","2",,"2","012","-","N",,0,0,,,0,,,,"N",2,"A","-",21750,,"N","A","H","-","A","D","0","Y","-","99",0,1,0,0,0,0,1,0,0,"-","-","UNINCORPORATED","EL DORADO","CA",0,0
"90004868",0,0,2015,"0900","2","4","3","05",0,1,"A",,,,,,1200,7,"E","I","A","US-50","USFS ROAD 11N53",7392,"E","N","2015-10-19",9245,"2015-07-02",1158,"012382",,"1","9","0","1",,"1","160","-","Y",,0,0,,,0,,,,"Y",2,"A","-",21650,,"N","A","H","-","A","A","0","Y","D","22",0,1,0,0,0,0,0,0,0,"-","-","UNINCORPORATED","EL DORADO","CA",-120.35647,38.76672
"90004871",0,0,2015,"0900","3","3","2","03",0,1,"A",,,"Y",,,2500,7,"E","I","A","SR-49","UNKNOWN LOCATION",0,,"Y","2015-10-19",9245,"2015-07-01",2500,"016451",,"4","9","0","1",,"1","115","-","Y",,0,0,,,0,,,,"N",1,"A","-",22350,,"N","A","H","-","A","D","0","Y","C","02",1,0,0,0,0,0,0,0,1,"-","-","UNINCORPORATED","EL DORADO","CA",0,0
"90004666",-120.8055231,38.6948939,2015,"0900","4","5","2","18",0,2,"A",,,"Y",,,2400,7,"H","H","A","PLEASANT VALLEY RD","CANYON VALLEY RD",100,"W","N","2015-10-19",9245,"2015-07-03",2100,"018656",,"2","9","0","2",,"1","041","-","N",,0,0,,,0,,,,"N",1,"C","-",0,,"N","A","H","-","D","D","0","Y","-","-",1,0,1,0,0,0,0,0,2,"-","-","UNINCORPORATED","EL DORADO","CA",-120.80527,38.69498
"90004664",-120.8743494,38.8433873,2015,"0900","5","4","2","03",0,4,"B",,,,,,2100,7,"A","C","A","MARSHALL RD","CREEK PARK RANCH RD",53,"E","N","2015-10-19",9245,"2015-07-02",1817,"015607",,"2","9","0","3",,"2","002","C","N",,0,0,,,0,,,,"Y",2,"A","-",22350,,"N","B","H","-","A","D","0","Y","A","01",3,1,0,0,0,0,0,0,0,"-","-","UNINCORPORATED","EL DORADO","CA",-120.8744,38.8435
"90004646",-120.5770171,38.768645,2015,"0900","S","6","4","01",0,1,"A",,,,,"Y",1500,7,"E","I","A","DEEP HAVEN RD","ROMER BLVD",430,"E","N","2015-10-19",9245,"2015-07-04",1402,"015607",,"2","9","0","2",,"2","005","-","N",,0,0,,,0,,,,"Y",1,"A","-",23152,"A","M","A","H","-","A","D","0","Y","D","22",0,0,1,0,0,0,0,0,0,"-","-","UNINCORPORATED","EL DORADO","CA",-120.5769,38.7688
"90004628",-120.587824,38.7572857,2015,"0900","5","6","3","01",0,1,"A",,,"Y",,"Y",1800,7,"B","C","A","RIDGEWAY DR","YORK CT",500,"W","N","2015-10-19",9245,"2015-07-04",1735,"017737",,"2","9","0","3",,"2","004","-","N",,0,0,,,0,,,,"Y",2,"A","-",23152,"A","N","A","H","-","A","D","0","Y","C","02",0,1,0,0,0,0,0,0,1,"-","-","UNINCORPORATED","EL DORADO","CA",-120.58734,38.75732
"90004599",0,0,2015,"0900","2","2","4","03",0,1,"A",,,,,,1800,6,"C","C","A","U.S. HIGHWAY 50","STATE ROUTE 89",55,"E","N","2015-10-19",9246,"2015-06-23",1638,"010056",,"2","9","0","1",,"1","022","-","Y",,0,0,,,0,,,,"N",2,"A","-",22350,,"N","A","H","-","A","A","0","Y","A","07",0,0,1,0,0,0,0,0,0,"-","-","UNINCORPORATED","EL DORADO","CA",-120.02191,38.85108
"90004571",-121.1095326,38.7006765,2015,"0900","5","7","2","01",0,1,"A",,,,,"Y",1800,7,"F","A","A","GREEN VALLEY RD","SHADOWFAX LN",15,"E","N","2015-10-19",9245,"2015-07-05",1722,"018663",,"2","9","0","3",,"2","001","-","N",,0,0,,,0,,,,"Y",1,"A","-",23152,"A","N","A","H","-","A","D","0","Y","A","08",1,0,0,0,0,0,0,0,0,"-","-","UNINCORPORATED","EL DORADO","CA",-121.1094,38.70081
"90004484",0,0,2015,"0900","2","5","4","08",0,3,"A",,,,,,1800,7,"E","I","A","US-50","WHITEHALL CANYON ROAD",2112,"E","N","2015-10-19",9245,"2015-07-03",1510,"017737",,"2","9","0","1",,"1","170","-","Y",,0,0,,,0,,,,"Y",1,"A","-",22107,,"N","A","H","-","A","D","0","Y","A","01",0,0,3,0,0,0,0,0,0,"-","-","UNINCORPORATED","EL DORADO","CA",-121.25468,38.45879
"90004472",0,0,2015,"0900","2","1","3","03",0,1,"A",,,,,,1200,7,"C","C","A","US HWY 50 (W/B)","EL DORADO HILLS BLVD",4275,"E","N","2015-10-19",9245,"2015-07-06",910,"012833",,"1","9","0","1",,"2","110","-","Y",,0,0,,,0,,,,"Y",2,"A","-",22350,,"N","A","C","D","A","D","0","Y","D","22",0,1,0,0,0,0,0,0,0,"-","-","UNINCORPORATED","EL DORADO","CA",-121.04922,38.65875
"90004475",0,0,2015,"0900","5","7","3","01",0,1,"A",,,,,"Y",300,7,"H","J","A","CARSON ROAD","GLENVIEW DR",10,"E","N","2015-10-19",9245,"2015-07-05",120,"018624","9245","3","9","0","3",,"2","002","-","N",,0,0,,,0,,,,"Y",1,"A","-",23152,"A","N","A","H","-","D","D","0","Y","A","01",0,1,0,0,0,0,0,0,0,"-","-","UNINCORPORATED","EL DORADO","CA",-120.77578,38.74061
"90004462",-121.0855253,38.7094567,2015,"0900","4","2","4","09",0,2,"A",,,,,,2400,6,"D","C","A","GREEN VALLEY  ROAD","FRANCISCO DR",18,"W","N","2015-10-19",9245,"2015-06-30",2140,"012833",,"2","9","0","2",,"2","011","-","N",,0,0,,,0,,,,"Y",2,"A","-",21453,"C","N","A","H","-","C","A","0","Y","A","01",0,0,2,0,0,0,0,0,0,"-","-","UNINCORPORATED","EL DORADO","CA",-121.08512,38.70963
"90004252",0,0,2015,"0901","2","3","3","03",0,1,"B",,,"Y",,,1500,7,"F","A","A","US-50 E/B TO FORNI ROAD","FORNI ROAD",100,"W","N","2015-10-19",9245,"2015-07-01",1250,"017089",,"1","2","0","1",,"2","120","-","Y",,0,0,,,0,,,,"Y",1,"A","-",22350,,"N","A","H","-","A","D","0","Y","C","02",0,1,0,0,0,0,0,0,1,"-","-","PLACERVILLE","EL DORADO","CA",0,0
"90004250",-120.9808226,38.702891,2015,"0900","4","4","4","08",0,1,"B",,,,,,2400,7,"E","I","A","GREEN VALLEY RD","WALNUT DR",378,"E","N","2015-10-19",9245,"2015-07-02",2309,"018240",,"3","9","0","2",,"2","011","-","N",,0,0,,,0,,,,"Y",1,"A","-",22107,,"N","A","H","-","D","D","0","Y","D","22",0,0,1,0,0,0,0,0,0,"-","-","UNINCORPORATED","EL DORADO","CA",-120.98808,38.70014
"90004174",-119.9778098,38.8884328,2015,"0900","4","2","1","08",1,0,"A",,"Y",,,,1200,6,"B","G","A","PIONEER TRAIL","JICARILLA DRIVE",373,"S","N","2016-01-27",9246,"2015-06-09",1140,"010056",,"1","9","0","2",,"1","024","-","N",,0,0,,,0,,,,"N",2,"A","-",22107,,"N","A","H","-","A","D","0","Y","A","07",0,0,0,0,0,1,0,0,0,"-","-","UNINCORPORATED","EL DORADO","CA",-119.97702,38.88829
"7181684",0,0,2015,"0901","0","3","4","22",0,1,"A","Y",,,,,1800,12,"G","B","E","EL DORADO COUNTY LINE","POINT VIEW DR",528,"W","N","2016-08-19",901,"2015-12-30",1756,"301","0901","5","2","0","0",,"0","PP2","-","N",,0,0,,,0,,,,"N",2,"B","-",0,,"N","A","H","-","B","D","0","Y","A","08",0,0,1,0,1,0,0,0,0,"-","-","PLACERVILLE","EL DORADO","CA",0,0
"7153728",-120.8336475,38.7216256,2015,"0901","0","2","4","00",0,4,"A",,,,,,2400,12,"F","I","A","PLACERVILLE DR","FORNI RD",353,"W","N","2016-02-24",901,"2015-12-29",2128,"308","0901","5","2","0","0",,"0","PP1","-","N",,0,0,,,0,,,,"Y",1,"D","-",0,,"N","C","G","-","C","D","0","Y","-","-",0,0,4,0,0,0,0,0,0,"-","-","PLACERVILLE","EL DORADO","CA",0,0
"7140599",0,0,2015,"0901","0","4","4","05",0,1,"A",,,,,,2100,11,"E","I","A","COUNTRY CLUB DR","COVEY DR",588,"E","N","2016-08-16",901,"2015-11-05",1946,"301","0901","5","2","0","0",,"0","PP2","-","N",,0,0,,,0,,,,"Y",1,"A","-",21650,,"N","A","H","-","C","D","0","Y","A","01",0,0,1,0,0,0,0,0,0,"-","-","PLACERVILLE","EL DORADO","CA",0,0
"7127686",-120.8210309,38.7315095,2015,"0901","0","5","4","05",0,1,"A",,,,,,2400,11,"H","E","A","PLACERVILLE DR","COLD SPRINGS RD",731,"E","N","2015-12-03",901,"2015-11-06",2214,"296","0901","5","2","0","0",,"0","PP1","-","N",,0,0,,,0,,,,"Y",2,"A","-",21650,,"N","A","H","-","C","D","0","Y","A","01",0,0,1,0,0,0,0,0,0,"-","-","PLACERVILLE","EL DORADO","CA",0,0
"7125030",-120.8356077,38.7254916,2015,"0901","0","5","4","09",0,1,"A",,,,,,1200,10,"D","C","A","PLACERVILLE DR","ARMORY DR",23,"N","N","2016-02-03",901,"2015-10-23",1128,"288","0901","5","2","0","0",,"0","PP1","-","N",,0,0,,,0,,,,"Y",2,"A","-",21802,"A","N","A","H","-","A","B","0","Y","-",,0,0,1,0,0,0,0,0,0,"-","-","PLACERVILLE","EL DORADO","CA",0,0
"7125022",-120.8436448,38.7090333,2015,"0901","0","2","2","12",0,1,"A",,,,"Y",,2100,10,"A","C","A","RT 50","SPRING ST",0,,"Y","2017-01-31",901,"2015-10-13",1845,"264","0901","5","2","0","0",,"0","PP1","-","Y","ED",3,50,"-","-",14.828,"I","5","W","Y",2,"A","-",21453,"A","N","A","H","-","A","A","0","Y","F","21",1,0,0,0,0,0,0,0,0,"-","-","PLACERVILLE","EL DORADO","CA",0,0
"7125018",-120.8349844,38.7248221,2015,"0901","0","5","4","08",0,2,"A",,,,,,1800,10,"A","C","A","PLACERVILLE DR","FORNI RD",1584,"W","N","2015-12-03",901,"2015-10-16",1525,"288","0901","5","2","0","0",,"0","PP1","-","N",,0,0,,,0,,,,"Y",2,"A","-",22107,,"N","A","H","-","A","D","0","Y","-",,0,0,2,0,0,0,0,0,0,"-","-","PLACERVILLE","EL DORADO","CA",0,0
"7097310",-119.9862081,38.9252488,2015,"0902","0","7","3","01",0,2,"B",,,,,"Y",2100,10,"C","C","A","LAKE TAHOE BL","SIERRA BL",39,"W","N","2017-01-31",902,"2015-10-04",2039,"208","0902","5","3","0","0",,"0","WEST","-","Y","ED",3,50,"-","-",76.73,"H","-","E","Y",2,"A","-",23152,,"N","A","H","-","D","A","0","Y","A","01",0,1,1,0,0,0,0,0,0,"-","-","SOUTH LAKE TAHOE","EL DORADO","CA",0,0
"7097213",-120.0040139,38.912445,2015,"0902","0","6","2","09",0,1,"A",,,"Y",,,1500,6,"D","C","A","EMERALD BAY RD","LAKE TAHOE BL",436,"S","N","2017-01-10",902,"2015-06-20",1240,"191","0902","5","3","0","0",,"0","00W","-","Y","ED",3,50,"-","-",75.37,"H","-","W","Y",2,"A","-",21801,"A","N","A","H","-","A","A","0","Y","D","22",1,0,0,0,0,0,0,0,1,"-","-","SOUTH LAKE TAHOE","EL DORADO","CA",0,0
"7097209",-119.9533129,38.950374,2015,"0902","0","7","3","03",0,1,"A",,"Y",,,,1200,7,"D","G","A","WILDWOOD AV","LAKE TAHOE BL",0,,"Y","2017-01-13",902,"2015-07-26",1138,"220","SLT","5","3","0","0",,"0",,"-","Y","ED",3,50,"-","-",79.55,"I","5","E","N",2,"A","-",22350,,"N","A","H","-","A","A","0","Y","L","04",0,1,0,0,0,0,1,0,0,"-","-","SOUTH LAKE TAHOE","EL DORADO","CA",0,0
"7097201",-120.0010168,38.9072945,2015,"0902","0","2","2","09",0,1,"A",,"Y",,"Y",,1500,9,"D","C","A","EMERALD BAY RD","D ST",0,,"Y","2017-01-14",902,"2015-09-22",1450,"131",,"5","3","0","0",,"0",,"-","Y","ED",3,50,"-","-",74.98,"H","-","W","N",2,"A","-",21802,"A","F","A","H","-","A","A","0","Y","L","04",1,0,0,0,0,0,1,0,0,"-","-","SOUTH LAKE TAHOE","EL DORADO","CA",0,0
"7078728",-120.812523,38.7297852,2015,"0901","0","6","3","09",0,1,"A",,,,,,1500,8,"D","C","A","PLACERVILLE DR","RT 50",0,,"Y","2017-01-13",901,"2015-08-29",1449,"306",,"5","2","0","0",,"0","PP1","-","Y","ED",3,50,"-","-",17.164,"R","4","E","Y",2,"A","-",21801,"A","N","A","H","-","A","D","0","Y","A","01",0,1,0,0,0,0,0,0,0,"-","-","PLACERVILLE","EL DORADO","CA",0,0
"7074123",-120.804473,38.7283152,2015,"0901","0","7","4","00",0,1,"A",,,,,,1800,8,"C","C","A","RT 50","]SPRING ST",0,,"Y","2017-01-13",901,"2015-08-30",1742,"264","0901","5","2","0","0",,"0","PP1","-","Y","ED",3,50,"-","-",17.667,"I","6","W","N",2,"D","-",0,,"M","A","H","-","A","A","0","Y","-","-",0,0,1,0,0,0,0,0,0,"-","-","PLACERVILLE","EL DORADO","CA",0,0
"7074127",-120.8362051,38.7260122,2015,"0901","0","1","4","09",0,1,"A",,,,,,1800,9,"C","C","A","PLACERVILLE DR","ARMORY DR",278,"N","N","2015-09-25",901,"2015-09-14",1659,"237","0901","5","2","0","0",,"0","PP1","-","N",,0,0,,,0,,,,"Y",2,"A","-",21804,"A","N","A","H","-","A","D","0","Y","A","01",0,0,1,0,0,0,0,0,0,"-","-","PLACERVILLE","EL DORADO","CA",0,0
"7074119",-120.8023607,38.7292646,2015,"0901","0","7","2","03",0,2,"A",,,"Y",,,1800,8,"C","C","A","RT 50","CENTER ST",184,"E","N","2017-01-13",901,"2015-08-23",1754,"237","0901","5","2","0","0",,"0","PP1","-","Y","ED",3,50,"-","-",17.82,"H","-","W","Y",2,"A","-",22350,,"N","A","H","-","A","A","0","Y","C","02",1,0,1,0,0,0,0,0,2,"-","-","PLACERVILLE","EL DORADO","CA",0,0
"7061852",-120.0034375,38.9112193,2015,"0902","0","7","4","09",0,3,"A",,,,,,1200,8,"A","C","A","EMERALD BAY RD","B ST",231,"N","N","2017-01-13",902,"2015-08-16",1117,"220","0902","5","3","0","0",,"0","WEST","-","Y","ED",3,50,"-","-",75.28,"H","-","W","Y",2,"A","-",21804,"A","N","A","H","-","A","D","0","Y","A","01",0,0,3,0,0,0,0,0,0,"-","-","SOUTH LAKE TAHOE","EL DORADO","CA",0,0