"CASEID","POINT_X","POINT_Y","YEAR_","LOCATION","CHPTYPE","DAYWEEK","CRASHSEV","VIOLCAT","KILLED","INJURED","WEATHER1","PEDCOL","BICCOL","MCCOL","TRUCKCOL","ETOH","TIMECAT","MONTH_","CRASHTYP","INVOLVE","PED","PRIMARYRD","SECONDRD","DISTANCE","DIRECT","INTERSECT_","PROCDATE","JURIS","DATE_","TIME_","BADGE","JURIDIST","SHIFT","POP","SPECIAL","BEATTYPE","LAPDDIV","BEATCLAS","BEATNUMB","WEATHER2","STATEHW","CALTRANC","CALTRAND","STROUTE","ROUTESUF","POSTPRE","POSTMILE","LOCATYPE","RAMP","SIDEHW","TOWAWAY","PARTIES","PCF","VIOLCODE","VIOL","VIOLSUB","HITRUN","ROADSURF","RDCOND1","RDCOND2","LIGHTING","RIGHTWAY","CHPRDTYP","NOTPRIV","STFAULT","CHPFAULT","SEVINJ","OTHERINJ","COP","PEDKILL","PEDINJ","BICKILL","BICINJ","MCKILL","MCINJURE","RAMP1","RAMP2","CITY","COUNTY","STATE","X_CHP","Y_CHP"
"7061851",-119.953508,38.942949,2015,"0902","0","2","2","01",0,1,"A",,"Y",,,,1800,8,"D","G","A","SKI RUN BL","SPRUCE AV",15,"S","N","2015-10-23",902,"2015-08-11",1553,"222","0902","5","3","0","0",,"0","EAST","-","N",,0,0,,,0,,,,"N",2,"A","-",21200,"5","N","A","H","-","A","D","0","Y","L","04",1,0,0,0,0,0,1,0,0,"-","-","SOUTH LAKE TAHOE","EL DORADO","CA",0,0
"7061850",-119.9540029,38.9329451,2015,"0902","0","5","3","03",0,2,"A",,,,,,2100,8,"C","C","A","PIONEER TR","HERBERT AV",0,,"Y","2015-10-23",902,"2015-08-28",1905,"215",,"5","3","0","0",,"0",,"-","N",,0,0,,,0,,,,"Y",3,"A","-",22350,,"N","A","H","-","A","D","0","Y","A","07",0,1,1,0,0,0,0,0,0,"-","-","SOUTH LAKE TAHOE","EL DORADO","CA",0,0
"7061756",-119.9683751,38.9454956,2015,"0902","0","5","3","07",0,1,"A","Y",,,,"Y",300,6,"B","J","E","LAKE TAHOE BL","JOHNSON BL",0,,"Y","2016-10-31",902,"2015-06-19",45,"193","0902","5","3","0","0",,"0","EAST","-","Y","ED",3,50,"-","-",78.66,"H","-","E","N",2,"A","-",21658,"A","M","A","H","-","C","-","0","Y","A","07",0,1,0,0,1,0,0,0,0,"-","-","SOUTH LAKE TAHOE","EL DORADO","CA",0,0
"7061755",0,0,2015,"0902","0","5","4","01",0,1,"B",,,,,"Y",2400,6,"E","I","A","TAHOE KEYS BL","TAHOE KEYS BL 489",0,,"-","2015-10-26",902,"2015-06-05",2159,"216",,"5","3","0","0",,"0",,"-","N",,0,0,,,0,,,,"Y",1,"A","-",23152,"A","N","A","H","-","C","D","0","Y","A","01",0,0,1,0,0,0,0,0,0,"-","-","SOUTH LAKE TAHOE","EL DORADO","CA",0,0
"7061754",-119.9519428,38.9445352,2015,"0902","0","5","3","12",0,1,"A",,,,,,1800,6,"D","C","A","TAMARACK AV","SONORA AV",0,,"Y","2015-10-26",902,"2015-06-26",1716,"191","0902","5","3","0","0",,"0","00E","-","N",,0,0,,,0,,,,"Y",2,"A","-",22450,"A","N","A","H","-","A","A","0","Y","A","07",0,1,0,0,0,0,0,0,0,"-","-","SOUTH LAKE TAHOE","EL DORADO","CA",0,0
"7052090",-120.8055781,38.728676,2015,"0901","0","4","4","10",0,1,"A","Y",,,,,900,8,"G","B","B","RT 50","SPRING ST",0,,"Y","2017-01-13",901,"2015-08-20",812,"296","PPD","5","2","0","0",,"0","THU","-","Y","ED",3,49,"-","-",14.891,"I","5","N","N",2,"A","-",21950,"A","M","A","H","-","A","A","0","Y","A","01",0,0,1,0,1,0,0,0,0,"-","-","PLACERVILLE","EL DORADO","CA",0,0
"7029724",-120.778373,38.730045,2015,"0901","0","7","3","21",0,1,"A","Y",,,,,1200,7,"G","B","E","WILTSE RD","LANE DR",0,,"Y","2015-08-29",901,"2015-07-19",1019,"301","0901","5","2","0","0",,"0","PP2","-","N",,0,0,,,0,,,,"N",2,"A","-",22106,,"N","A","H","-","A","D","0","Y","A","01",0,1,0,0,1,0,0,0,0,"-","-","PLACERVILLE","EL DORADO","CA",0,0
"7006156",-120.852508,38.6310756,2015,"0900","3","1","1","08",1,0,"B",,,,,,600,5,"E","I","A","RT 49","CRYSTAL BL",1056,"S","N","2015-09-25",9245,"2015-05-18",405,"13405",,"3","9","0","1",,"1","135","-","Y","ED",3,49,"-","-",5.95,"H","-","N","Y",1,"A","-",22107,,"N","A","H","-","D","D","0","Y","A","01",0,0,0,0,0,0,0,0,0,"-","-","UNINCORPORATED","EL DORADO","CA",-120.85252,38.63108
"7006033",-119.9772929,38.9401944,2015,"0902","0","7","1","09",1,1,"A",,,"Y",,,2100,7,"A","C","A","LAKE TAHOE BL","MODESTO AV",0,,"Y","2015-07-28",902,"2015-07-05",2027,"219","0902","5","3","0","0",,"0",,"-","Y","ED",3,50,"-","-",77.925,"I","5","W","Y",2,"A","-",21801,"A","N","A","H","-","B","D","0","Y","D","22",0,1,0,0,0,0,0,1,0,"-","-","SOUTH LAKE TAHOE","EL DORADO","CA",0,0
"6995548",0,0,2015,"0901","0","5","4","01",0,1,"A",,,,,,1200,7,"A","C","A","MAIN ST","BROADWAY DR",30,"S","N","2015-08-18",901,"2015-07-10",1131,"288","0901","5","2","0","0",,"0","PP2","-","N",,0,0,,,0,,,,"Y",2,"A","-",23152,"E","N","A","H","-","A","D","0","Y","I","11",0,0,1,0,0,0,0,0,0,"-","-","PLACERVILLE","EL DORADO","CA",0,0
"6987551",-120.9559725,38.8270589,2015,"0900","3","1","2","01",0,2,"A",,,,,"Y",300,6,"F","A","A","RT 49","GREENWOOD CRK",528,"S","N","2016-12-17",9245,"2015-06-29",13,"013028",,"3","9","0","1",,"1","115","-","Y","ED",3,49,"-","-",26.72,"H","-","N","Y",1,"A","-",23152,"A","N","A","D","-","D","D","0","Y","D","22",1,1,0,0,0,0,0,0,0,"-","-","UNINCORPORATED","EL DORADO","CA",-120.94393,38.82737
"6984515",-120.7988967,38.7296323,2015,"0901","0","3","4","05",0,1,"A",,,,,,2100,6,"E","I","A","MAIN ST","BEDFORD AV",79,"E","N","2015-07-18",901,"2015-06-10",1800,"287","901","5","2","0","0",,"0","PP2","-","N",,0,0,,,0,,,,"Y",1,"A","-",21650,,"N","A","H","-","A","D","0","Y","A","01",0,0,1,0,0,0,0,0,0,"-","-","PLACERVILLE","EL DORADO","CA",0,0
"6984511",-120.9254633,38.9097411,2015,"0900","3","1","3","08",0,1,"A",,,,,,2100,6,"F","I","A","RT 193","PILGRIM CT",528,"W","N","2016-10-31",9245,"2015-06-15",1920,"13405",,"2","9","0","1",,"1","122","-","Y","ED",3,193,"-","R",5.68,"H","-","E","Y",1,"A","-",22107,,"N","A","H","-","A","D","0","Y","A","07",0,1,0,0,0,0,0,0,0,"-","-","UNINCORPORATED","EL DORADO","CA",-120.92544,38.9097
"6980468",-120.0104118,38.8653098,2015,"0900","4","3","4","03",0,3,"A",,,,,,1500,6,"C","C","A","RT 50","COUNTRY CLUB DR",0,,"Y","2016-11-02",9246,"2015-06-24",1350,"015335",,"1","9","0","2",,"1","025","-","Y","ED",3,50,"-","-",71.92,"H","-","E","N",2,"A","-",22350,,"N","A","H","-","A","D","0","Y","E","22",0,0,3,0,0,0,0,0,0,"-","-","UNINCORPORATED","EL DORADO","CA",-120.01043,38.8654
"6980282",-120.9985124,38.6588773,2015,"0900","5","1","3","00",0,1,"A",,,"Y",,,1200,6,"D","C","A","CAMBRIDGE RD","KNOLLWOOD DR",7,"S","N","2015-07-13",9245,"2015-06-29",944,"013342",,"1","9","0","3",,"2","001","-","N",,0,0,,,0,,,,"Y",2,"A","-",21755,"A","N","A","H","-","A","D","0","Y","C","02",0,1,0,0,0,0,0,0,1,"-","-","UNINCORPORATED","EL DORADO","CA",0,0
"6980278",-120.7949794,38.704287,2015,"0900","5","6","4","05",0,1,"A",,,,,,1200,6,"E","I","A","BIG CUT RD","COON HOLLOW RD",2112,"S","N","2015-07-14",9245,"2015-06-27",1050,"012382",,"1","9","0","3",,"2","004","-","N",,0,0,,,0,,,,"N",1,"A","-",21650,,"N","A","H","-","A","A","0","Y","A","01",0,0,1,0,0,0,0,0,0,"-","-","UNINCORPORATED","EL DORADO","CA",-120.79279,38.70394
"6980221",-120.8462709,38.6820587,2015,"0900","3","3","4","03",0,2,"A",,,,,,1800,6,"C","C","A","RT 49","FORNI RD",50,"W","N","2016-10-31",9245,"2015-06-24",1720,"18656",,"2","9","0","1",,"1","135","-","Y","ED",3,49,"-","-",9.7,"H","-","N","N",2,"A","-",22350,,"N","A","H","-","A","D","0","Y","A","01",0,0,2,0,0,0,0,0,0,"-","-","UNINCORPORATED","EL DORADO","CA",-120.84592,36.68205
"6980217",-121.0159672,38.8869866,2015,"0900","3","7","3","12",0,2,"B",,,,,,1800,6,"D","C","A","RT 49","RT 193",0,,"Y","2016-10-31",9245,"2015-06-28",1740,"15262",,"2","9","0","1",,"1","115","-","Y","ED",3,49,"-","-",34.466,"I","5","S","Y",2,"A","-",22450,"A","N","A","D","-","A","A","0","Y","A","01",0,2,0,0,0,0,0,0,0,"-","-","UNINCORPORATED","EL DORADO","CA",-121.0159,38.8869
"6978894",-120.608589,38.7513122,2015,"0900","4","6","4","03",0,2,"A",,,,,,2100,6,"C","C","A","PONY EXPRESS TRL","GILMORE RD",2,"W","N","2015-07-10",9245,"2015-06-20",1805,"017757",,"2","9","0","2",,"1","025","-","N",,0,0,,,0,,,,"Y",2,"A","-",22350,,"N","A","H","-","A","D","0","Y","A","01",0,0,2,0,0,0,0,0,0,"-","-","UNINCORPORATED","EL DORADO","CA",0,0
"6978892",0,0,2015,"0900","5","6","3","00",0,1,"A",,,,,,1500,6,"B","C","A","PLEASANT ST","RACQUET WY",0,,"Y","2015-07-13",9245,"2015-06-13",1345,"018656",,"1","9","0","3",,"2","004","-","N",,0,0,,,0,,,,"Y",2,"A","-",22650,,"N","A","H","-","A","D","0","Y","A","01",0,1,0,0,0,0,0,0,0,"-","-","UNINCORPORATED","EL DORADO","CA",0,0
"6978201",0,0,2015,"0900","4","1","3","12",0,3,"A",,,,,,1200,6,"D","C","A","EL DORADO HILLS BL","HARVARD WY",0,,"Y","2015-07-16",9245,"2015-06-08",933,"016629",,"1","9","0","2",,"2","012","-","N",,0,0,,,0,,,,"Y",2,"A","-",21453,"A","N","A","H","-","A","A","0","Y","A","01",0,3,0,0,0,0,0,0,0,"-","-","UNINCORPORATED","EL DORADO","CA",0,0
"6976490",-119.99973,38.8914371,2015,"0900","2","7","3","18",0,1,"A",,"Y",,,,2100,5,"F","G","A","RT 50","AIRPORT RD",1320,"W","N","2017-01-04",9246,"2015-05-31",1830,"18206",,"2","9","0","1",,"1","022","-","Y","ED",3,50,"-","-",73.84,"H","-","W","N",1,"C","-",0,,"N","A","H","-","A","D","0","Y","-","-",0,1,0,0,0,0,1,0,0,"-","-","UNINCORPORATED","EL DORADO","CA",-119.9999,38.8941
"6976486",-120.0631761,38.9336682,2015,"0900","3","7","3","08",0,1,"A",,"Y",,,,1200,5,"F","A","A","RT 89","MOUNT TALLAC RD",528,"S","N","2016-10-31",9246,"2015-05-31",1105,"14478",,"1","9","0","1",,"1","030","-","Y","ED",3,89,"-","-",12.43,"H","-","N","N",1,"A","-",22107,,"N","A","D","-","A","D","0","Y","L","04",0,1,0,0,0,0,1,0,0,"-","-","UNINCORPORATED","EL DORADO","CA",0,0
"6975540",-120.7368318,38.6794116,2015,"0900","5","7","4","01",0,1,"A",,,,,"Y",300,6,"H","I","A","BUCKS BAR RD","BUCKS BAR CT",300,"S","N","2015-07-07",9245,"2015-06-21",5,"018624","9245","3","9","0","3",,"2","004","-","N",,0,0,,,0,,,,"Y",1,"A","-",23152,"A","N","A","H","-","D","D","0","Y","A","01",0,0,1,0,0,0,0,0,0,"-","-","UNINCORPORATED","EL DORADO","CA",0,0
"6975536",0,0,2015,"0900","4","2","2","08",0,1,"A",,,,,,2400,6,"E","I","A","PLEASANT ST","BUCKS BAR RD",1056,"E","N","2015-07-07",9245,"2015-06-16",2230,"013028",,"3","9","0","2",,"1","041","-","N",,0,0,,,0,,,,"Y",1,"A","-",22107,,"N","A","H","-","D","D","0","Y","A","01",1,0,0,0,0,0,0,0,0,"-","-","UNINCORPORATED","EL DORADO","CA",0,0
"6974258",-120.964463,38.6596552,2015,"0900","2","1","4","03",0,1,"A",,,,,,1800,6,"C","C","A","RT 50","CAMERON PARK DR",30,"E","N","2016-11-02",9245,"2015-06-22",1630,"014956",,"2","9","0","1",,"2","110","-","Y","ED",3,50,"-","-",6.748,"R","1","W","N",2,"A","-",22350,,"N","A","H","-","A","A","1","Y","D","22",0,0,1,0,0,0,0,0,0,"TO","-","UNINCORPORATED","EL DORADO","CA",-120.96932,38.65881
"6974257",-120.8663681,38.6514278,2015,"0900","5","1","3","08",0,1,"A",,,,,"Y",300,6,"E","I","A","CHINA HILL RD","STEINS WY",1056,"S","N","2015-07-13",9245,"2015-06-01",213,"013405",,"3","9","0","3",,"2","003","-","N",,0,0,,,0,,,,"Y",1,"A","-",22107,,"N","A","H","-","D","D","0","Y","D","22",0,1,0,0,0,0,0,0,0,"-","-","UNINCORPORATED","EL DORADO","CA",-120.86608,38.6521
"6974256",0,0,2015,"0900","5","1","4","03",0,1,"A",,,,,,900,6,"D","C","A","BLACKSTONE PKWY","OPAL LN",0,,"Y","2015-07-13",9245,"2015-06-15",745,"016629",,"1","9","0","3",,"2","003","-","N",,0,0,,,0,,,,"Y",2,"A","-",22350,,"N","A","H","-","A","D","0","Y","D","22",0,0,1,0,0,0,0,0,0,"-","-","UNINCORPORATED","EL DORADO","CA",-121.05295,38.62548
"6974254",-120.5707092,38.7318582,2015,"0900","5","5","4","05",0,1,"A",,,,,,1500,6,"A","C","A","SLY PARK RD","BELA VISTA DR",500,"S","N","2015-07-13",9245,"2015-06-12",1430,"018656",,"2","9","0","3",,"2","004","-","N",,0,0,,,0,,,,"Y",2,"A","-",21650,,"N","A","H","-","A","D","0","Y","A","01",0,0,1,0,0,0,0,0,0,"-","-","UNINCORPORATED","EL DORADO","CA",-120.57057,38.73133
"6972854",-120.852134,38.6713182,2015,"0900","3","2","2","08",0,1,"A",,,,,,1800,6,"E","I","A","RT 49","MAISY LN",1584,"N","N","2016-10-31",9245,"2015-06-16",1615,"014956",,"2","9","0","1",,"1","135","-","Y","ED",3,49,"-","-",8.84,"H","-","S","Y",1,"A","-",22107,,"N","A","H","-","A","D","0","Y","A","01",1,0,0,0,0,0,0,0,0,"-","-","UNINCORPORATED","EL DORADO","CA",-120.85206,38.67174
"6972289",-120.8470336,38.7081669,2015,"0900","2","1","3","01",0,1,"A",,,,,,2100,6,"B","C","A","RT 50","MISSOURI FLAT RD",1675,"W","N","2016-11-02",9245,"2015-06-15",2026,"012833",,"2","9","0","1",,"2","120","-","Y","ED",3,50,"-","R",14.62,"H","-","W","Y",2,"A","-",23152,"E","N","A","H","-","A","D","1","Y","A","07",0,1,0,0,0,0,0,0,0,"-","-","UNINCORPORATED","EL DORADO","CA",-120.84606,38.70855
"6970521",-120.827953,38.7346151,2015,"0901","0","1","4","03",0,1,"A",,,,,,2100,6,"C","C","A","COLD SPRINGS RD","PIERROZ RD",0,,"Y","2015-07-18",901,"2015-06-22",2012,"264","0901","5","2","0","0",,"0","PP1","-","N",,0,0,,,0,,,,"N",2,"A","-",22350,,"N","A","H","-","A","D","0","Y","I","11",0,0,1,0,0,0,0,0,0,"-","-","PLACERVILLE","EL DORADO","CA",0,0
"6968707",-120.8744838,38.8433469,2015,"0900","5","6","3","08",0,1,"A",,,"Y",,,1500,6,"F","A","A","MARSHALL RD","CREEK PARK RANCH RD",12,"E","N","2015-07-11",9245,"2015-06-13",1340,"017757",,"1","9","0","3",,"2","002","-","N",,0,0,,,0,,,,"Y",1,"A","-",22107,,"N","A","A","-","A","D","0","Y","C","02",0,1,0,0,0,0,0,0,1,"-","-","UNINCORPORATED","EL DORADO","CA",-120.87436,38.84344
"6968706",-120.7345486,38.6783607,2015,"0900","4","3","3","08",0,3,"A",,,,,,1500,6,"A","C","A","BUCKS BAR RD","BUCKS BAR CT",1056,"S","N","2015-07-11",9245,"2015-06-17",1350,"015459",,"1","9","0","2",,"1","042","-","N",,0,0,,,0,,,,"Y",2,"A","-",22107,,"N","A","H","-","A","D","0","Y","A","01",0,1,2,0,0,0,0,0,0,"-","-","UNINCORPORATED","EL DORADO","CA",-120.69755,38.64777
"6967656",-121.0246731,38.6553652,2015,"0900","5","1","4","09",0,1,"A",,,,,,1800,6,"D","C","A","BASS LAKE RD","RT 50",0,,"Y","2016-11-02",9245,"2015-06-15",1520,"015262",,"2","9","0","3",,"2","001","-","Y","ED",3,50,"-","R",3.412,"R","4","W","Y",2,"A","-",21802,"A","N","A","H","-","A","A","1","Y","D","22",0,0,1,0,0,0,0,0,0,"-","WF","UNINCORPORATED","EL DORADO","CA",-121.0296,38.6561
"6966215",-121.0594585,38.7132598,2015,"0900","4","6","4","00",0,1,"B",,,,,,1800,6,"B","C","A","GREEN VALLEY RD","ROCKY SPRINGS RD",90,"W","N","2015-07-01",9245,"2015-06-06",1647,"15607",,"2","9","0","2",,"2","011","-","N",,0,0,,,0,,,,"N",2,"A","-",23103,"A","F","A","H","-","A","D","0","Y","A","07",0,0,1,0,0,0,0,0,0,"-","-","UNINCORPORATED","EL DORADO","CA",-121.0589,38.7133
"6966201",-120.8192425,38.6935898,2015,"0900","3","7","4","03",0,1,"A",,,,,,1500,6,"C","C","A","RT 49","FAITH LN",0,,"Y","2016-10-31",9245,"2015-06-14",1400,"014956",,"2","9","0","1",,"1","135","-","Y","ED",3,49,"-","-",11.51,"H","-","N","N",3,"A","-",22350,,"N","A","H","-","A","D","0","Y","A","01",0,0,1,0,0,0,0,0,0,"-","-","UNINCORPORATED","EL DORADO","CA",-120.81845,38.69356
"6966197",-120.746753,38.7317552,2015,"0900","2","6","4","07",0,1,"A",,,,,,900,6,"B","C","A","RT 50","PARKWAY DR",56,"W","N","2016-11-02",9245,"2015-06-13",810,"016465",,"1","9","0","1",,"2","140","-","Y","ED",3,50,"-","-",20.99,"H","-","W","Y",2,"A","-",21658,"A","N","A","H","-","A","D","1","Y","A","07",0,0,1,0,0,0,0,0,0,"-","-","UNINCORPORATED","EL DORADO","CA",-120.74958,38.7312
"6963181",-120.0223729,38.8510653,2015,"0900","2","4","4","09",0,1,"C",,,,,,1200,5,"D","C","A","SR 50","RT 89",0,,"Y","2016-11-02",9246,"2015-05-21",1153,"018006",,"1","9","0","1",,"1","022","-","Y","ED",3,50,"-","-",70.621,"I","5","E","Y",2,"A","-",21802,"A","N","B","H","-","A","D","0","Y","A","01",0,0,1,0,0,0,0,0,0,"-","-","UNINCORPORATED","EL DORADO","CA",0,0
"6962990",-120.6206805,38.7497865,2015,"0900","4","3","3","05",0,1,"A",,,,,,1500,6,"E","I","A","PONY EXPRESS TRL","ANDREWS LN",300,"E","N","2015-11-09",9245,"2015-06-17",1215,"12382",,"1","9","0","2",,"1","025","-","N",,0,0,,,0,,,,"Y",1,"A","-",21650,,"N","A","H","-","A","A","0","Y","D","22",0,1,0,0,0,0,0,0,0,"-","-","UNINCORPORATED","EL DORADO","CA",-120.62153,38.75
"6962986",-120.837811,38.7102961,2015,"0900","4","1","4","03",0,1,"A",,,,,,1500,6,"C","C","A","MISSOURI FLAT RD","MOTHER LODE DR",25,"S","N","2015-06-30",9245,"2015-06-15",1405,"13342",,"2","9","0","2",,"1","037","-","N",,0,0,,,0,,,,"Y",2,"A","-",22350,,"N","A","H","-","A","A","0","Y","D","22",0,0,1,0,0,0,0,0,0,"-","-","UNINCORPORATED","EL DORADO","CA",-120.83784,38.71037
"6961223",-120.7877903,38.6902497,2015,"0900","4","3","2","08",0,1,"B",,,"Y",,,1200,6,"F","A","A","PLEASANT VALLEY RD","BIG CUT RD",130,"W","N","2015-07-15",9245,"2015-06-10",910,"13929",,"1","9","0","2",,"1","041","-","N",,0,0,,,0,,,,"Y",1,"A","-",22107,,"N","A","H","-","A","D","0","Y","C","02",1,0,0,0,0,0,0,0,1,"-","-","UNINCORPORATED","EL DORADO","CA",-120.78751,38.69017
"6961203",-120.4448398,38.7714186,2015,"0900","4","7","3","08",0,1,"A",,,"Y",,,1500,6,"F","A","A","ICE HOUSE RD","WHITE MEADOW RD",3696,"N","N","2015-07-15",9245,"2015-06-14",1320,"13929",,"1","9","0","2",,"1","026","-","N",,0,0,,,0,,,,"N",1,"A","-",22107,,"N","A","H","-","A","D","0","Y","C","02",0,1,0,0,0,0,0,0,1,"-","-","UNINCORPORATED","EL DORADO","CA",-120.44407,38.7718
"6961198",-121.0167362,38.5944588,2015,"0900","4","2","3","01",0,1,"A",,,,,"Y",300,6,"E","I","A","LATROBE RD","COTHRIN RANCH RD",2615,"S","N","2015-07-11",9245,"2015-06-02",130,"012833",,"3","9","0","2",,"2","031","-","N",,0,0,,,0,,,,"Y",1,"A","-",23152,"A","N","A","H","-","D","D","0","Y","A","01",0,1,0,0,0,0,0,0,0,"-","-","UNINCORPORATED","EL DORADO","CA",-121.01702,38.59464
"6960944",-120.8640019,38.9128308,2015,"0900","3","7","3","00",0,1,"A",,,"Y",,,1800,6,"F","I","A","SPANISH DRY DIGGINS RD","AERODROME WY",2640,"E","N","2015-11-10",9245,"2015-06-14",1654,"16451",,"2","9","0","1",,"1","122","-","N",,0,0,,,0,,,,"Y",1,"A","-",23103,"A","N","A","H","-","A","A","0","Y","C","02",0,1,0,0,0,0,0,0,1,"-","-","UNINCORPORATED","EL DORADO","CA",-120.86755,38.9181
"6960140",-120.621173,38.7476752,2015,"0900","2","5","4","05",0,1,"B",,"Y",,,,1500,6,"D","G","A","RT 50","SLY PARK RD",5,"W","N","2016-11-02",9245,"2015-06-05",1330,"18656",,"1","9","0","1",,"2","140","-","Y","ED",3,50,"-","R",31.184,"R","4","E","N",2,"A","-",21650,"1","N","A","H","-","A","D","1","Y","L","04",0,0,1,0,0,0,1,0,0,"TO","-","UNINCORPORATED","EL DORADO","CA",0,0
"6960095",-120.8532149,38.7388875,2015,"0900","5","6","3","08",0,2,"B",,,,,"Y",1800,6,"E","I","A","COLD SPRINGS RD","GOOD SHEPARD LN",1,"N","N","2015-07-09",9245,"2015-06-06",1720,"17757",,"2","9","0","3",,"2","002","-","N",,0,0,,,0,,,,"Y",1,"A","-",22107,,"N","A","H","-","A","D","0","Y","A","01",0,2,0,0,0,0,0,0,0,"-","-","UNINCORPORATED","EL DORADO","CA",-120.85323,38.73888
"6959436",-120.999643,38.6869051,2015,"0900","5","5","3","09",0,1,"B",,,,,,1500,6,"D","C","A","CAMBRIDGE RD","ROYAL PARK DR",0,,"Y","2015-07-13",9245,"2015-06-05",1308,"15607",,"1","9","0","3",,"2","001","-","N",,0,0,,,0,,,,"Y",2,"A","-",21802,"A","N","A","H","-","A","D","0","Y","A","01",0,1,0,0,0,0,0,0,0,"-","-","UNINCORPORATED","EL DORADO","CA",-120.9997,38.6871
"6959428",-120.8352654,38.9101632,2015,"0900","5","2","4","01",0,1,"A",,,,,"Y",1800,6,"C","C","A","WENTWORTH SPRINGS RD","SCHOOL ST",500,"E","N","2015-10-29",9245,"2015-06-09",1755,"016451",,"2","9","0","3",,"2","002","-","N",,0,0,,,0,,,,"Y",2,"A","-",23152,"A","N","A","H","-","A","D","0","Y","D","22",0,0,1,0,0,0,0,0,0,"-","-","UNINCORPORATED","EL DORADO","CA",-120.83462,38.91064
"6959420",-121.0592973,38.7132625,2015,"0900","4","6","4","17",0,1,"B",,,,,,1800,6,"C","C","A","GREEN VALLEY RD","ROCKY SPRINGS RD",44,"W","N","2015-07-13",9245,"2015-06-06",1645,"17089",,"2","9","0","2",,"2","011","-","N",,0,0,,,0,,,,"Y",3,"A","-",22109,,"N","A","H","-","A","D","0","Y","A","01",0,0,1,0,0,0,0,0,0,"-","-","UNINCORPORATED","EL DORADO","CA",-121.0589,38.7133
"6959363",-120.9285057,38.6716546,2015,"0900","4","6","4","03",0,1,"A",,,,,,1800,6,"C","C","A","NORTH SHINGLE RD","EASTVIEW DR",100,"N","N","2015-07-13",9245,"2015-06-06",1500,"17089",,"2","9","0","2",,"1","013","-","N",,0,0,,,0,,,,"Y",3,"A","-",22350,,"N","A","H","-","A","D","0","Y","D","22",0,0,1,0,0,0,0,0,0,"-","-","UNINCORPORATED","EL DORADO","CA",-120.92846,38.67149
"6959285",-120.355573,38.7666752,2015,"0900","2","6","3","01",0,1,"A",,,,,"Y",1800,5,"E","I","A","RT 50","ALDER CREEK RD",7920,"E","N","2017-01-04",9245,"2015-05-30",1740,"013028",,"2","9","0","1",,"1","160","-","Y","ED",3,50,"-","-",45.33,"H","-","W","Y",1,"A","-",23152,"A","N","A","H","-","A","D","0","Y","D","22",0,1,0,0,0,0,0,0,0,"-","-","UNINCORPORATED","EL DORADO","CA",-120.2347,38.4627
"6958939",0,0,2015,"0900","5","4","4","03",0,1,"A",,,,,,2400,6,"F","J","A","FORT JIM CT","LEGACY LN",400,"N","N","2015-07-03",9245,"2015-06-18",2140,"18624","9245","2","9","0","3",,"2","004","-","N",,0,0,,,0,,,,"Y",1,"A","-",22350,,"N","A","H","-","A","D","0","Y","A","01",0,0,1,0,0,0,0,0,0,"-","-","UNINCORPORATED","EL DORADO","CA",-120.7113,38.70557
"6958935",-120.9781712,38.6714029,2015,"0900","4","1","3","08",0,1,"A",,,,,,1800,6,"E","I","A","CAMERON PARK DR","EL DORADO ROYALE DR",266,"N","N","2015-07-03",9245,"2015-06-22",1605,"15262",,"2","9","0","2",,"1","015","-","N",,0,0,,,0,,,,"Y",1,"A","-",22107,,"N","A","H","-","A","A","0","Y","A","07",0,1,0,0,0,0,0,0,0,"-","-","UNINCORPORATED","EL DORADO","CA",-120.9784,38.6715
"6958927",-120.837953,38.7103765,2015,"0900","4","4","4","03",0,1,"A",,,,,,1800,6,"C","C","A","MISSOURI FLAT RD","MOTHER LODE DR",25,"N","N","2015-07-03",9245,"2015-06-18",1735,"17089",,"2","9","0","2",,"1","037","-","N",,0,0,,,0,,,,"Y",2,"A","-",22350,,"N","A","H","-","A","A","0","Y","A","01",0,0,1,0,0,0,0,0,0,"-","-","UNINCORPORATED","EL DORADO","CA",-120.83794,38.71042
"6958653",-120.9288929,38.6897551,2015,"0900","4","1","4","03",0,1,"A",,,,,,1200,6,"C","C","A","NORTH SHINGLE RD","BLACK OAK DR",0,,"Y","2015-07-03",9245,"2015-06-15",900,"013342",,"1","9","0","2",,"1","013","-","N",,0,0,,,0,,,,"Y",2,"A","-",22350,,"N","A","H","-","A","D","0","Y","A","08",0,0,1,0,0,0,0,0,0,"-","-","UNINCORPORATED","EL DORADO","CA",-120.92901,38.68987
"6958454",-121.076453,38.668365,2015,"0900","5","4","4","12",0,2,"A",,,,,,900,6,"D","C","A","EL DORADO HILLS BL","WILSON BL",0,,"Y","2015-07-09",9245,"2015-06-04",802,"18663",,"1","9","0","3",,"2","001","-","N",,0,0,,,0,,,,"Y",2,"A","-",21453,"A","N","A","H","-","A","A","0","Y","A","01",0,0,2,0,0,0,0,0,0,"-","-","UNINCORPORATED","EL DORADO","CA",-121.07633,38.66833
"6958450",-120.9893431,38.6600951,2015,"0900","5","2","4","09",0,1,"B",,,,,,1800,6,"D","C","A","COUNTRY CLUB DR","ROYAL DR",0,,"Y","2015-07-09",9245,"2015-06-09",1645,"15262",,"2","9","0","3",,"2","001","C","N",,0,0,,,0,,,,"N",2,"A","-",21802,"A","N","B","H","-","A","A","0","Y","A","01",0,0,1,0,0,0,0,0,0,"-","-","UNINCORPORATED","EL DORADO","CA",-120.9807,38.6603