"CASEID","POINT_X","POINT_Y","YEAR_","LOCATION","CHPTYPE","DAYWEEK","CRASHSEV","VIOLCAT","KILLED","INJURED","WEATHER1","PEDCOL","BICCOL","MCCOL","TRUCKCOL","ETOH","TIMECAT","MONTH_","CRASHTYP","INVOLVE","PED","PRIMARYRD","SECONDRD","DISTANCE","DIRECT","INTERSECT_","PROCDATE","JURIS","DATE_","TIME_","BADGE","JURIDIST","SHIFT","POP","SPECIAL","BEATTYPE","LAPDDIV","BEATCLAS","BEATNUMB","WEATHER2","STATEHW","CALTRANC","CALTRAND","STROUTE","ROUTESUF","POSTPRE","POSTMILE","LOCATYPE","RAMP","SIDEHW","TOWAWAY","PARTIES","PCF","VIOLCODE","VIOL","VIOLSUB","HITRUN","ROADSURF","RDCOND1","RDCOND2","LIGHTING","RIGHTWAY","CHPRDTYP","NOTPRIV","STFAULT","CHPFAULT","SEVINJ","OTHERINJ","COP","PEDKILL","PEDINJ","BICKILL","BICINJ","MCKILL","MCINJURE","RAMP1","RAMP2","CITY","COUNTY","STATE","X_CHP","Y_CHP"
"6957110",-120.7944669,38.7293942,2015,"0901","0","6","4","09",0,3,"A",,,,,,2100,4,"A","C","A","MAIN ST","LOCUST AV",250,"W","N","2016-06-08",901,"2015-04-25",1829,"301","0901","5","2","0","0",,"0","PP2","-","N",,0,0,,,0,,,,"Y",2,"A","-",21801,"A","N","A","H","-","A","D","0","Y","A","01",0,0,3,0,0,0,0,0,0,"-","-","PLACERVILLE","EL DORADO","CA",0,0
"6955777",-120.2655798,38.7765673,2015,"0900","2","2","3","05",0,1,"A",,,,,,900,6,"F","A","A","RT 50","KYBURZ DR",8976,"E","N","2016-11-02",9245,"2015-06-02",747,"013279",,"1","9","0","1",,"1","160","-","Y","ED",3,50,"-","-",50.73,"H","-","W","Y",1,"A","-",21650,,"N","A","H","-","A","A","0","Y","A","07",0,1,0,0,0,0,0,0,0,"-","-","UNINCORPORATED","EL DORADO","CA",0,0
"6955773",-120.8465143,38.7080759,2015,"0900","2","2","3","03",0,1,"A",,,,,,600,6,"E","I","A","RT 50","MISSOURI FLAT RD",2315,"W","N","2016-11-02",9245,"2015-06-02",433,"012833",,"3","9","0","1",,"2","120","-","Y","ED",3,50,"-","R",14.62,"H","-","E","Y",1,"A","-",22350,,"N","A","H","-","D","D","1","Y","A","01",0,1,0,0,0,0,0,0,0,"-","-","UNINCORPORATED","EL DORADO","CA",-120.84544,38.70827
"6952101",-121.085463,38.709465,2015,"0900","5","2","3","12",0,1,"A",,"Y",,,,2100,6,"D","G","A","GREEN VALLEY RD","FRANCISCO DR",0,,"Y","2015-07-13",9245,"2015-06-02",2045,"013405",,"2","9","0","3",,"2","001","-","N",,0,0,,,0,,,,"N",2,"A","-",21453,"A","N","A","H","-","C","A","0","Y","L","04",0,1,0,0,0,0,1,0,0,"-","-","UNINCORPORATED","EL DORADO","CA",-120.0853,38.70966
"6950467",-120.9176478,38.9043483,2015,"0900","3","4","3","01",0,1,"B",,,,,"Y",2100,5,"E","I","A","RT 193","WILD LILAC LN",708,"W","N","2016-10-31",9245,"2015-05-21",1927,"015607",,"2","9","0","1",,"1","122","-","Y","ED",3,193,"-","R",6.59,"H","-","E","Y",1,"A","-",23152,"A","N","A","H","-","A","D","0","Y","A","01",0,1,0,0,0,0,0,0,0,"-","-","UNINCORPORATED","EL DORADO","CA",0,0
"6950460",-120.776761,38.717844,2015,"0900","5","5","2","08",0,1,"A",,,"Y",,,2400,5,"E","I","A","CEDAR RAVINE RD","BUTTERFLY LN",15,"S","N","2016-06-08",9245,"2015-05-29",2300,"018656",,"3","9","0","3",,"2","004","-","N",,0,0,,,0,,,,"Y",1,"A","-",22107,,"N","A","H","-","D","D","0","Y","C","02",1,0,0,0,0,0,0,0,1,"-","-","UNINCORPORATED","EL DORADO","CA",0,0
"6950141",-121.0149429,38.8377741,2015,"0900","3","6","3","01",0,1,"B",,,,,"Y",2400,5,"F","A","A","RT 49","SALMON FALLS CUTOFF RD",900,"N","N","2016-10-31",9245,"2015-05-23",2112,"018240",,"2","9","0","1",,"1","115","-","Y","ED",3,49,"-","-",30.89,"H","-","S","Y",1,"A","-",23152,"A","N","A","H","-","D","D","0","Y","A","07",0,1,0,0,0,0,0,0,0,"-","-","UNINCORPORATED","EL DORADO","CA",-121.03684,38.83662
"6950134",-120.8076739,38.7344341,2015,"0901","0","6","4","03",0,1,"A",,,"Y",,,1200,5,"C","C","A","COLOMA ST","VIVIAN CT",17,"S","N","2016-11-01",901,"2015-05-09",1111,"301","0901","5","2","0","0",,"0","PP1","-","Y","ED",3,49,"-","-",15.37,"H","-","S","Y",2,"A","-",22350,,"N","A","H","-","A","D","0","Y","C","02",0,0,1,0,0,0,0,0,1,"-","-","PLACERVILLE","EL DORADO","CA",0,0
"6950122",-120.8080493,38.7283226,2015,"0901","0","5","4","01",0,1,"A",,,,,"Y",600,5,"F","I","A","RT 50","CANAL ST",750,"W","N","2016-12-20",901,"2015-05-01",304,"301","0901","5","2","0","0",,"0","PP1","-","Y","ED",3,50,"-","-",17.44,"H","-","W","Y",1,"A","-",23152,"A","N","A","H","-","C","A","0","Y","A","07",0,0,1,0,0,0,0,0,0,"-","-","PLACERVILLE","EL DORADO","CA",0,0
"6949962",-120.5500781,38.6333866,2015,"0900","5","1","3","01",0,1,"A",,,,,"Y",1800,5,"F","A","A","GRIZZLY FLAT RD","PINE RIDGE RD",528,"W","N","2016-06-08",9245,"2015-05-25",1600,"017757",,"2","9","0","3",,"2","004","-","N",,0,0,,,0,,,,"Y",1,"A","-",23152,"A","N","A","H","-","A","D","0","Y","D","22",0,1,0,0,0,0,0,0,0,"-","-","UNINCORPORATED","EL DORADO","CA",-120.56148,38.63388
"6945967",-120.5235237,38.7608452,2015,"0900","2","1","4","06",0,1,"A",,,,,,1500,6,"B","C","A","RT 50","FRESHPOND DR",15840,"E","N","2016-11-02",9245,"2015-06-01",1200,"013279",,"1","9","0","1",,"2","150","-","Y","ED",3,50,"-","-",34.68,"H","-","E","Y",2,"A","-",21755,,"N","A","H","-","A","A","1","Y","A","01",0,0,1,0,0,0,0,0,0,"-","-","UNINCORPORATED","EL DORADO","CA",0,0
"6945774",-120.6652982,38.7390037,2015,"0900","4","2","3","05",0,2,"A",,,,,,1500,6,"A","C","A","PONY EXPRESS TRL","CARSON RD",370,"E","N","2015-07-10",9245,"2015-06-02",1350,"013279",,"1","9","0","2",,"1","025","-","N",,0,0,,,0,,,,"Y",2,"A","-",21460,"A","N","A","H","-","A","A","0","Y","A","07",0,1,1,0,0,0,0,0,0,"-","-","UNINCORPORATED","EL DORADO","CA",0,0
"6945766",-120.8334007,38.5938847,2015,"0900","5","2","3","01",0,2,"A",,,,,"Y",1800,6,"E","I","A","SAND RIDGE RD","RT 49",4752,"E","N","2016-06-20",9245,"2015-06-02",1525,"014956",,"2","9","0","3",,"2","004","-","N",,0,0,,,0,,,,"Y",1,"A","-",23152,"A","N","A","H","-","A","D","0","Y","D","22",0,1,1,0,0,0,0,0,0,"-","-","UNINCORPORATED","EL DORADO","CA",-120.83345,38.59444
"6945611",-120.4766049,38.7712001,2015,"0900","2","2","3","01",0,1,"A",,,,,"Y",2400,4,"F","A","A","RT 50","ICEHOUSE RD",1100,"W","N","2016-11-02",9245,"2015-04-28",2103,"13028",,"2","9","0","1",,"1","160","-","Y","ED",3,50,"-","-",37.81,"H","-","W","Y",1,"A","-",23152,"A","N","A","H","-","D","D","1","Y","A","01",0,1,0,0,0,0,0,0,0,"-","-","UNINCORPORATED","EL DORADO","CA",-120.47673,38.77131
"6943790",-121.0153116,38.8397453,2015,"0900","3","7","4","18",0,1,"B",,,"Y",,,900,5,"H","H","A","RT 49","SALMON FALLS CUTOFF RD",200,"S","N","2016-10-31",9245,"2015-05-31",840,"013929",,"1","9","0","1",,"1","115","-","Y","ED",3,49,"-","-",30.69,"H","-","N","Y",1,"C","-",0,,"N","A","H","-","A","D","0","Y","-","-",0,0,1,0,0,0,0,0,1,"-","-","UNINCORPORATED","EL DORADO","CA",-121.01249,38.83596
"6943786",-120.8421332,38.7092327,2015,"0900","2","7","3","21",0,1,"A","Y",,,,,900,5,"G","B","-","RT 50","MISSOURI FLAT RD",0,,"Y","2016-11-02",9245,"2015-05-24",600,"013463",,"1","9","0","1",,"2","120","-","Y","ED",3,50,"-","-",14.897,"R","1","E","N",2,"A","-",22106,,"N","A","H","-","B","D","1","Y","A","01",0,1,0,0,1,0,0,0,0,"EF","-","UNINCORPORATED","EL DORADO","CA",-120.83799,38.71057
"6943782",-120.7419291,38.7324304,2015,"0900","4","6","2","01",0,1,"A",,,,,"Y",1500,5,"E","I","A","NEWTOWN RD","IVY KNOLL DR",2112,"N","N","2015-06-26",9245,"2015-05-09",1400,"013028",,"2","9","0","2",,"1","045","-","N",,0,0,,,0,,,,"Y",1,"A","-",23152,"F","N","A","H","-","A","A","0","Y","A","01",1,0,0,0,0,0,0,0,0,"-","-","UNINCORPORATED","EL DORADO","CA",-120.7495,38.79264
"6943762",-120.7288147,38.7386349,2015,"0900","2","3","2","09",0,2,"A",,,,,,1500,5,"D","C","A","RT 50","COUNTY RD 1022",0,,"Y","2017-01-04",9245,"2015-05-20",1344,"013028",,"1","9","0","1",,"2","140","-","Y","ED",3,50,"-","-",22.2,"H","-","E","Y",2,"A","-",21802,"A","N","-","H","-","A","A","1","Y","A","01",1,0,1,0,0,0,0,0,0,"-","-","UNINCORPORATED","EL DORADO","CA",-120.73091,38.73798
"6943753",-120.9702119,38.6614508,2015,"0900","4","3","4","09",0,1,"A",,,,,,1800,6,"D","C","A","CAMERON PARK DR","PALMER DR",10,"N","N","2015-07-08",9245,"2015-06-03",1600,"17089",,"2","9","0","2",,"1","015","-","N",,0,0,,,0,,,,"N",3,"A","-",21453,"B","N","A","H","-","A","A","0","Y","A","01",0,0,1,0,0,0,0,0,0,"-","-","UNINCORPORATED","EL DORADO","CA",-120.97067,38.66239
"6943733",0,0,2015,"0900","5","7","4","03",0,1,"A",,,"Y",,,1200,5,"B","C","A","SAND RIDGE RD","COSUMNES ACRES RD",528,"S","N","2015-06-24",9245,"2015-05-31",1000,"013463",,"1","9","0","3",,"2","004","-","N",,0,0,,,0,,,,"N",2,"A","-",22350,,"N","A","H","-","A","D","0","Y","C","02",0,0,1,0,0,0,0,0,1,"-","-","UNINCORPORATED","EL DORADO","CA",-120.78629,38.59672
"6943713",-120.8315505,38.7036968,2015,"0900","5","3","3","08",0,1,"A",,,,,,1800,6,"D","C","A","FORNI RD","MISSOURI FLAT RD",1056,"W","N","2016-06-08",9245,"2015-06-03",1620,"17757",,"2","9","0","3",,"2","003","-","N",,0,0,,,0,,,,"Y",2,"A","-",22107,,"N","A","H","-","A","D","0","Y","D","22",0,1,0,0,0,0,0,0,0,"-","-","UNINCORPORATED","EL DORADO","CA",-120.03141,39.70429
"6943329",-120.7276791,38.6748128,2015,"0900","4","1","4","08",0,1,"A",,,,,,1200,5,"E","I","A","BUCKS BAR RD","SPRINGER RD",450,"N","N","2015-10-24",9245,"2015-05-25",1040,"013463",,"1","9","0","2",,"1","042","-","N",,0,0,,,0,,,,"Y",1,"A","-",22107,,"N","A","H","-","A","D","0","Y","A","01",0,0,1,0,0,0,0,0,0,"-","-","UNINCORPORATED","EL DORADO","CA",-120.73084,38.67494
"6942854",-120.8274235,38.6917461,2015,"0900","3","1","4","03",0,1,"B",,,,,,1800,5,"C","C","A","RT 49","COMMERCE WY",150,"W","N","2016-11-01",9245,"2015-05-18",1505,"15459",,"2","9","0","1",,"1","135","-","Y","ED",3,49,"-","-",11.04,"H","-","N","N",2,"A","-",22350,,"N","A","H","-","A","D","0","Y","A","01",0,0,1,0,0,0,0,0,0,"-","-","UNINCORPORATED","EL DORADO","CA",-120.82627,38.69205
"6942740",-120.774175,38.6802137,2015,"0900","4","5","3","09",0,2,"B",,,,,,900,5,"D","C","A","PLEASANT VALLEY RD","OAK HILL RD",1056,"W","N","2015-06-26",9245,"2015-05-22",744,"012382",,"1","9","0","2",,"1","041","-","N",,0,0,,,0,,,,"Y",2,"A","-",21804,"A","N","A","H","-","A","A","0","Y","A","01",0,1,1,0,0,0,0,0,0,"-","-","UNINCORPORATED","EL DORADO","CA",-120.77369,38.67989
"6941047",-121.0127153,38.5903594,2015,"0900","4","4","4","03",0,1,"A",,,,,,2400,6,"E","J","A","LATROBE RD","SUN RIDGE MEADOW RD",1584,"N","N","2015-11-03",9245,"2015-06-18",2120,"18466",,"2","9","0","2",,"2","031","-","N",,0,0,,,0,,,,"Y",1,"A","-",22350,,"N","A","H","-","D","D","0","Y","A","01",0,0,1,0,0,0,0,0,0,"-","-","UNINCORPORATED","EL DORADO","CA",-121.0118,38.58959
"6937506",-120.9342971,38.7205131,2015,"0900","4","7","3","01",0,1,"A",,,,,"Y",2100,4,"F","I","A","GREEN VALLEY RD","SLEEPY HOLLOW DR",275,"W","N","2015-06-08",9245,"2015-04-19",2015,"015563",,"2","9","0","2",,"1","013","-","N",,0,0,,,0,,,,"Y",1,"A","-",23152,"A","N","A","H","-","D","D","0","Y","A","07",0,1,0,0,0,0,0,0,0,"-","-","UNINCORPORATED","EL DORADO","CA",-120.93438,38.72046
"6937314",-120.8058058,38.6948868,2015,"0900","4","2","4","01",0,1,"A",,,,,"Y",900,6,"C","C","A","PLEASANT VALLEY RD","DIAMOND RD",82,"E","N","2015-07-03",9245,"2015-06-02",830,"15262",,"1","9","0","2",,"1","041","-","N",,0,0,,,0,,,,"Y",2,"A","-",23152,"F","N","A","H","-","A","A","0","Y","A","01",0,0,1,0,0,0,0,0,0,"-","-","UNINCORPORATED","EL DORADO","CA",-120.81239,38.69483
"6932805",0,0,2015,"0900","5","1","3","03",0,1,"A",,,,,,300,5,"E","I","A","SIENNA RIDGE RD","HAWK VIEW RD",100,"N","N","2015-06-04",9245,"2015-05-25",30,"015262",,"3","9","0","3",,"2","001","-","N",,0,0,,,0,,,,"Y",1,"A","-",22350,,"N","A","H","-","D","A","0","Y","A","07",0,1,0,0,0,0,0,0,0,"-","-","UNINCORPORATED","EL DORADO","CA",0,0
"6932804",-120.9809988,38.6776999,2015,"0900","4","3","4","03",0,1,"A",,,,,,1500,5,"C","C","A","CAMERON PARK DR","OXFORD RD",200,"N","N","2016-06-08",9245,"2015-05-20",1428,"015563",,"2","9","0","2",,"1","015","-","N",,0,0,,,0,,,,"Y",3,"A","-",22350,,"N","A","H","-","A","A","0","Y","A","07",0,0,1,0,0,0,0,0,0,"-","-","UNINCORPORATED","EL DORADO","CA",-120.98115,38.67789
"6932439",-121.0746839,38.7029699,2015,"0900","5","4","3","03",0,2,"B",,,,,,2100,5,"C","C","A","SILVA VALLEY PKWY","FAIRCHILD DR",1320,"S","N","2015-06-09",9245,"2015-05-14",1845,"17089",,"2","9","0","3",,"2","001","C","N",,0,0,,,0,,,,"Y",2,"A","-",22350,,"N","B","H","-","A","D","0","Y","A","01",0,1,1,0,0,0,0,0,0,"-","-","UNINCORPORATED","EL DORADO","CA",0,0
"6931028",-119.9570329,38.920276,2015,"0902","0","3","4","00",0,1,"A",,"Y",,,,1800,1,"C","G","A","PIONEER TR","AL TAHOE BL",165,"E","N","2015-06-03",902,"2015-01-28",1524,"211",,"5","3","0","0",,"0",,"-","N",,0,0,,,0,,,,"N",2,"A","-",21760,"B","N","A","H","-","A","D","0","Y","A","01",0,0,1,0,0,0,1,0,0,"-","-","SOUTH LAKE TAHOE","EL DORADO","CA",0,0
"6930963",-121.0728731,38.6925511,2015,"0900","5","3","4","08",0,1,"A",,,,,,300,1,"E","I","A","SILVA VALLEY PKY","DARWIN WY",75,"N","N","2015-06-03",9245,"2015-01-07",20,"14956",,"3","9","0","3",,"2","001","-","N",,0,0,,,0,,,,"Y",1,"A","-",22107,,"N","A","H","-","A","D","0","Y","A","01",0,0,1,0,0,0,0,0,0,"-","-","UNINCORPORATED","EL DORADO","CA",-121.07281,38.69297
"6929913",-120.783913,38.748941,2015,"0900","4","6","3","03",0,1,"A",,,"Y",,,1800,5,"F","A","A","MOSQUITO RD","MEADOW LN",1056,"N","N","2015-07-14",9245,"2015-05-16",1535,"018114",,"2","9","0","2",,"1","023","-","N",,0,0,,,0,,,,"N",1,"A","-",22350,,"N","A","H","-","A","D","0","Y","C","02",0,1,0,0,0,0,0,0,1,"-","-","UNINCORPORATED","EL DORADO","CA",0,0
"6929910",-121.067543,38.7117151,2015,"0900","4","1","4","03",0,1,"A",,,,,,2100,5,"E","I","A","GREEN VALLEY RD","LOCH WY",0,,"Y","2015-06-03",9245,"2015-05-11",1935,"015563",,"2","9","0","2",,"2","011","-","N",,0,0,,,0,,,,"Y",1,"A","-",22350,,"N","A","-","-","A","D","0","Y","A","01",0,0,1,0,0,0,0,0,0,"-","-","UNINCORPORATED","EL DORADO","CA",0,0
"6927909",-121.0074192,38.6598151,2015,"0900","5","5","2","11",0,2,"A","Y",,,,,1500,5,"G","B","D","COUNTRY CLUB DR","CASTANA DR",276,"W","N","2015-06-04",9245,"2015-05-08",1410,"17089",,"2","9","0","3",,"2","001","-","N",,0,0,,,0,,,,"N",3,"A","-",21954,"A","N","A","H","-","A","A","0","Y","N","60",1,1,0,0,2,0,0,0,0,"-","-","UNINCORPORATED","EL DORADO","CA",-121.00748,38.6598
"6927324",-121.0232536,38.7877444,2015,"0900","5","3","4","03",0,1,"A",,,,,,900,5,"E","I","A","SALMON FALLS RD","SALMON FALLS CT",300,"S","N","2015-06-02",9245,"2015-05-06",710,"015609",,"1","9","0","3",,"2","001","-","N",,0,0,,,0,,,,"Y",1,"A","-",22350,,"N","A","H","-","A","D","0","Y","A","01",0,0,1,0,0,0,0,0,0,"-","-","UNINCORPORATED","EL DORADO","CA",-121.02322,38.78772
"6926695",-120.972993,38.6593352,2015,"0900","2","6","4","12",0,1,"A",,,,,,900,4,"D","C","A","CAMERON PARK DR","RT 50",0,,"Y","2016-11-02",9245,"2015-04-18",840,"16629",,"1","9","0","1",,"2","110","-","Y","ED",3,50,"-","-",6.464,"R","4","E","Y",2,"A","-",21453,"A","N","A","H","-","A","A","1","Y","A","01",0,0,1,0,0,0,0,0,0,"-","EF","UNINCORPORATED","EL DORADO","CA",0,0
"6923942",-120.767473,38.7307952,2015,"0900","2","7","4","07",0,1,"A",,,,,,1200,3,"E","I","A","RT 50","POINT VIEW DR",1056,"W","N","2016-09-02",9245,"2015-03-08",1028,"013603",,"1","9","0","1",,"2","140","-","Y","ED",3,50,"-","-",19.9,"H","-","W","Y",3,"A","-",21658,"A","N","A","H","-","A","A","1","Y","A","01",0,0,1,0,0,0,0,0,0,"-","-","UNINCORPORATED","EL DORADO","CA",-120.76675,38.73043
"6923876",-120.8197235,38.8243315,2015,"0900","3","1","3","03",0,1,"A",,,,"Y",,1200,3,"F","I","A","RT 193","CHICKEN FLAT RD",67,"E","N","2016-09-06",9245,"2015-03-30",912,"13603",,"1","9","0","1",,"1","122","-","Y","ED",3,193,"-","-",18.5,"H","-","E","Y",1,"A","-",22350,,"N","A","H","-","A","A","0","Y","G","27",0,1,0,0,0,0,0,0,0,"-","-","UNINCORPORATED","EL DORADO","CA",-120.81739,38.82733
"6923868",-120.8458635,38.5829393,2015,"0900","3","4","2","05",0,3,"B",,,,,,1200,5,"A","C","A","RT 49","SANDRIDGE RD",2640,"S","N","2016-12-17",9245,"2015-05-07",915,"015609",,"1","9","0","1",,"1","135","-","Y","ED",3,49,"-","-",2.3,"H","-","N","Y",2,"A","-",21460,"A","N","A","H","-","A","D","0","Y","D","22",1,1,1,0,0,0,0,0,0,"-","-","UNINCORPORATED","EL DORADO","CA",-120.845,38.57832
"6923856",-120.842553,38.7090652,2015,"0900","4","6","3","12",0,2,"A",,,,,,1500,5,"D","C","A","MISSOURI FLAT RD","RT 50",0,,"Y","2017-01-04",9245,"2015-05-09",1336,"015607",,"1","9","0","2",,"1","037","-","Y","ED",3,50,"-","R",14.897,"R","4","E","Y",2,"A","-",21453,"A","N","A","H","-","A","A","1","Y","D","22",0,1,1,0,0,0,0,0,0,"-","EF","UNINCORPORATED","EL DORADO","CA",-120.83039,38.71073
"6922438",-120.2894904,38.7722973,2015,"0900","2","3","4","08",0,1,"A",,,,,,300,5,"E","I","A","RT 50","KYBURZ DR",528,"E","N","2016-11-02",9245,"2015-05-06",230,"013603",,"3","9","0","1",,"1","170","-","Y","ED",3,50,"-","-",49.3,"H","-","W","Y",1,"A","-",22107,,"N","A","H","-","D","A","0","Y","A","07",0,0,1,0,0,0,0,0,0,"-","-","UNINCORPORATED","EL DORADO","CA",-120.29011,38.77236
"6922434",-120.835484,38.7092832,2015,"0900","4","3","3","07",0,1,"A",,"Y",,,,1500,5,"B","G","A","MISSOURI FLAT RD","PERKS CT",325,"S","N","2015-06-04",9245,"2015-05-06",1400,"015459",,"2","9","0","2",,"1","037","-","N",,0,0,,,0,,,,"N",2,"A","-",21658,"A","N","A","H","-","A","D","0","Y","A","07",0,1,0,0,0,0,1,0,0,"-","-","UNINCORPORATED","EL DORADO","CA",-120.83534,38.70928
"6922344",0,0,2015,"0900","4","7","3","03",0,1,"A",,,,,,1200,5,"F","A","A","LOTUS RD","HEAVEN'S GATE",71,"S","N","2015-06-16",9245,"2015-05-03",920,"013929",,"1","9","0","2",,"1","013","-","N",,0,0,,,0,,,,"Y",1,"A","-",22350,,"N","A","H","-","A","D","0","Y","A","07",0,1,0,0,0,0,0,0,0,"-","-","UNINCORPORATED","EL DORADO","CA",-120.91337,38.79421
"6922320",-120.8880713,38.6976203,2015,"0900","5","5","4","03",0,1,"A",,,,,,1800,5,"C","C","A","GREENSTONE RD","RT 50",600,"N","N","2016-06-16",9245,"2015-05-08",1710,"017089",,"2","9","0","3",,"2","002","-","N",,0,0,,,0,,,,"Y",2,"A","-",22350,,"N","A","H","-","A","D","0","Y","A","01",0,0,1,0,0,0,0,0,0,"-","-","UNINCORPORATED","EL DORADO","CA",-120.88819,38.69719
"6922316",-120.7791601,38.6861221,2015,"0900","4","5","4","08",0,1,"B",,,,,,1200,5,"E","I","A","PLEASANT VALLEY RD","KEARNS RD",132,"E","N","2015-06-16",9245,"2015-05-08",1145,"016465",,"1","9","0","2",,"1","041","-","N",,0,0,,,0,,,,"Y",1,"A","-",22107,,"N","A","H","-","A","D","0","Y","A","01",0,0,1,0,0,0,0,0,0,"-","-","UNINCORPORATED","EL DORADO","CA",-120.77983,38.68658
"6922312",0,0,2015,"0900","5","7","4","08",0,1,"A",,,"Y",,,2100,5,"H","I","A","SNOWS RD","FUJI CT",75,"S","N","2015-06-16",9245,"2015-05-10",1800,"017728",,"2","9","0","3",,"2","004","-","N",,0,0,,,0,,,,"N",1,"A","-",22107,,"N","A","H","-","A","D","0","Y","C","02",0,0,1,0,0,0,0,0,1,"-","-","UNINCORPORATED","EL DORADO","CA",-120.67464,38.72812
"6920616",-120.9544695,38.6210817,2015,"0900","4","1","4","03",0,1,"A",,,,,"Y",2400,5,"E","I","A","SOUTH SHINGLE RD","CATTLE DR",615,"N","N","2015-06-04",9245,"2015-05-18",2148,"12833",,"2","9","0","2",,"1","032","-","N",,0,0,,,0,,,,"Y",1,"A","-",22350,,"N","A","H","-","D","D","0","Y","A","01",0,0,1,0,0,0,0,0,0,"-","-","UNINCORPORATED","EL DORADO","CA",-120.9544,38.62129
"6920612",-120.9874385,38.6862835,2015,"0900","4","1","4","03",0,1,"B",,,,,,1800,5,"C","C","A","CAMERON PARK DR","VIRADA RD",45,"N","N","2015-06-08",9245,"2015-05-18",1715,"15563",,"2","9","0","2",,"1","015","-","N",,0,0,,,0,,,,"Y",3,"A","-",22350,,"N","A","H","-","A","A","0","Y","A","07",0,0,1,0,0,0,0,0,0,"-","-","UNINCORPORATED","EL DORADO","CA",-120.98779,38.68658
"6920608",-120.1270931,38.8104608,2015,"0900","2","6","4","09",0,1,"A",,,,,,2100,5,"D","C","A","RT 50","PYRAMID CREEK TRAILHEAD",0,,"Y","2016-11-02",9245,"2015-05-09",2000,"18656",,"2","9","0","1",,"2","140","-","Y","ED",3,50,"-","-",59.47,"I","5","W","N",2,"A","-",21802,"A","N","A","H","-","B","D","0","Y","A","01",0,0,1,0,0,0,0,0,0,"-","-","UNINCORPORATED","EL DORADO","CA",-120.124,38.81103
"6919821",-120.7862315,38.7311573,2015,"0901","0","5","4","09",0,1,"A",,"Y",,,"Y",2100,5,"D","G","A","BROADWAY DR","CARSON RD",75,"W","N","2016-06-08",901,"2015-05-01",1935,"301","0901","5","2","0","0",,"0","PP2","-","N",,0,0,,,0,,,,"N",2,"A","-",21804,"A","N","A","H","-","B","D","0","Y","A","01",0,0,1,0,0,0,1,0,0,"-","-","PLACERVILLE","EL DORADO","CA",0,0
"6918771",0,0,2015,"0900","5","1","4","03",0,1,"B",,,,,,1800,5,"C","C","A","PLEASANT VALLEY RD","ELIZABETH LN",200,"E","N","2016-06-08",9245,"2015-05-18",1645,"017757",,"2","9","0","3",,"2","003","-","N",,0,0,,,0,,,,"N",2,"A","-",22350,,"N","A","H","-","A","D","0","Y","D","22",0,0,1,0,0,0,0,0,0,"-","-","UNINCORPORATED","EL DORADO","CA",-120.85434,38.68243
"6918767",-120.8126537,38.9228244,2015,"0900","5","4","2","01",0,1,"A",,,,,"Y",2400,5,"F","I","A","WENTWORTH SPRINGS RD","FOX RUN RD",1056,"W","N","2015-06-08",9245,"2015-05-07",2130,"013028",,"2","9","0","3",,"2","002","-","N",,0,0,,,0,,,,"Y",1,"A","-",23152,"A","N","A","H","-","D","D","0","Y","D","22",1,0,0,0,0,0,0,0,0,"-","-","UNINCORPORATED","EL DORADO","CA",-120.01253,38.92201
"6918473",-121.0149301,38.8427637,2015,"0900","3","7","4","08",0,1,"A",,,,,,1800,5,"E","I","A","RT 49","RATTLESNAKE BAR RD",1056,"S","N","2016-12-17",9245,"2015-05-03",1735,"14956",,"2","9","0","1",,"1","115","-","Y","ED",3,49,"-","-",30.92,"H","-","N","Y",1,"A","-",22107,,"N","A","H","-","A","D","0","Y","A","07",0,0,1,0,0,0,0,0,0,"-","-","UNINCORPORATED","EL DORADO","CA",-121.01488,38.83758
"6917180",-120.8463426,38.590247,2015,"0900","3","6","4","03",0,2,"A",,,,,,1800,5,"C","C","A","RT 49","SAND RIDGE RD",30,"N","N","2016-12-17",9245,"2015-05-09",1630,"017089",,"2","9","0","1",,"1","135","-","Y","ED",3,49,"-","-",2.81,"H","-","S","Y",2,"A","-",22350,,"N","A","H","-","A","D","0","Y","A","08",0,0,2,0,0,0,0,0,0,"-","-","UNINCORPORATED","EL DORADO","CA",-120.84628,38.58987
"6917139",-119.9772929,38.9401944,2015,"0902","0","6","4","09",0,3,"C",,,,,,2400,2,"A","-","A","LAKE TAHOE BL","MODESTO AV",0,,"Y","2016-09-07",902,"2015-02-07",2121,"215",,"5","3","0","0",,"0",,"-","Y","ED",3,50,"-","-",77.925,"I","5","W","Y",2,"A","-",21801,"A","N","B","H","-","C","D","0","Y","D","22",0,0,3,0,0,0,0,0,0,"-","-","SOUTH LAKE TAHOE","EL DORADO","CA",0,0
"6916177",-120.8066341,38.7281552,2015,"0901","0","7","4","03",0,1,"A",,,,,,900,4,"C","C","A","RT 50","CANAL ST",0,,"Y","2016-11-02",901,"2015-04-26",810,"296","0901","5","2","0","0",,"0","PP1","-","Y","ED",3,50,"-","-",17.53,"H","-","W","Y",2,"A","-",22350,,"N","A","H","-","A","A","0","Y","A","01",0,0,1,0,0,0,0,0,0,"-","-","PLACERVILLE","EL DORADO","CA",0,0