"CASEID","POINT_X","POINT_Y","YEAR_","LOCATION","CHPTYPE","DAYWEEK","CRASHSEV","VIOLCAT","KILLED","INJURED","WEATHER1","PEDCOL","BICCOL","MCCOL","TRUCKCOL","ETOH","TIMECAT","MONTH_","CRASHTYP","INVOLVE","PED","PRIMARYRD","SECONDRD","DISTANCE","DIRECT","INTERSECT_","PROCDATE","JURIS","DATE_","TIME_","BADGE","JURIDIST","SHIFT","POP","SPECIAL","BEATTYPE","LAPDDIV","BEATCLAS","BEATNUMB","WEATHER2","STATEHW","CALTRANC","CALTRAND","STROUTE","ROUTESUF","POSTPRE","POSTMILE","LOCATYPE","RAMP","SIDEHW","TOWAWAY","PARTIES","PCF","VIOLCODE","VIOL","VIOLSUB","HITRUN","ROADSURF","RDCOND1","RDCOND2","LIGHTING","RIGHTWAY","CHPRDTYP","NOTPRIV","STFAULT","CHPFAULT","SEVINJ","OTHERINJ","COP","PEDKILL","PEDINJ","BICKILL","BICINJ","MCKILL","MCINJURE","RAMP1","RAMP2","CITY","COUNTY","STATE","X_CHP","Y_CHP"
"6876429",-120.866893,38.6841551,2015,"0900","4","7","4","09",0,2,"A",,,,,,1500,4,"D","C","A","MOTHER LODE DR","VENTURE RD",0,,"Y","2015-05-01",9245,"2015-04-12",1240,"013463",,"1","9","0","2",,"1","039","-","N",,0,0,,,0,,,,"Y",2,"A","-",21801,"A","N","A","H","-","A","D","0","Y","D","22",0,0,2,0,0,0,0,0,0,"-","-","UNINCORPORATED","EL DORADO","CA",-120.86665,38.68454
"6876425",-121.0186959,38.9102959,2015,"0900","3","6","3","05",0,2,"A",,,,,,900,4,"A","C","A","RT 49","JEEP TRL",6864,"N","N","2016-10-31",9245,"2015-04-11",830,"015609",,"1","9","0","1",,"1","115","-","Y","ED",3,49,"-","-",36.36,"H","-","S","Y",2,"A","-",21460,"A","N","A","H","-","A","D","0","Y","D","22",0,2,0,0,0,0,0,0,0,"-","-","UNINCORPORATED","EL DORADO","CA",-121.02445,38.91124
"6876163",-120.8246978,38.7724345,2015,"0900","3","6","3","01",0,1,"B",,,,,"Y",2100,4,"E","I","A","RT 193","MINERS SPRING RD",150,"N","N","2016-10-20",9245,"2015-04-04",2040,"18624","9245","2","9","0","1",,"1","122","-","Y","ED",3,193,"-","R",25.15,"H","-","W","N",1,"A","-",23152,"A","N","A","H","-","D","D","0","Y","D","22",0,1,0,0,0,0,0,0,0,"-","-","UNINCORPORATED","EL DORADO","CA",-120.82163,38.76445
"6870992",-120.6265862,38.6879358,2015,"0900","4","5","2","03",0,1,"A",,,"Y",,"Y",1500,3,"D","C","A","SLY PARK RD","WAGON TRL",40,"S","N","2015-04-27",9245,"2015-03-27",1235,"012382",,"1","9","0","2",,"1","043","-","N",,0,0,,,0,,,,"Y",2,"A","-",22350,,"N","A","H","-","A","A","0","Y","C","02",1,0,0,0,0,0,0,0,1,"-","-","UNINCORPORATED","EL DORADO","CA",-120.62538,38.68765
"6866326",-120.9109631,38.6678351,2015,"0900","4","2","4","03",0,1,"B",,,,,,900,3,"C","C","A","MOTHER LODE DR","RIDGE DR",0,,"Y","2015-04-22",9245,"2015-03-24",735,"13463",,"1","9","0","2",,"1","039","-","N",,0,0,,,0,,,,"Y",3,"A","-",22350,,"N","A","H","-","A","D","0","Y","A","01",0,0,1,0,0,0,0,0,0,"-","-","UNINCORPORATED","EL DORADO","CA",-120.91092,38.66786
"6866322",-120.6565246,38.7542741,2015,"0900","5","7","4","03",0,1,"C",,,,,,1800,4,"E","I","A","CABLE RD","MACE RD",150,"N","N","2015-11-18",9245,"2015-04-05",1615,"17728",,"2","9","0","3",,"2","002","-","N",,0,0,,,0,,,,"Y",1,"A","-",22350,,"N","B","H","-","A","D","0","Y","D","22",0,0,1,0,0,0,0,0,0,"-","-","UNINCORPORATED","EL DORADO","CA",-120.65591,38.75425
"6865899",-120.6813286,38.7350574,2015,"0900","2","4","4","08",0,1,"A",,,,,,300,3,"E","I","A","RT 50","CARSON RD",5280,"W","N","2016-09-06",9245,"2015-03-26",105,"17737",,"3","9","0","1",,"2","140","-","Y","ED",3,50,"-","-",24.95,"H","-","E","N",1,"A","-",22107,,"N","A","H","-","C","D","1","Y","A","07",0,0,1,0,0,0,0,0,0,"-","-","UNINCORPORATED","EL DORADO","CA",-120.64417,38.74451
"6865895",-120.8315313,38.6889664,2015,"0900","4","5","4","09",0,1,"A",,,"Y",,,1200,3,"D","C","A","RT 49","PATTERSON DR",200,"N","N","2016-09-02",9245,"2015-03-27",1125,"16363",,"1","9","0","2",,"1","037","-","Y","ED",3,49,"-","-",10.74,"H","-","N","Y",2,"A","-",21802,"A","N","A","H","-","A","D","0","Y","A","07",0,0,1,0,0,0,0,0,1,"-","-","UNINCORPORATED","EL DORADO","CA",-120.83117,38.68928
"6865891",0,0,2015,"0900","5","4","4","03",0,1,"A",,,,,,2100,3,"C","D","A","EL DORADO HILLS BL","SARATOGA WY",50,"S","N","2015-04-09",9245,"2015-03-26",1815,"17737",,"2","9","0","3",,"2","001","-","N",,0,0,,,0,,,,"N",2,"A","-",22350,,"N","A","H","-","A","A","0","Y","A","01",0,0,1,0,0,0,0,0,0,"-","-","UNINCORPORATED","EL DORADO","CA",-120.41525,38.21154
"6865329",-120.7117056,38.7130499,2015,"0900","5","5","4","01",0,1,"A",,,,,"Y",2400,3,"E","I","A","NEWTOWN RD","HARMONY HILL RD",100,"E","N","2015-09-03",9245,"2015-03-27",2105,"17604",,"2","9","0","3",,"2","004","-","N",,0,0,,,0,,,,"Y",1,"A","-",23152,"A","N","A","H","-","D","D","0","Y","A","01",0,0,1,0,0,0,0,0,0,"-","-","UNINCORPORATED","EL DORADO","CA",-120.70891,38.7117
"6865321",0,0,2015,"0900","4","6","4","08",0,1,"A",,,"Y",,,1500,3,"E","I","A","SALMON FALLS RD","OLD BRIDGE RD",1056,"E","N","2015-09-03",9245,"2015-03-28",1310,"015609",,"1","9","0","2",,"2","012","-","N",,0,0,,,0,,,,"Y",1,"A","-",22107,,"N","A","H","-","A","D","0","Y","C","02",0,0,1,0,0,0,0,0,1,"-","-","UNINCORPORATED","EL DORADO","CA",-121.04939,38.75111
"6864685",-120.756693,38.6759651,2015,"0900","4","7","4","01",0,1,"A",,,,,,900,3,"E","I","A","PLEASANT VALLEY RD","VICTORY MINE RD",0,,"Y","2015-04-22",9245,"2015-03-29",615,"013279",,"1","9","0","2",,"1","041","-","N",,0,0,,,0,,,,"Y",1,"A","-",23152,"A","N","A","H","-","D","A","0","Y","D","22",0,0,1,0,0,0,0,0,0,"-","-","UNINCORPORATED","EL DORADO","CA",-120.7562,38.7104
"6864681",-120.707598,38.7370508,2015,"0900","2","6","4","03",0,1,"A",,,,,,1200,3,"A","C","A","RT 50","CARSON RD",0,,"Y","2016-09-06",9245,"2015-03-21",930,"012382",,"1","9","0","1",,"2","140","-","Y","ED",3,50,"-","-",23.4,"I","6","W","Y",2,"A","-",22350,,"N","A","H","-","A","A","1","Y","A","01",0,0,1,0,0,0,0,0,0,"-","-","UNINCORPORATED","EL DORADO","CA",-120.69672,37.7404
"6864669",-120.4067097,38.7761363,2015,"0900","2","7","4","05",0,1,"A",,,,,,600,3,"E","I","A","RT 50","WHITEHALL BLUFFS RD",630,"W","N","2016-09-02",9245,"2015-03-29",520,"015262",,"3","9","0","1",,"1","160","-","Y","ED",3,50,"-","-",42.16,"H","-","W","Y",1,"A","-",21650,,"N","A","H","-","D","A","0","Y","D","22",0,0,1,0,0,0,0,0,0,"-","-","UNINCORPORATED","EL DORADO","CA",-120.41098,38.7755
"6864665",-120.9298829,38.664449,2015,"0900","4","3","4","07",0,1,"A",,,,,,1200,3,"B","C","A","MOTHER LODE DR","FRENCH CREEK RD",50,"W","N","2015-04-22",9245,"2015-03-25",1050,"015262",,"1","9","0","2",,"1","039","-","N",,0,0,,,0,,,,"N",2,"A","-",21658,"A","N","A","H","-","A","A","0","Y","D","22",0,0,1,0,0,0,0,0,0,"-","-","UNINCORPORATED","EL DORADO","CA",-120.93001,38.66437
"6864513",-120.987343,38.686185,2015,"0900","4","3","3","03",0,3,"A",,,,,,1200,3,"C","C","A","CAMERON PARK DR","VIRADA RD",0,,"Y","2015-04-22",9245,"2015-03-25",945,"013929",,"1","9","0","2",,"1","015","-","N",,0,0,,,0,,,,"Y",3,"A","-",22350,,"N","A","H","-","A","D","0","Y","A","01",0,1,2,0,0,0,0,0,0,"-","-","UNINCORPORATED","EL DORADO","CA",-120.98673,38.68684
"6864067",0,0,2015,"0900","5","6","4","08",0,1,"A",,,"Y",,,1500,3,"F","A","A","SALMON FALLS RD","VIENNA DR",1584,"W","N","2015-04-07",9245,"2015-03-21",1230,"017728",,"1","9","0","3",,"2","001","-","N",,0,0,,,0,,,,"Y",1,"A","-",22107,,"N","A","H","-","A","D","0","Y","C","02",0,0,1,0,0,0,0,0,1,"-","-","UNINCORPORATED","EL DORADO","CA",-121.01726,38.81473
"6864022",-120.8579543,38.6895952,2015,"0901","5","5","3","03",0,1,"A",,,"Y",,,1500,3,"C","C","A","EL DORADO RD","MOTHER LODE DR",1056,"S","N","2015-04-07",9245,"2015-03-20",1240,"17935",,"1","2","0","3",,"2","003","-","N",,0,0,,,0,,,,,2,"A","-",22350,,"N","A","H","-","A","D","0","Y","C","02",0,1,0,0,0,0,0,0,1,"-","-","PLACERVILLE","EL DORADO","CA",-120.85805,38.68977
"6864018",-120.542194,38.7579543,2015,"0900","5","1","2","03",0,1,"A","Y",,,,"Y",1800,3,"G","B","-","OLD CARSON RD","FOREST DR",3696,"S","N","2015-04-15",9245,"2015-03-09",1550,"18114",,"2","9","0","3",,"2","004","-","N",,0,0,,,0,,,,"Y",2,"A","-",22350,,"N","A","H","-","A","D","0","Y","A","01",1,0,0,0,1,0,0,0,0,"-","-","UNINCORPORATED","EL DORADO","CA",-120.54351,38.757
"6863944",-120.985923,38.6846251,2015,"0900","5","4","4","09",0,1,"A",,,,,,1200,3,"D","C","A","CAMERON PARK DR","MIRA LOMA DR",0,,"Y","2015-04-07",9245,"2015-03-05",1045,"015609",,"1","9","0","3",,"2","003","-","N",,0,0,,,0,,,,"Y",2,"A","-",21801,"A","N","A","H","-","A","D","0","Y","A","01",0,0,1,0,0,0,0,0,0,"-","-","UNINCORPORATED","EL DORADO","CA",-120.98588,38.68463
"6863685",-121.0430214,38.6553582,2015,"0900","2","5","3","01",0,1,"A",,,,,"Y",300,3,"E","I","A","RT 50","BASS LAKE RD",2112,"W","N","2016-09-02",9245,"2015-03-27",210,"018466",,"3","9","0","1",,"2","110","-","Y","ED",3,50,"-","R",2.83,"H","-","E","Y",1,"A","-",23152,"A","N","A","H","-","D","A","1","Y","A","01",0,1,0,0,0,0,0,0,0,"-","-","UNINCORPORATED","EL DORADO","CA",-121.04076,38.65234
"6862586",-120.981483,38.678715,2015,"0900","4","4","4","12",0,2,"A",,,,,,1500,3,"A","C","A","CAMERON PARK DR","MEDER RD",0,,"Y","2015-04-17",9245,"2015-03-19",1445,"017089",,"2","9","0","2",,"1","015","-","N",,0,0,,,0,,,,"Y",2,"A","-",21453,"A","N","A","H","-","A","A","0","Y","A","01",0,0,2,0,0,0,0,0,0,"-","-","UNINCORPORATED","EL DORADO","CA",-120.98116,38.67884
"6862427",-119.9631092,38.9078494,2015,"0900","4","2","3","08",0,1,"A",,,,,,1800,3,"E","I","A","PIONEER TRL","HIGH MEADOW TRL",38,"N","N","2015-04-01",9246,"2015-03-10",1525,"010056",,"2","9","0","2",,"1","024","-","N",,0,0,,,0,,,,"Y",1,"A","-",22107,,"N","A","H","-","A","A","0","Y","A","07",0,1,0,0,0,0,0,0,0,"-","-","UNINCORPORATED","EL DORADO","CA",-119.96305,38.9079
"6861527",-120.8332131,38.720725,2015,"0901","0","2","4","03",0,1,"A",,,,,,1500,3,"C","C","A","FORNI RD","PLACERVILLE DR",0,,"Y","2015-04-08",901,"2015-03-10",1340,"296","0901","5","2","0","0",,"0","PP1","-","N",,0,0,,,0,,,,"Y",2,"A","-",22350,,"N","A","H","-","A","D","0","Y","A","01",0,0,1,0,0,0,0,0,0,"-","-","PLACERVILLE","EL DORADO","CA",0,0
"6860650",-120.1182253,39.0505052,2015,"0900","3","2","3","08",0,1,"B",,,,,,600,3,"E","I","A","RT 89","GLENRIDGE PKY",268,"S","N","2016-09-06",9246,"2015-03-17",530,"04478",,"3","9","0","1",,"1","031","-","Y","ED",3,89,"-","-",25.57,"H","-","S","Y",1,"A","-",22107,,"N","A","H","-","D","D","0","Y","D","22",0,1,0,0,0,0,0,0,0,"-","-","UNINCORPORATED","EL DORADO","CA",-120.12019,39.04439
"6860649",-120.0274585,38.8185994,2015,"0900","2","2","3","17",0,1,"A",,,,,,600,3,"E","I","A","RT 50","ECHO VIADUCT",528,"W","N","2016-09-02",9246,"2015-03-03",425,"014302",,"3","9","0","1",,"1","021","-","Y","ED",3,50,"-","-",67.19,"H","-","E","Y",1,"A","-",21662,,"N","A","H","-","D","D","0","Y","D","23",0,1,0,0,0,0,0,0,0,"-","-","UNINCORPORATED","EL DORADO","CA",0,0
"6857492",-120.816723,38.7493152,2015,"0900","3","3","3","08",0,1,"A",,,,,,1200,3,"F","A","A","RT 193","RT 49",1584,"N","N","2016-09-06",9245,"2015-03-18",902,"013463",,"1","9","0","1",,"1","122","-","Y","ED",3,193,"-","-",25.95,"H","-","E","Y",1,"A","-",22107,,"N","A","H","-","A","D","0","Y","D","22",0,1,0,0,0,0,0,0,0,"-","-","UNINCORPORATED","EL DORADO","CA",-120.81754,38.75011
"6856774",0,0,2015,"0900","5","3","3","03",0,1,"A",,,,,,2100,3,"E","I","A","MALCOLM DIXON RD","ALTA VISTA CT",2112,"E","N","2015-03-30",9245,"2015-03-18",2011,"17604",,"2","9","0","3",,"2","001","-","N",,0,0,,,0,,,,"Y",1,"A","-",22350,,"N","A","H","-","D","D","0","Y","A","01",0,1,0,0,0,0,0,0,0,"-","-","UNINCORPORATED","EL DORADO","CA",-121,38.71474
"6855935",-120.688463,38.7080159,2015,"0900","4","5","4","05",0,1,"A",,,,,,1800,3,"E","I","A","NEWTOWN RD","GREEN CANYON CT",4224,"E","N","2015-04-01",9245,"2015-03-13",1640,"017935",,"2","9","0","2",,"1","045","-","N",,0,0,,,0,,,,"Y",1,"A","-",21650,,"N","A","H","-","A","D","0","Y","D","22",0,0,1,0,0,0,0,0,0,"-","-","UNINCORPORATED","EL DORADO","CA",-121.70061,38.70868
"6855933",-120.9605319,38.6594352,2015,"0900","2","3","4","03",0,1,"A",,,,,,2100,3,"C","C","A","RT 50","CAMERON PARK DR",1500,"E","N","2016-09-06",9245,"2015-03-18",1810,"17604",,"2","9","0","1",,"2","110","-","Y","ED",3,50,"-","-",6.93,"H","-","E","N",2,"A","-",22350,,"N","A","H","-","A","D","1","Y","D","22",0,0,1,0,0,0,0,0,0,"-","-","UNINCORPORATED","EL DORADO","CA",-120.96202,38.65951
"6854728",-119.9581855,38.7942545,2015,"0900","3","4","1","03",1,0,"C",,,,,,1500,6,"E","I","A","RT 89","ALPINE COUNTY LINE",4224,"N","N","2015-07-16",9246,"2015-06-04",1349,"18006",,"1","9","0","1",,"1","023","-","Y","ED",3,89,"-","-",0.8,"H","-","S","Y",1,"A","-",22350,,"N","C","H","-","A","D","0","Y","A","01",0,0,0,0,0,0,0,0,0,"-","-","UNINCORPORATED","EL DORADO","CA",-119.95893,38.79448
"6854590",-121.040553,38.540985,2015,"0900","4","2","1","09",1,0,"B",,,,"Y",,1500,1,"D","C","A","LATROBE RD","SHINGLE RD",0,,"Y","2015-05-12",9245,"2015-01-27",1230,"13463",,"1","9","0","2",,"2","031","-","N",,0,0,,,0,,,,"Y",3,"A","-",21801,"A","N","A","H","-","A","D","0","Y","F","26",0,0,0,0,0,0,0,0,0,"-","-","UNINCORPORATED","EL DORADO","CA",0,0
"6854221",-120.974843,38.664365,2015,"0900","4","7","1","01",1,0,"A",,,,,"Y",2100,2,"E","I","A","CAMERON PARK DR","HACIENDA RD",0,"N","N","2015-04-13",9245,"2015-02-01",2045,"17604",,"2","9","0","2",,"1","015","-","N",,0,0,,,0,,,,"Y",1,"A","-",23152,"A","N","A","H","-","D","D","0","Y","A","07",0,0,0,0,0,0,0,0,0,"-","-","UNINCORPORATED","EL DORADO","CA",-120.97524,38.66473
"6854086",-119.9548372,38.9447538,2015,"0902","0","5","1","11",1,0,"A","Y",,,,,2100,2,"G","B","D","SKI RUN BL","LARCH AV",9,"S","N","2015-03-23",902,"2015-02-13",1824,"216",,"5","3","0","0",,"0",,"-","N",,0,0,,,0,,,,"Y",2,"A","-",21954,"A","N","A","H","-","C","A","0","Y","N","60",0,0,0,1,0,0,0,0,0,"-","-","SOUTH LAKE TAHOE","EL DORADO","CA",0,0
"6854052",-120.0246659,38.8399358,2015,"0900","5","3","1","18",1,0,"A",,,,,,1500,2,"E","I","A","SOUTH UPPER TRUCKEE RD","KEKIN ST",440,"N","N","2015-03-23",9246,"2015-02-11",1235,"14478",,"1","9","0","3",,"2","200","-","N",,0,0,,,0,,,,"Y",1,"C","-",0,,"N","A","H","-","A","D","0","Y","-","-",0,0,0,0,0,0,0,0,0,"-","-","UNINCORPORATED","EL DORADO","CA",-120.02561,38.84108
"6853034",-121.0690731,38.6497951,2015,"0900","5","3","4","21",0,1,"B",,,,,,1200,3,"C","C","A","TOWN CENTER BL","LATROBE RD",0,,"Y","2015-03-25",9245,"2015-03-11",1130,"013929",,"1","9","0","3",,"2","003","C","N",,0,0,,,0,,,,"N",2,"A","-",22106,,"N","B","H","-","A","D","0","Y","A","07",0,0,1,0,0,0,0,0,0,"-","-","UNINCORPORATED","EL DORADO","CA",-121.06889,38.65012
"6851200",0,0,2015,"0900","4","6","3","09",0,1,"A",,,,,,2100,3,"D","C","A","COLD SPRINGS RD","MARVA LN",650,"N","N","2015-04-13",9245,"2015-03-07",1845,"17728",,"2","9","0","2",,"1","014","-","N",,0,0,,,0,,,,"Y",2,"A","-",21801,"A","N","A","H","-","D","D","0","Y","D","22",0,1,0,0,0,0,0,0,0,"-","-","UNINCORPORATED","EL DORADO","CA",-120.87105,38.74601
"6848962",-120.7340849,38.793687,2015,"0900","5","5","3","18",0,1,"A",,,,,,1800,3,"B","I","A","MOSQUITO RD","RIFFLE CT",75,"S","N","2015-03-23",9245,"2015-03-06",1510,"17935",,"2","9","0","3",,"2","002","-","N",,0,0,,,0,,,,"Y",1,"C","-",0,,"N","A","H","-","A","D","0","Y","-","-",0,1,0,0,0,0,0,0,0,"-","-","UNINCORPORATED","EL DORADO","CA",-120.73443,38.7933
"6848482",-120.1083937,38.9934921,2015,"0900","5","6","4","03",0,1,"B",,,,,,1500,2,"E","I","A","RT 89","DL BLISS STATE PARK",2640,"N","N","2016-09-06",9246,"2015-02-28",1230,"015910",,"1","9","0","3",,"2","300","D","Y","ED",3,89,"-","-",19.67,"H","-","N","Y",1,"A","-",22350,,"N","C","H","-","A","D","0","Y","A","07",0,0,1,0,0,0,0,0,0,"-","-","UNINCORPORATED","EL DORADO","CA",0,0
"6848189",-120.8723637,38.7483914,2015,"0900","4","3","4","03",0,2,"B",,,,,,1500,3,"E","I","A","COLD SPRINGS RD","SKY VIEW LN",300,"N","N","2015-03-24",9245,"2015-03-11",1235,"015262",,"1","9","0","2",,"1","014","C","N",,0,0,,,0,,,,"Y",1,"A","-",22350,,"N","B","H","-","A","A","0","Y","D","22",0,0,2,0,0,0,0,0,0,"-","-","UNINCORPORATED","EL DORADO","CA",-120.8725,38.7485
"6848185",-121.0786177,38.7148587,2015,"0900","5","5","2","01",0,1,"B",,,,"Y","Y",2400,2,"C","C","A","BEECHWOOD DR","BANCROFT DR",300,"N","N","2015-03-25",9245,"2015-02-27",2205,"18624","9245","3","9","0","3",,"2","001","-","N",,0,0,,,0,,,,"Y",2,"A","-",23152,"A","N","A","H","-","D","D","0","Y","D","22",1,0,0,0,0,0,0,0,0,"-","-","UNINCORPORATED","EL DORADO","CA",-121.0786,38.71518
"6846063",-120.3612758,38.7638029,2015,"0900","2","4","4","18",0,1,"A",,,,,,900,3,"E","I","A","RT 50","KYBURZ DR",10560,"W","N","2016-09-06",9245,"2015-03-05",715,"017935",,"1","9","0","1",,"1","160","-","Y","ED",3,50,"-","-",44.91,"H","-","W","Y",1,"C","-",0,,"N","A","G","-","A","D","0","Y","-","-",0,0,1,0,0,0,0,0,0,"-","-","UNINCORPORATED","EL DORADO","CA",0,0
"6846059",-121.0719136,38.6570721,2015,"0900","4","7","4","03",0,2,"A",,,,,,1200,3,"C","C","A","EL DORADO HILLS BL","PARK DR",90,"N","N","2015-03-23",9245,"2015-03-08",1115,"015262",,"1","9","0","2",,"2","012","-","N",,0,0,,,0,,,,"N",2,"A","-",22350,,"N","A","H","-","A","A","0","Y","A","01",0,0,2,0,0,0,0,0,0,"-","-","UNINCORPORATED","EL DORADO","CA",-121.07161,38.65448
"6846055",-120.8212137,38.8198851,2015,"0900","3","6","4","03",0,1,"A",,,,,,2400,3,"A","J","A","RT 193","GARDEN VALLEY RD",2640,"N","N","2016-09-06",9245,"2015-03-07",2110,"018624","925","2","9","0","1",,"1","122","-","Y","ED",3,193,"-","-",18.9,"H","-","E","Y",1,"A","-",22350,,"N","A","H","-","D","D","0","Y","A","01",0,0,1,0,0,0,0,0,0,"-","-","UNINCORPORATED","EL DORADO","CA",-120.82014,38.82251
"6846034",-120.9174701,38.9054886,2015,"0900","3","4","4","03",0,1,"A",,,,,,2100,3,"F","A","A","RT 193","ZDOLSEK PL",100,"N","N","2016-09-06",9245,"2015-03-05",2050,"018466",,"2","9","0","1",,"1","122","-","Y","ED",3,193,"-","R",6.51,"H","-","W","Y",1,"A","-",22350,,"N","A","H","-","D","D","0","Y","A","01",0,0,1,0,0,0,0,0,0,"-","-","UNINCORPORATED","EL DORADO","CA",-120.91707,38.90584
"6844775",-121.0162231,38.8971552,2015,"0900","3","4","3","08",0,1,"A",,,"Y",,,1500,2,"E","I","A","RT 49","ARRON COOL RD",1500,"N","N","2016-09-02",9245,"2015-02-26",1450,"016363",,"2","9","0","1",,"1","115","-","Y","ED",3,49,"-","-",35.22,"H","-","N","Y",1,"A","-",22107,,"N","A","H","-","A","D","0","Y","C","02",0,1,0,0,0,0,0,0,1,"-","-","UNINCORPORATED","EL DORADO","CA",-121.01607,38.89534
"6844611",-120.846104,38.7084358,2015,"0900","2","3","3","07",0,1,"A",,,,,,1800,3,"B","C","A","RT 50","MISSOURI FLAT RD",500,"W","N","2016-09-06",9245,"2015-03-04",1730,"017089",,"2","9","0","1",,"2","120","-","Y","ED",3,50,"-","R",14.69,"H","-","W","Y",2,"A","-",21658,"A","N","A","H","-","A","D","1","Y","A","01",0,1,0,0,0,0,0,0,0,"-","-","UNINCORPORATED","EL DORADO","CA",-120.84556,38.70867
"6844599",-120.915043,38.6804552,2015,"0900","2","3","4","18",0,1,"A",,,,,,300,3,"H","H","A","RT 50","SHINGLE SPRINGS DR",35,"E","N","2016-09-06",9245,"2015-03-04",138,"012833",,"3","9","0","1",,"2","120","-","Y","ED",3,50,"-","R",10.34,"H","-","W","Y",1,"C","-",0,,"N","A","H","-","D","D","1","Y","-","-",0,0,1,0,0,0,0,0,0,"-","-","UNINCORPORATED","EL DORADO","CA",-120.91455,36.68084
"6844396",-120.827078,38.6918379,2015,"0900","3","1","4","03",0,1,"B",,,,,,1500,3,"C","C","A","RT 49","COMMERCE WY",35,"S","N","2016-09-02",9245,"2015-03-02",1330,"018114",,"1","9","0","1",,"1","135","C","Y","ED",3,49,"-","-",11.06,"H","-","S","Y",3,"A","-",22350,,"N","B","H","-","A","D","0","Y","A","01",0,0,1,0,0,0,0,0,0,"-","-","UNINCORPORATED","EL DORADO","CA",-120.82646,38.69202
"6844117",0,0,2015,"0900","5","4","4","05",0,1,"A",,,,,,1500,3,"E","I","A","SECRET LAKE TRL","GROUSE RIDGE TRL",2640,"E","N","2015-03-23",9245,"2015-03-05",1300,"16465",,"1","9","0","3",,"2","002","-","N",,0,0,,,0,,,,"Y",1,"A","-",21650,,"N","A","H","-","A","D","0","Y","D","22",0,0,1,0,0,0,0,0,0,"-","-","UNINCORPORATED","EL DORADO","CA",-120.94767,38.9234
"6843732",-120.9543889,38.620634,2015,"0900","4","1","3","01",0,1,"A",,,,,"Y",2100,2,"E","I","A","SOUTH SHINGLE RD","CATTLE DR",450,"N","N","2015-03-18",9245,"2015-02-23",1840,"15459",,"2","9","0","2",,"1","032","-","N",,0,0,,,0,,,,"Y",1,"A","-",23152,"A","N","A","H","-","D","D","0","Y","A","01",0,1,0,0,0,0,0,0,0,"-","-","UNINCORPORATED","EL DORADO","CA",-120.95433,38.62162
"6842372",-121.0121831,38.8488652,2015,"0900","3","3","3","08",0,1,"B",,,,,,1200,3,"F","A","A","RT 49","RATTLESNAKE BAR RD",1056,"N","N","2016-09-02",9245,"2015-03-11",940,"13463",,"1","9","0","1",,"1","115","C","Y","ED",3,49,"-","-",31.69,"H","-","S","Y",1,"A","-",22107,,"N","B","H","-","A","D","0","Y","A","01",0,1,0,0,0,0,0,0,0,"-","-","UNINCORPORATED","EL DORADO","CA",-121.0124,38.84845
"6842207",-120.5149366,38.7604373,2015,"0900","2","6","4","08",0,3,"A",,,,,,1800,3,"E","I","A","RT 50","PEAVINE RIDGE RD",170,"W","N","2016-09-02",9245,"2015-03-14",1655,"18466",,"2","9","0","1",,"2","150","-","Y","ED",3,50,"-","-",35.19,"H","-","W","Y",1,"A","-",22107,,"N","A","H","-","A","D","1","Y","A","07",0,0,3,0,0,0,0,0,0,"-","-","UNINCORPORATED","EL DORADO","CA",-120.51591,38.76047
"6842045",-120.6168324,38.7496361,2015,"0900","4","3","3","05",0,2,"B",,,,"Y",,1500,3,"E","I","A","PONY EXPRESS TRL","RIDGEWAY DR",325,"E","N","2016-05-19",9245,"2015-03-11",1211,"13279",,"1","9","0","2",,"1","025","C","N",,0,0,,,0,,,,"Y",2,"A","-",21650,,"N","B","H","-","A","A","0","Y","G","25",0,1,1,0,0,0,0,0,0,"-","-","UNINCORPORATED","EL DORADO","CA",-120.61726,38.74953
"6842041",-120.7051052,38.6394962,2015,"0900","5","6","4","01",0,1,"A",,,,,"Y",2100,3,"H","I","A","SAND RIDGE RD","PISTACHIO LN",437,"W","N","2015-03-30",9245,"2015-03-14",1850,"018624","9245","2","9","0","3",,"2","004","-","N",,0,0,,,0,,,,"Y",1,"A","-",23152,"A","N","A","H","-","A","D","0","Y","D","22",0,0,1,0,0,0,0,0,0,"-","-","UNINCORPORATED","EL DORADO","CA",-120.70654,38.63818
"6838892",-120.037613,38.8667797,2015,"0900","4","3","4","03",0,1,"A",,,,,,1200,2,"C","C","A","NORTH UPPER TRUCKEE RD","KIOWA DR",100,"N","N","2015-03-17",9246,"2015-02-25",900,"018629",,"1","9","0","2",,"1","025","-","N",,0,0,,,0,,,,"N",2,"A","-",22350,,"N","A","H","-","A","D","0","Y","A","07",0,0,1,0,0,0,0,0,0,"-","-","UNINCORPORATED","EL DORADO","CA",-120.0375,38.86417
"6833773",-120.8308784,38.7364068,2015,"0901","0","1","3","21",0,1,"B","Y",,,,,2100,2,"G","B","E","COLD SPRINGS RD","HIDDEN SPRINGS CIR",143,"E","N","2015-03-12",901,"2015-02-09",2035,"285","0901","5","2","0","0",,"0","PP1","-","N",,0,0,,,0,,,,"N",3,"A","-",22106,,"N","A","H","-","C","D","0","Y","A","01",0,1,0,0,1,0,0,0,0,"-","-","PLACERVILLE","EL DORADO","CA",0,0
"6833772",0,0,2015,"0901","0","6","4","22",0,1,"A",,,,,,1500,2,"E","I","A","SCHNELL SCHOOL RD","SCHNELL SCHOOL RD 28800",292,"W","N","2015-03-13",901,"2015-02-14",1257,"288","0901","5","2","0","0",,"0","PP2","-","N",,0,0,,,0,,,,"Y",1,"B","-",0,,"N","A","H","-","A","D","0","Y","-","-",0,0,1,0,0,0,0,0,0,"-","-","PLACERVILLE","EL DORADO","CA",0,0