"CASEID","POINT_X","POINT_Y","YEAR_","LOCATION","CHPTYPE","DAYWEEK","CRASHSEV","VIOLCAT","KILLED","INJURED","WEATHER1","PEDCOL","BICCOL","MCCOL","TRUCKCOL","ETOH","TIMECAT","MONTH_","CRASHTYP","INVOLVE","PED","PRIMARYRD","SECONDRD","DISTANCE","DIRECT","INTERSECT_","PROCDATE","JURIS","DATE_","TIME_","BADGE","JURIDIST","SHIFT","POP","SPECIAL","BEATTYPE","LAPDDIV","BEATCLAS","BEATNUMB","WEATHER2","STATEHW","CALTRANC","CALTRAND","STROUTE","ROUTESUF","POSTPRE","POSTMILE","LOCATYPE","RAMP","SIDEHW","TOWAWAY","PARTIES","PCF","VIOLCODE","VIOL","VIOLSUB","HITRUN","ROADSURF","RDCOND1","RDCOND2","LIGHTING","RIGHTWAY","CHPRDTYP","NOTPRIV","STFAULT","CHPFAULT","SEVINJ","OTHERINJ","COP","PEDKILL","PEDINJ","BICKILL","BICINJ","MCKILL","MCINJURE","RAMP1","RAMP2","CITY","COUNTY","STATE","X_CHP","Y_CHP"
"6833771",-120.8053637,38.7282117,2015,"0901","0","2","4","03",0,1,"A",,,,,,1800,2,"C","C","A","RT 50","CANAL ST",180,"E","N","2016-09-02",901,"2015-02-10",1745,"301","0901","5","2","0","0",,"0","PP1","-","Y","ED",3,50,"-","-",17.61,"H","-","W","N",2,"A","-",22350,,"N","A","H","-","B","A","0","Y","A","01",0,0,1,0,0,0,0,0,0,"-","-","PLACERVILLE","EL DORADO","CA",0,0
"6833579",-120.0355512,38.8323947,2015,"0900","2","1","4","03",0,1,"D",,,,,,900,2,"A","C","A","RT 50","JOHNSON PASS RD",3485,"E","N","2016-09-06",9246,"2015-02-09",845,"14478",,"1","9","0","1",,"1","021","-","Y","ED",3,50,"-","-",68.36,"H","-","E","Y",2,"A","-",22350,,"N","C","G","-","A","D","0","Y","A","07",0,0,1,0,0,0,0,0,0,"-","-","UNINCORPORATED","EL DORADO","CA",-120.3525,38.83182
"6831660",-121.086653,38.6691851,2015,"0900","5","6","3","05",0,1,"A",,,,,,2100,2,"B","C","A","RIDGEVIEW DR","GLEN RIDGE WY",0,,"Y","2015-03-18",9245,"2015-02-14",1800,"16363",,"2","9","0","3",,"2","001","-","N",,0,0,,,0,,,,"N",2,"A","-",21651,"B","F","A","H","-","B","D","0","Y","-","99",0,1,0,0,0,0,0,0,0,"-","-","UNINCORPORATED","EL DORADO","CA",-120.08673,38.66922
"6831656",-120.6041624,38.6977622,2015,"0900","5","3","2","03",0,1,"A",,,"Y",,,900,2,"F","A","A","SLY PARK RD","SINGING PINES WY",150,"S","N","2015-03-18",9245,"2015-02-25",730,"12382",,"1","9","0","3",,"2","004","-","N",,0,0,,,0,,,,"N",1,"A","-",22350,,"N","A","H","-","A","A","0","Y","C","02",1,0,0,0,0,0,0,0,1,"-","-","UNINCORPORATED","EL DORADO","CA",-120.60381,38.69805
"6831652",0,0,2015,"0900","4","5","4","08",0,1,"A",,,"Y",,,1800,2,"F","A","A","MOTHER LODE DR","SOUTH SHINGLE RD",130,"E","N","2015-03-18",9245,"2015-02-20",1703,"017089",,"2","9","0","2",,"1","039","-","N",,0,0,,,0,,,,"N",1,"A","-",22107,,"N","A","H","-","A","D","0","Y","C","02",0,0,1,0,0,0,0,0,1,"-","-","UNINCORPORATED","EL DORADO","CA",-120.9367,38.66159
"6831470",-121.1016339,38.7045179,2015,"0900","5","4","4","07",0,1,"A",,,,,,900,2,"C","C","A","GREEN VALLEY RD","LAKERIDGE OAKS DR",50,"E","N","2015-03-19",9245,"2015-02-19",700,"017935",,"1","9","0","3",,"2","001","-","N",,0,0,,,0,,,,"Y",4,"A","-",21658,"A","N","A","H","-","A","D","0","Y","D","22",0,0,1,0,0,0,0,0,0,"-","-","UNINCORPORATED","EL DORADO","CA",-121.10148,38.70459
"6831442",-120.834173,38.7550052,2015,"0900","3","6","4","09",0,1,"B",,,,,,1200,2,"D","C","A","RT 49","EMMERSON RD",0,,"Y","2016-09-02",9245,"2015-02-28",1015,"13929",,"1","9","0","1",,"1","115","C","Y","ED",3,49,"-","-",17.543,"I","5","N","Y",2,"A","-",21800,"B","N","B","H","-","A","D","0","Y","A","01",0,0,1,0,0,0,0,0,0,"-","-","UNINCORPORATED","EL DORADO","CA",-120.83062,38.75474
"6829859",-120.9770728,38.7059792,2015,"0900","4","3","3","03",0,1,"A",,,,,,2400,4,"E","H","A","GREEN VALLEY RD","PINEOAKYO RD",1110,"E","N","2015-06-05",9245,"2015-04-22",2250,"15607",,"3","9","0","2",,"2","011","-","N",,0,0,,,0,,,,"Y",1,"A","-",22350,,"N","A","H","-","D","D","0","Y","D","22",0,1,0,0,0,0,0,0,0,"-","-","UNINCORPORATED","EL DORADO","CA",-120.97704,38.70599
"6828777",-120.9395034,38.6622268,2015,"0900","2","3","4","01",0,1,"E",,,,,"Y",600,2,"F","A","A","RT 50","PONDEROSA RD",118,"E","N","2016-09-06",9245,"2015-02-18",537,"13028",,"3","9","0","1",,"2","120","-","Y","ED",3,50,"-","R",8.58,"H","-","W","Y",1,"A","-",23152,"A","N","B","H","-","D","D","1","Y","D","22",0,0,1,0,0,0,0,0,0,"-","-","UNINCORPORATED","EL DORADO","CA",0,0
"6826302",-120.8266285,38.6760882,2015,"0900","5","7","3","21",0,1,"A","Y",,,,,1500,2,"G","B","F","CAPPELLA DR","PATTERSON DR",200,"W","N","2015-03-19",9245,"2015-02-15",1315,"013463",,"1","9","0","3",,"2","003","-","N",,0,0,,,0,,,,"N",2,"A","-",22106,,"N","A","H","-","A","D","0","Y","A","01",0,1,0,0,1,0,0,0,0,"-","-","UNINCORPORATED","EL DORADO","CA",0,0
"6825711",-120.5733903,38.739564,2015,"0900","5","6","3","01",0,1,"A",,,,,"Y",300,2,"E","J","A","SLY PARK RD","STARKES GRADE RD",107,"S","N","2015-03-13",9245,"2015-02-21",224,"18466",,"3","9","0","3",,"2","004","-","N",,0,0,,,0,,,,"Y",1,"A","-",23152,"A","M","A","H","-","D","D","0","Y","A","01",0,1,0,0,0,0,0,0,0,"-","-","UNINCORPORATED","EL DORADO","CA",-120.57336,38.73981
"6825699",-120.7830986,38.7439674,2015,"0900","4","4","3","01",0,1,"A",,,,,"Y",1500,2,"E","I","A","MOSQUITO RD","PRESCOTT AV",271,"S","N","2015-03-13",9245,"2015-02-26",1400,"16465",,"2","9","0","2",,"1","023","-","N",,0,0,,,0,,,,"Y",1,"A","-",23152,"A","N","A","H","-","A","D","0","Y","A","07",0,1,0,0,0,0,0,0,0,"-","-","UNINCORPORATED","EL DORADO","CA",-120.78353,38.74417
"6825695",-120.5736023,38.7571069,2015,"0900","4","5","3","01",0,1,"C",,,,,"Y",2400,2,"E","I","A","SLY PARK RD","GOLD RIDGE TRL",500,"S","N","2015-03-13",9245,"2015-02-27",2120,"18466",,"2","9","0","2",,"1","043","-","N",,0,0,,,0,,,,"Y",1,"A","-",23152,"A","N","C","H","-","D","D","0","Y","A","01",0,1,0,0,0,0,0,0,0,"-","-","UNINCORPORATED","EL DORADO","CA",-120.57418,38.75666
"6825198",-120.812833,38.7400652,2015,"0900","3","2","3","01",0,1,"A",,,,,,1200,2,"F","A","A","RT 193","RT 49",1056,"N","N","2016-09-06",9245,"2015-02-17",1130,"013463",,"1","9","0","1",,"1","122","-","Y","ED",3,193,"-","-",26.75,"H","-","E","Y",1,"A","-",23152,"E","N","A","H","-","A","D","0","Y","A","01",0,1,0,0,0,0,0,0,0,"-","-","UNINCORPORATED","EL DORADO","CA",-120.81472,38.74339
"6825194",-120.7345427,38.7379478,2015,"0900","2","3","3","08",0,1,"A",,,,,,1800,2,"F","J","A","RT 50","STILL MEADOW RD",1000,"W","N","2016-10-20",9245,"2015-02-18",1635,"016363",,"2","9","0","1",,"2","140","-","Y","ED",3,50,"-","-",21.87,"H","-","E","Y",1,"A","-",22107,,"N","A","H","-","A","D","1","Y","A","01",0,1,0,0,0,0,0,0,0,"-","-","UNINCORPORATED","EL DORADO","CA",-120.73573,38.73823
"6825190",-120.5795372,38.7609683,2015,"0900","4","4","4","09",0,1,"A",,,,,,1500,2,"D","C","A","SLY PARK RD","RT 50",40,"S","N","2016-09-06",9245,"2015-02-19",1435,"012382",,"2","9","0","2",,"1","043","-","Y","ED",3,50,"-","-",31.184,"R","4","E","Y",2,"A","-",21802,"A","N","A","H","-","A","A","1","Y","A","07",0,0,1,0,0,0,0,0,0,"-","-","UNINCORPORATED","EL DORADO","CA",-120.5759,38.76183
"6825101",-120.8890557,38.7072612,2015,"0900","4","6","2","08",0,1,"A",,,,,,1500,2,"E","I","A","GREENSTONE RD","GREEN VALLEY RD",528,"S","N","2015-08-17",9245,"2015-02-21",1410,"15609",,"2","9","0","2",,"1","021","-","N",,0,0,,,0,,,,"Y",1,"A","-",22107,,"N","A","H","-","A","D","0","Y","A","01",1,0,0,0,0,0,0,0,0,"-","-","UNINCORPORATED","EL DORADO","CA",-120.88895,38.70756
"6821618",0,0,2015,"0900","5","1","4","05",0,1,"A",,,,,,600,2,"E","I","A","APPIAN WY","SANGIOVESE DRIVE",528,"W","N","2015-03-10",9245,"2015-02-16",430,"13028",,"3","9","0","3",,"2","001","-","N",,0,0,,,0,,,,"Y",1,"A","-",21650,,"N","A","H","-","C","D","0","Y","A","01",0,0,1,0,0,0,0,0,0,"-","-","UNINCORPORATED","EL DORADO","CA",0,0
"6821492",0,0,2015,"0900","5","6","3","03",0,5,"C",,,,,,2100,2,"F","I","A","MOUNT AUKUM RD","HIGGINS RD",500,"S","N","2016-04-06",9245,"2015-02-07",1815,"016363",,"2","9","0","3",,"2","004","-","N",,0,0,,,0,,,,"Y",1,"A","-",22350,,"N","B","H","-","D","-","0","Y","A","01",0,1,4,0,0,0,0,0,0,"-","-","UNINCORPORATED","EL DORADO","CA",-120.73677,38.5805
"6821383",-120.7850288,38.7321401,2015,"0900","2","2","2","08",0,1,"A",,,,,,1500,2,"E","I","A","RT 50","SCHNELL SCHOOL RD",1056,"W","N","2016-09-02",9245,"2015-02-10",1410,"018114",,"2","9","0","1",,"2","140","-","Y","ED",3,50,"-","-",18.919,"H","-","W","Y",1,"A","-",22107,,"N","A","H","-","A","D","1","Y","A","01",1,0,0,0,0,0,0,0,0,"-","-","UNINCORPORATED","EL DORADO","CA",-120.7832,38.73287
"6821099",-121.0279755,38.909573,2015,"0900","3","3","4","05",0,1,"A",,,,,,1200,2,"B","C","A","RT 49","ARRON COOL RD",10560,"N","N","2016-09-02",9245,"2015-02-11",940,"017935",,"1","9","0","1",,"1","122","-","Y","ED",3,49,"-","-",37.16,"H","-","S","Y",2,"A","-",21460,"A","N","A","H","-","A","D","0","Y","A","01",0,0,1,0,0,0,0,0,0,"-","-","UNINCORPORATED","EL DORADO","CA",-121.02742,38.90958
"6821091",-121.0189896,38.6552621,2015,"0900","2","4","4","08",0,1,"A",,,,,,1800,2,"E","I","A","RT 50","BASS LAKE RD",2640,"E","N","2016-09-06",9245,"2015-02-12",1505,"017089",,"2","9","0","1",,"2","110","-","Y","ED",3,50,"-","R",3.75,"H","-","W","N",1,"A","-",22107,,"N","A","H","-","A","D","1","Y","E","22",0,0,1,0,0,0,0,0,0,"-","-","UNINCORPORATED","EL DORADO","CA",-121.01708,38.65526
"6819251",-121.0163731,38.6552542,2015,"0900","2","3","2","09",0,3,"A",,,,,,1800,2,"D","C","A","RT 50","CARSON RD",0,,"Y","2016-09-06",9245,"2015-02-18",1620,"018114",,"2","9","0","1",,"2","140","-","Y","ED",3,50,"-","-",4.05,"R","4","W","Y",2,"A","-",21802,"A","N","A","H","-","A","D","1","Y","A","01",1,0,2,0,0,0,0,0,0,"-","-","UNINCORPORATED","EL DORADO","CA",-120.6968,38.74006
"6819243",-120.9778123,38.905618,2015,"0900","5","6","4","08",0,1,"A",,,,"Y",,1500,2,"B","C","A","AMERICAN RIVER TRAIL","SWEETWATER TRL",250,"W","N","2015-03-16",9245,"2015-02-21",1445,"17728",,"2","9","0","3",,"2","002","-","N",,0,0,,,0,,,,"Y",2,"A","-",22107,,"N","A","H","-","A","D","0","Y","A","01",0,0,1,0,0,0,0,0,0,"-","-","UNINCORPORATED","EL DORADO","CA",-120.87873,38.90639
"6818894",-120.9609691,38.673567,2015,"0900","5","5","4","18",0,1,"B",,,,,,900,2,"H","A","A","BUENA VISTA DR","PLEASANT VIEW LN",50,"S","N","2015-03-13",9245,"2015-02-06",730,"015609",,"1","9","1","3",,"2","001","F","N",,0,0,,,0,,,,"N",1,"C","-",0,,"N","A","C","-","A","D","0","Y","-","-",0,0,1,0,0,0,0,0,0,"-","-","UNINCORPORATED","EL DORADO","CA",-120.96098,38.67361
"6818797",-121.0297931,38.656565,2015,"0900","5","5","4","03",0,1,"C",,,,,,1800,2,"C","C","A","BASS LAKE RD","COUNTRY CLUB DR",0,,"Y","2015-03-09",9245,"2015-02-06",1715,"016363",,"2","9","0","3",,"2","001","-","N",,0,0,,,0,,,,"Y",2,"A","-",22350,,"N","B","H","-","D","D","0","Y","A","01",0,0,1,0,0,0,0,0,0,"-","-","UNINCORPORATED","EL DORADO","CA",-121.02963,38.65619
"6818722",0,0,2015,"0900","5","2","4","03",0,1,"A",,,,,,1800,2,"C","C","A","WHITE ROCK RD","VALLEY VIEW RD",528,"W","N","2015-03-06",9245,"2015-02-10",1715,"015459",,"2","9","0","3",,"2","003","-","N",,0,0,,,0,,,,"Y",3,"A","-",22350,,"N","A","H","-","A","A","0","Y","A","07",0,0,1,0,0,0,0,0,0,"-","-","UNINCORPORATED","EL DORADO","CA",-121.06224,38.64899
"6816287",-120.8618192,38.6944558,2015,"0900","5","2","4","01",0,1,"A",,,,,"Y",2400,2,"E","I","A","EL DORADO RD","SILVER LODE DR",450,"N","N","2015-08-13",9245,"2015-02-03",2205,"014956",,"3","9","0","3",,"2","003","-","N",,0,0,,,0,,,,"Y",1,"A","-",23152,"A","N","A","H","-","D","D","0","Y","A","07",0,0,1,0,0,0,0,0,0,"-","-","UNINCORPORATED","EL DORADO","CA",-120.86181,38.69453
"6815954",-121.0340065,38.9098998,2015,"0900","3","1","3","01",0,4,"C",,,,,"Y",1200,2,"B","C","A","RT 49","AARON COOL DR",14256,"N","N","2016-09-02",9245,"2015-02-09",905,"013929",,"1","9","0","1",,"1","115","-","Y","ED",3,49,"-","-",37.66,"H","-","S","Y",2,"A","-",23152,"A","N","B","H","-","A","D","0","Y","A","07",0,4,0,0,0,0,0,0,0,"-","-","UNINCORPORATED","EL DORADO","CA",-121.03277,38.91018
"6815950",-121.0588965,38.656718,2015,"0900","2","7","3","03",0,2,"C",,,,,,1500,2,"F","A","A","RT 50","CAMBRIDGE RD",0,"W","N","2017-02-21",9245,"2015-02-08",1225,"013929",,"1","9","0","1",,"2","110","-","Y","ED",3,50,"-","R",2.28,"H","-","E","Y",1,"A","-",22350,,"N","B","H","-","A","D","1","Y","A","07",0,2,0,0,0,0,0,0,0,"-","-","UNINCORPORATED","EL DORADO","CA",-121.02015,38.6549
"6815946",-120.84365,38.681892,2015,"0900","3","3","3","03",0,1,"A",,,"Y",,,1800,2,"C","C","A","RT 49","EL DORADO ST",0,,"Y","2016-09-02",9245,"2015-02-04",1505,"013463",,"2","9","0","1",,"1","135","B","Y","ED",3,49,"-","-",9.846,"I","5","S","Y",2,"A","-",22350,,"N","A","H","-","A","D","0","Y","C","02",0,1,0,0,0,0,0,0,1,"-","-","UNINCORPORATED","EL DORADO","CA",-120.84332,38.68175
"6815596",-120.969003,38.6561551,2015,"0900","4","1","4","09",0,1,"A",,,,,,1800,2,"D","C","A","CAMERON PARK DR","ROBIN LN",0,"S","N","2015-04-01",9245,"2015-02-09",1710,"015459",,"2","9","0","2",,"1","032","-","N",,0,0,,,0,,,,"Y",2,"A","-",21804,"A","N","A","H","-","A","D","0","Y","A","07",0,0,1,0,0,0,0,0,0,"-","-","UNINCORPORATED","EL DORADO","CA",-120.96901,38.65093
"6815584",-121.031393,38.7033551,2015,"0900","4","4","4","09",0,3,"A",,,,,,1500,2,"D","C","A","GREEN VALLEY RD","DEER VALLEY RD",0,,"Y","2015-03-06",9245,"2015-02-05",1435,"016363",,"2","9","0","2",,"2","011","-","N",,0,0,,,0,,,,"Y",3,"A","-",21801,"A","N","A","H","-","A","D","0","Y","-",,0,0,3,0,0,0,0,0,0,"-","-","UNINCORPORATED","EL DORADO","CA",-120.95219,38.7111
"6814270",-119.9701112,38.9151169,2015,"0900","4","2","4","11",0,1,"A","Y",,,,"Y",2400,1,"G","B","E","BLACK BART AV","ORMSBY DR",365,"E","N","2015-03-11",9246,"2015-01-20",2122,"15487",,"2","9","0","2",,"1","026","-","N",,0,0,,,0,,,,"N",2,"A","-",21954,"A","N","A","H","-","D","D","0","Y","N","60",0,0,1,0,1,0,0,0,0,"-","-","UNINCORPORATED","EL DORADO","CA",-119.97026,38.91513
"6811147",-120.6077012,38.6185844,2015,"0900","5","2","3","05",0,1,"B",,,,,,900,2,"F","A","A","GRIZZLY FLAT RD","ROCKY BAR RD",3168,"S","N","2015-03-05",9245,"2015-02-03",650,"013279",,"1","9","0","3",,"2","004","-","N",,0,0,,,0,,,,"Y",1,"A","-",21650,,"N","A","H","-","B","A","0","Y","A","01",0,1,0,0,0,0,0,0,0,"-","-","UNINCORPORATED","EL DORADO","CA",0,0
"6809942",-120.8930424,38.7835658,2015,"0900","4","1","3","18",0,1,"B",,"Y",,,,1200,1,"H","H","A","COLD SPRINGS RD","THOMPSON HILL RD",1584,"N","N","2015-03-04",9245,"2015-01-19",1020,"013603",,"1","9","0","2",,"1","014","E","N",,0,0,,,0,,,,"N",1,"C","-",0,,"N","A","H","-","A","D","0","Y","-","-",0,1,0,0,0,0,1,0,0,"-","-","UNINCORPORATED","EL DORADO","CA",-120.89205,38.78707
"6809938",-120.981483,38.678715,2015,"0900","4","3","2","09",0,2,"A",,,,,,900,1,"D","C","A","CAMERON PARK DR","MEDER RD",0,,"Y","2015-03-04",9245,"2015-01-28",655,"013463",,"1","9","0","2",,"1","015","-","N",,0,0,,,0,,,,"Y",2,"A","-",21453,"C","N","A","H","-","A","A","0","Y","A","01",1,1,0,0,0,0,0,0,0,"-","-","UNINCORPORATED","EL DORADO","CA",-120.98144,38.67875
"6807963",-120.1466788,38.7960777,2015,"0900","2","1","4","08",0,1,"A",,,,,,900,2,"D","C","A","RT 50","STRAWBERRY LN",528,"W","N","2016-09-02",9245,"2015-02-02",845,"13279",,"1","9","0","1",,"1","170","-","Y","ED",3,50,"-","-",57.9,"H","-","W","Y",2,"A","-",22107,,"N","A","H","-","A","A","0","Y","A","07",0,0,1,0,0,0,0,0,0,"-","-","UNINCORPORATED","EL DORADO","CA",0,0
"6807806",-120.8979042,38.9009909,2015,"0900","3","5","3","01",0,1,"B",,,,,"Y",1800,2,"E","I","A","RT 193","DERRICK LN",900,"W","N","2016-09-06",9245,"2015-02-06",1540,"16465",,"2","9","0","1",,"1","122","C","Y","ED",3,193,"-","-",8.02,"H","-","W","Y",1,"A","-",23152,"A","N","B","H","-","A","D","0","Y","D","22",0,1,0,0,0,0,0,0,0,"-","-","UNINCORPORATED","EL DORADO","CA",-120.90445,38.90208
"6807596",-120.5366269,38.717266,2015,"0900","5","5","3","08",0,1,"A",,,"Y",,,300,1,"E","I","A","MORMON EMIGRANT TRL","FERRARI MILL RD",5280,"E","N","2015-03-02",9245,"2015-01-30",200,"017737",,"3","9","0","3",,"2","004","-","N",,0,0,,,0,,,,"Y",1,"A","-",22107,,"N","A","H","-","D","D","0","Y","C","02",0,1,0,0,0,0,0,0,1,"-","-","UNINCORPORATED","EL DORADO","CA",-120.53468,38.72045
"6807017",-120.906373,38.668075,2015,"0900","4","1","3","01",0,2,"A",,,,,"Y",2100,1,"D","C","A","MOTHER LODE DR","BUCKEYE RD",0,,"Y","2015-03-13",9245,"2015-01-26",1858,"013028",,"2","9","0","2",,"1","039","-","N",,0,0,,,0,,,,"Y",2,"A","-",23152,"A","N","A","H","-","D","A","0","Y","A","01",0,2,0,0,0,0,0,0,0,"-","-","UNINCORPORATED","EL DORADO","CA",-120.555,38.402
"6804807",-120.9659526,38.5857952,2015,"0900","5","7","3","08",0,1,"A",,,"Y",,,1500,1,"E","I","A","SOUTH SHINGLE RD","SILVER OAKS LN",250,"N","N","2015-03-02",9245,"2015-01-18",1455,"013463",,"2","9","0","3",,"2","003","-","N",,0,0,,,0,,,,"Y",1,"A","-",22107,,"N","A","H","-","A","D","0","Y","C","02",0,1,0,0,0,0,0,0,1,"-","-","UNINCORPORATED","EL DORADO","CA",-120.96581,38.58605
"6804803",-121.0726909,38.6521108,2015,"0900","2","5","4","18",0,1,"A",,,,,,2100,1,"E","J","A","RT 50","LATROBE RD",200,"W","N","2016-09-06",9245,"2015-01-30",1810,"17604",,"2","9","0","1",,"2","110","-","Y","ED",3,50,"-","-",0.82,"H","-","E","N",2,"C","-",0,,"N","A","H","-","C","D","1","Y","-","-",0,0,1,0,0,0,0,0,0,"-","-","UNINCORPORATED","EL DORADO","CA",-121.07662,38.65082
"6803149",-120.6659382,38.7370519,2015,"0900","2","5","3","08",0,1,"A",,,,,,2100,1,"B","I","A","RT 50","8 MILE RD",300,"W","N","2016-09-07",9245,"2015-01-23",1800,"017728",,"2","9","0","1",,"2","140","-","Y","ED",3,50,"-","-",25.89,"H","-","W","Y",2,"A","-",22107,,"N","A","H","-","D","D","1","Y","A","01",0,1,0,0,0,0,0,0,0,"-","-","UNINCORPORATED","EL DORADO","CA",-120.66661,38.73644
"6803066",-120.8764328,38.6763614,2015,"0900","5","4","4","03",0,2,"A",,,,,,1200,1,"C","C","A","MOTHER LODE DR","KINGVALE RD",40,"E","N","2015-02-25",9245,"2015-01-29",1045,"018114",,"1","9","0","3",,"2","003","-","N",,0,0,,,0,,,,"Y",2,"A","-",22350,,"N","A","H","-","A","D","0","Y","A","07",0,0,2,0,0,0,0,0,0,"-","-","UNINCORPORATED","EL DORADO","CA",-120.87643,38.67639
"6803065",0,0,2015,"0900","4","1","4","09",0,1,"A",,,,,,1800,1,"D","C","A","CEDAR RAVINE RD","PAYDIRT DR",1056,"N","N","2015-02-25",9245,"2015-01-26",1530,"016465",,"2","9","0","2",,"1","041","-","N",,0,0,,,0,,,,"Y",2,"A","-",21804,"A","N","A","H","-","A","D","0","Y","A","07",0,0,1,0,0,0,0,0,0,"-","-","UNINCORPORATED","EL DORADO","CA",-120.77367,38.71586
"6803064",-121.0749131,38.6516652,2015,"0900","2","3","4","03",0,1,"A",,,,,,1800,1,"C","C","A","RT 50","EL DORADO HILLS BL",500,"W","N","2016-09-06",9245,"2015-01-28",1605,"017728",,"2","9","0","1",,"2","110","-","Y","ED",3,50,"-","-",0.686,"R","1","W","Y",2,"A","-",22350,,"N","A","H","-","A","D","1","Y","A","01",0,0,1,0,0,0,0,0,0,"-","-","UNINCORPORATED","EL DORADO","CA",-121.07615,38.65132
"6802843",-120.8125952,38.7297921,2015,"0900","2","3","3","03",0,1,"A",,,,,,600,1,"E","I","A","RT 50","PLACERVILLE DR",725,"E","N","2016-09-06",9245,"2015-01-28",425,"012833",,"3","9","0","1",,"2","120","-","Y","ED",3,50,"-","-",17.16,"R","2","E","Y",1,"A","-",22350,,"N","A","H","-","C","D","1","Y","D","22",0,1,0,0,0,0,0,0,0,"FR","-","UNINCORPORATED","EL DORADO","CA",-120.81381,38.72991
"6802109",-120.0816438,38.8167056,2015,"0900","2","7","4","03",0,1,"A",,,,,,1500,1,"D","C","A","RT 50","SIERRA-AT-TAHOE RD",2640,"W","N","2016-09-06",9246,"2015-01-18",1450,"018418",,"2","9","0","1",,"1","020","-","Y","ED",3,50,"-","-",63.31,"H","-","W","Y",2,"A","-",22350,,"N","A","H","-","A","D","0","Y","A","01",0,0,1,0,0,0,0,0,0,"-","-","UNINCORPORATED","EL DORADO","CA",0,0
"6801735",-121.0876888,38.7177424,2015,"0900","5","5","2","08",0,1,"B",,,"Y",,,300,2,"A","C","A","WOOD MAR DR","MARINA VIEW DR",200,"S","N","2015-03-05",9245,"2015-02-06",135,"18624","9245","3","9","0","3",,"2","001","-","N",,0,0,,,0,,,,"Y",2,"A","-",22107,,"N","A","H","-","D","D","0","Y","O","05",1,0,0,0,0,0,0,0,1,"-","-","UNINCORPORATED","EL DORADO","CA",-121.0877,38.71776
"6800919",-120.0342252,38.8173031,2015,"0900","2","5","4","03",0,1,"B",,,,,,1800,2,"E","I","A","RT 50","JOHNSON PASS RD",3168,"E","N","2016-09-06",9246,"2015-02-06",1635,"018629",,"2","9","0","1",,"1","021","D","Y","ED",3,50,"-","-",66.3,"H","-","W","Y",1,"A","-",22350,,"N","C","G","-","D","A","0","Y","A","07",0,0,1,0,0,0,0,0,0,"-","-","UNINCORPORATED","EL DORADO","CA",-120.03495,38.81881
"6799921",-120.0229032,38.8804366,2015,"0900","5","3","4","03",0,1,"A",,,,,,900,1,"E","I","A","SAWMILL","ECHO VIEW DR",2640,"S","N","2015-03-02",9246,"2015-01-28",845,"015992",,"1","9","0","3",,"2","200","-","N",,0,0,,,0,,,,"Y",1,"A","-",22350,,"N","C","H","-","A","D","0","Y","A","07",0,0,1,0,0,0,0,0,0,"-","-","UNINCORPORATED","EL DORADO","CA",-120.01839,38.87469
"6799908",-120.1203329,38.8095952,2015,"0900","2","1","3","17",0,1,"A",,,,"Y",,600,1,"E","I","A","RT 50","PYRAMID CREEK TRACT",792,"E","N","2016-09-06",9246,"2015-01-26",445,"014302",,"3","9","0","1",,"1","020","-","Y","ED",3,50,"-","-",59.97,"H","-","E","Y",1,"A","-",21662,,"N","A","H","-","D","D","0","Y","G","25",0,1,0,0,0,0,0,0,0,"-","-","UNINCORPORATED","EL DORADO","CA",0,0
"6799729",-120.9691427,38.6596698,2015,"0900","4","1","4","03",0,1,"A",,,,,,1800,1,"C","C","A","CAMERON PARK DR","COUNTRY CLUB DR",250,"S","N","2016-04-06",9245,"2015-01-26",1700,"017089",,"2","9","0","2",,"1","015","-","N",,0,0,,,0,,,,"N",2,"A","-",22350,,"N","A","H","-","B","A","0","Y","A","07",0,0,1,0,0,0,0,0,0,"-","-","UNINCORPORATED","EL DORADO","CA",-120.96908,38.65982
"6799728",-120.8451789,38.722385,2015,"0900","4","3","2","08",0,1,"A",,,,,,2100,1,"E","I","A","GREEN VALLEY RD","LODE RD",76,"E","N","2015-02-23",9245,"2015-01-14",2035,"013405",,"2","9","0","2",,"2","011","-","N",,0,0,,,0,,,,"Y",1,"A","-",22107,,"N","A","H","-","D","D","0","Y","A","01",1,0,0,0,0,0,0,0,0,"-","-","UNINCORPORATED","EL DORADO","CA",-120.84531,38.72221
"6799727",-120.6994284,38.6514286,2015,"0900","4","1","4","08",0,1,"A",,,"Y",,,1800,1,"F","A","A","BUCKS BAR RD","YOSEMITE PL",60,"S","N","2015-02-23",9245,"2015-01-26",1645,"015459",,"2","9","0","2",,"1","042","-","N",,0,0,,,0,,,,"N",1,"A","-",22107,,"N","A","H","-","A","D","0","Y","C","02",0,0,1,0,0,0,0,0,1,"-","-","UNINCORPORATED","EL DORADO","CA",-120.69926,38.65122