"CASEID","POINT_X","POINT_Y","YEAR_","LOCATION","CHPTYPE","DAYWEEK","CRASHSEV","VIOLCAT","KILLED","INJURED","WEATHER1","PEDCOL","BICCOL","MCCOL","TRUCKCOL","ETOH","TIMECAT","MONTH_","CRASHTYP","INVOLVE","PED","PRIMARYRD","SECONDRD","DISTANCE","DIRECT","INTERSECT_","PROCDATE","JURIS","DATE_","TIME_","BADGE","JURIDIST","SHIFT","POP","SPECIAL","BEATTYPE","LAPDDIV","BEATCLAS","BEATNUMB","WEATHER2","STATEHW","CALTRANC","CALTRAND","STROUTE","ROUTESUF","POSTPRE","POSTMILE","LOCATYPE","RAMP","SIDEHW","TOWAWAY","PARTIES","PCF","VIOLCODE","VIOL","VIOLSUB","HITRUN","ROADSURF","RDCOND1","RDCOND2","LIGHTING","RIGHTWAY","CHPRDTYP","NOTPRIV","STFAULT","CHPFAULT","SEVINJ","OTHERINJ","COP","PEDKILL","PEDINJ","BICKILL","BICINJ","MCKILL","MCINJURE","RAMP1","RAMP2","CITY","COUNTY","STATE","X_CHP","Y_CHP"
"6798294",-120.9421628,38.6606255,2015,"0900","5","4","4","09",0,1,"A",,,,,,2100,1,"B","C","A","DUROCK RD","PRESLEY LN",80,"W","N","2015-02-19",9245,"2015-01-15",1835,"017935",,"2","9","0","3",,"2","003","-","N",,0,0,,,0,,,,"Y",2,"A","-",21802,"A","N","A","H","-","C","D","0","Y","A","01",0,0,1,0,0,0,0,0,0,"-","-","UNINCORPORATED","EL DORADO","CA",-120.94269,38.66022
"6798048",-120.1197342,38.80183,2015,"0900","2","7","2","03",0,5,"A",,,,,,1200,1,"A","C","A","RT 50","CAMP SACRAMENTO",528,"W","N","2016-09-06",9246,"2015-01-11",937,"014478",,"1","9","0","1",,"1","020","-","Y","ED",3,50,"-","-",60.76,"H","-","E","Y",2,"A","-",22350,,"N","B","H","-","A","D","0","Y","A","01",2,2,1,0,0,0,0,0,0,"-","-","UNINCORPORATED","EL DORADO","CA",-120.11961,38.80203
"6795905",0,0,2015,"0900","5","3","4","12",0,1,"A",,,,,,1800,1,"D","C","A","SOPHIA PARKWAY","GREEN VALLEY RD",10,"S","N","2015-08-04",9245,"2015-01-21",1740,"17089",,"2","9","0","3",,"2","001","-","N",,0,0,,,0,,,,"N",2,"A","-",21453,"A","N","A","H","-","C","A","0","Y","A","01",0,0,1,0,0,0,0,0,0,"-","-","UNINCORPORATED","EL DORADO","CA",-121.10672,38.70077
"6795671",-121.0178834,38.8629797,2015,"0900","3","1","4","08",0,1,"A",,,,,,900,1,"E","I","A","RT 49","NIEGEL LN",1584,"S","N","2016-09-02",9245,"2015-01-12",745,"13463",,"1","9","0","1",,"1","115","-","Y","ED",3,49,"-","-",32.74,"H","-","S","Y",1,"A","-",22107,,"N","A","H","-","A","D","0","Y","A","01",0,0,1,0,0,0,0,0,0,"-","-","UNINCORPORATED","EL DORADO","CA",-121.0177,38.86024
"6795667",-121.0127153,38.5903594,2015,"0900","4","2","3","03",0,1,"B",,,,,,1200,1,"E","I","A","LATROBE RD","SUN RIDGE MEADOW RD",1584,"N","N","2015-02-24",9245,"2015-01-20",1005,"13463",,"1","9","0","2",,"2","031","-","N",,0,0,,,0,,,,"Y",1,"A","-",22350,,"N","B","H","-","A","D","0","Y","A","01",0,1,0,0,0,0,0,0,0,"-","-","UNINCORPORATED","EL DORADO","CA",0,0
"6795663",-120.9042424,38.8085353,2015,"0900","3","7","4","09",0,1,"A",,,,,,1500,1,"B","C","A","RT 49","RIVER PARK DR",6,"S","N","2016-09-02",9245,"2015-01-25",1245,"17089",,"1","9","0","1",,"1","115","-","Y","ED",3,49,"-","-",24.17,"H","-","S","Y",2,"A","-",21804,"A","N","A","H","-","A","D","0","Y","A","01",0,0,1,0,0,0,0,0,0,"-","-","UNINCORPORATED","EL DORADO","CA",-120.90337,38.80866
"6794772",-121.0671269,38.6542559,2015,"0900","2","5","4","03",0,2,"A",,,,,"Y",300,1,"C","C","A","RT 50","EL DORADO HILLS BL",584,"E","N","2016-09-06",9245,"2015-01-23",20,"17604",,"3","9","0","1",,"2","110","-","Y","ED",3,50,"-","-",1,"H","-","W","Y",2,"A","-",22350,,"M","A","H","-","C","D","1","Y","A","01",0,0,2,0,0,0,0,0,0,"-","-","UNINCORPORATED","EL DORADO","CA",-121.06831,38.65376
"6792973",-120.6908836,38.7382688,2015,"0900","2","4","3","03",0,1,"B",,,"Y",,,1500,1,"E","I","A","RT 50","EIGHT MILE RD",2640,"E","N","2016-09-06",9245,"2015-01-22",1225,"018114",,"1","9","0","1",,"2","140","-","Y","ED",3,50,"-","R",26.46,"H","-","E","Y",1,"A","-",22350,,"N","A","H","-","A","D","1","Y","C","02",0,1,0,0,0,0,0,0,1,"-","-","UNINCORPORATED","EL DORADO","CA",-120.65866,38.74392
"6792502",-120.947463,38.6750551,2015,"0900","5","7","4","01",0,1,"A",,,,,"Y",1500,1,"E","I","A","MEDER RD","ELFWOOD LN",1056,"W","N","2015-02-23",9245,"2015-01-18",1445,"15459",,"2","9","0","3",,"2","003","-","N",,0,0,,,0,,,,"Y",1,"A","-",23152,"A","N","A","H","-","A","D","0","Y","D","22",0,0,1,0,0,0,0,0,0,"-","-","UNINCORPORATED","EL DORADO","CA",-120.94779,38.67519
"6789567",0,0,2015,"0900","5","6","2","08",0,1,"B",,,,,,900,1,"E","I","A","GRIZZLY FLAT RD","STRING CANYON RD",600,"W","N","2015-02-17",9245,"2015-01-17",845,"012382",,"1","9","0","3",,"2","004","-","N",,0,0,,,0,,,,"Y",1,"A","-",22107,,"N","A","H","-","A","A","0","Y","A","01",1,0,0,0,0,0,0,0,0,"-","-","UNINCORPORATED","EL DORADO","CA",-120.56775,38.63131
"6789406",-120.9387931,38.6621471,2015,"0900","2","5","4","07",0,2,"A",,,,,,2400,1,"C","C","A","RT 50","PONDEROSA RD",500,"W","N","2016-09-06",9245,"2015-01-09",2205,"17737",,"3","9","0","1",,"2","110","-","Y","ED",3,50,"-","R",8.48,"H","-","E","Y",4,"A","-",21658,"A","N","A","H","-","D","D","1","Y","A","01",0,0,2,0,0,0,0,0,0,"-","-","UNINCORPORATED","EL DORADO","CA",-120.2541,38.5654
"6787280",-120.819779,38.7591814,2015,"0900","3","6","4","03",0,1,"B",,,"Y",,,1200,1,"F","A","A","RT 193","MINERS SPRING RD",150,"N","N","2016-09-06",9245,"2015-01-17",1120,"13929",,"1","9","0","1",,"1","122","-","Y","ED",3,193,"-","-",25.15,"H","-","E","N",1,"A","-",22350,,"N","B","H","-","A","D","0","Y","C","02",0,0,1,0,0,0,0,0,1,"-","-","UNINCORPORATED","EL DORADO","CA",0,0
"6787279",0,0,2015,"0900","5","3","4","03",0,1,"A","Y",,,,,900,1,"G","B","E","SILVA VALLEY PKWY","APPIAN WY",75,"S","N","2015-02-24",9245,"2015-01-07",845,"013463",,"1","9","0","3",,"2","001","-","N",,0,0,,,0,,,,"N",2,"A","-",22350,,"N","A","H","-","A","D","0","Y","A","01",0,0,1,0,1,0,0,0,0,"-","-","UNINCORPORATED","EL DORADO","CA",-121.07338,38.69693
"6787278",-121.0786756,38.7101087,2015,"0900","4","6","4","08",0,2,"A",,,,,,1500,1,"D","I","A","SALMON FALLS RD","SALMON VALLEY LN",5,"N","N","2015-02-19",9245,"2015-01-17",1325,"017728",,"1","9","0","2",,"2","012","-","N",,0,0,,,0,,,,"Y",1,"A","-",22107,,"N","A","H","-","A","D","0","Y","A","01",0,0,2,0,0,0,0,0,0,"-","-","UNINCORPORATED","EL DORADO","CA",-121.06052,38.7415
"6787242",-120.763743,38.6779151,2015,"0900","4","4","3","03",0,1,"B",,,"Y",,,1500,1,"C","C","A","PLEASANT VALLEY RD","WESTLEY RD",0,,"Y","2015-02-20",9245,"2015-01-08",1255,"012382",,"1","9","0","2",,"1","041","-","N",,0,0,,,0,,,,"Y",2,"A","-",22350,,"N","A","H","-","A","A","0","Y","A","07",0,1,0,0,0,0,0,0,1,"-","-","UNINCORPORATED","EL DORADO","CA",-120.7635,38.67795
"6787241",-120.1943434,38.7908558,2015,"0900","2","1","4","08",0,1,"A",,,,,,1500,1,"E","I","A","RT 50","39 MILE STONE",2640,"E","N","2016-09-02",9245,"2015-01-12",1430,"017089",,"2","9","0","1",,"1","170","-","Y","ED",3,50,"-","-",54.94,"H","-","E","Y",1,"A","-",22107,,"N","A","H","-","A","D","0","Y","A","07",0,0,1,0,0,0,0,0,0,"-","-","UNINCORPORATED","EL DORADO","CA",-120.17975,38.78907
"6785025",-120.2814031,38.7764623,2015,"0900","2","5","3","08",0,1,"A",,,,,,2100,1,"E","I","A","RT 50","34 MILE STONE",2112,"W","N","2016-09-02",9245,"2015-01-09",2010,"17604",,"2","9","0","1",,"1","160","-","Y","ED",3,50,"-","-",49.84,"H","-","W","Y",1,"A","-",22107,,"N","A","H","-","D","D","0","Y","J","48",0,1,0,0,0,0,0,0,0,"-","-","UNINCORPORATED","EL DORADO","CA",-120.28113,38.77653
"6782345",-120.995603,38.698995,2015,"0900","4","5","3","22",0,1,"A",,,"Y",,,1800,1,"F","A","A","GREEN VALLEY RD","CAMERON PARK DR",0,,"Y","2015-02-18",9245,"2015-01-09",1638,"15607",,"2","9","0","2",,"2","011","-","N",,0,0,,,0,,,,"Y",1,"B","-",0,,"N","A","H","-","A","D","0","Y","C","02",0,1,0,0,0,0,0,0,1,"-","-","UNINCORPORATED","EL DORADO","CA",-120.59729,38.41934
"6782295",0,0,2015,"0900","4","7","3","05",0,1,"A",,,,,,2100,1,"E","I","A","ICE HOUSE RD","STILL MEADOW RD",23,"N","N","2015-07-29",9245,"2015-01-04",2000,"13279",,"2","9","0","2",,"1","026","-","N",,0,0,,,0,,,,"Y",1,"A","-",21650,,"N","A","H","-","D","A","0","Y","A","01",0,1,0,0,0,0,0,0,0,"-","-","UNINCORPORATED","EL DORADO","CA",0,0
"6781121",-121.071923,38.6568251,2015,"0901","4","5","4","09",0,2,"A",,,,,,2400,1,"D","C","A","EL DORADO HILLS BL","PARK DR",0,,"Y","2015-02-19",9245,"2015-01-09",2100,"017728",,"2","2","0","2",,"2","012","-","N",,0,0,,,0,,,,"Y",2,"A","-",21453,"C","N","A","H","-","C","A","0","Y","D","22",0,0,2,0,0,0,0,0,0,"-","-","PLACERVILLE","EL DORADO","CA",-121.07171,38.65666
"6779179",-120.9795429,38.6592707,2015,"0900","2","7","3","07",0,1,"A",,,,,,1800,1,"-","A","A","RT 50","CAMERON PARK DR",2640,"E","N","2016-09-06",9245,"2015-01-11",1720,"15459",,"2","9","0","1",,"2","110","-","Y","ED",3,50,"-","-",6.07,"H","-","W","Y",2,"A","-",21658,"A","N","A","H","-","C","D","1","Y","D","22",0,1,0,0,0,0,0,0,0,"-","-","UNINCORPORATED","EL DORADO","CA",-120.9787,38.6595
"6779146",0,0,2015,"0901","0","1","3","01",0,1,"A",,,,,"Y",1800,1,"E","I","A","BEDFORD AV","PLEASANT ST",33,"N","N","2015-02-19",901,"2015-01-05",1539,"288","0901","5","2","0","0",,"0","PP1","-","N",,0,0,,,0,,,,"Y",1,"A","-",23152,"A","N","A","H","-","A","B","0","Y","I","11",0,1,0,0,0,0,0,0,0,"-","-","PLACERVILLE","EL DORADO","CA",0,0
"6777520",-120.842553,38.7090652,2015,"0900","4","5","4","12",0,4,"B",,,,,,1800,1,"D","C","A","MISSOURI FLAT RD","RT 50",0,,"Y","2016-09-06",9245,"2015-01-09",1754,"018624","9245","2","9","0","2",,"1","037","-","Y","ED",3,50,"-","R",14.897,"R","4","E","Y",2,"A","-",21453,"A","N","A","H","-","C","A","1","Y","A","01",0,0,4,0,0,0,0,0,0,"-","EO","UNINCORPORATED","EL DORADO","CA",-120.83881,38.71101
"6776867",-120.8314967,38.7068933,2015,"0900","4","2","4","03",0,3,"A",,,,,,1800,1,"C","C","A","MISSOURI FLAT RD","FORNI RD",250,"N","N","2015-02-20",9245,"2015-01-13",1635,"17089",,"2","9","0","2",,"1","037","-","N",,0,0,,,0,,,,"Y",3,"A","-",22350,,"N","A","H","-","A","A","0","Y","A","01",0,0,3,0,0,0,0,0,0,"-","-","UNINCORPORATED","EL DORADO","CA",-120.83196,38.70709
"6775019",-120.7169266,38.7350985,2015,"0900","5","6","3","21",0,1,"A",,,"Y",,,1500,1,"F","A","A","PINA AV","CAMINO HEIGHTS DR",175,"N","N","2015-02-19",9245,"2015-01-03",1451,"15607",,"2","9","0","3",,"2","004","-","N",,0,0,,,0,,,,"N",1,"A","-",22106,,"N","A","H","-","A","D","0","Y","C","02",0,1,0,0,0,0,0,0,1,"-","-","UNINCORPORATED","EL DORADO","CA",-120.71682,38.73523
"6775005",-120.8480834,38.7078049,2015,"0900","2","4","3","07",0,2,"A",,,,,,900,1,"F","A","A","RT 50","EL DORADO RD",2904,"E","N","2016-09-06",9245,"2015-01-01",812,"13929",,"1","9","0","1",,"2","120","-","Y","ED",3,50,"-","-",14.56,"H","-","W","Y",1,"A","-",21658,"A","N","A","H","-","A","D","1","Y","A","07",0,2,0,0,0,0,0,0,0,"-","-","UNINCORPORATED","EL DORADO","CA",-120.8481,38.70784
"6774501",-120.5168352,38.6396485,2015,"0900","5","4","4","08",0,1,"A",,,"Y",,,300,1,"H","A","A","WINDING WY","MEADOW GLEN DR",500,"W","N","2015-02-20",9245,"2015-01-01",5,"018240",,"3","9","0","3",,"2","004","-","N",,0,0,,,0,,,,"N",1,"A","-",22107,,"N","C","H","-","D","D","0","Y","C","06",0,0,1,0,0,0,0,0,1,"-","-","UNINCORPORATED","EL DORADO","CA",-120.50905,38.63924
"6774496",-120.8596037,38.8954863,2015,"0900","3","3","2","03",0,1,"A",,,"Y",,,1500,1,"F","J","A","RT 193","GRAYBAR MINE RD",1056,"N","N","2016-09-06",9245,"2015-01-07",1430,"018624","9245","2","9","0","1",,"1","122","-","Y","ED",3,193,"-","-",10.5,"H","-","W","Y",1,"A","-",22350,,"N","A","H","-","A","D","0","Y","C","02",1,0,0,0,0,0,0,0,1,"-","-","UNINCORPORATED","EL DORADO","CA",-120.86525,38.89242
"6769865",-121.0329963,38.9098863,2015,"0900","3","4","4","03",0,1,"A",,,,,,1200,1,"B","C","A","RT 49","RT 193",15312,"N","N","2016-09-02",9245,"2015-01-01",1030,"013929",,"1","9","0","1",,"1","115","-","Y","ED",3,49,"-","-",37.6,"H","-","S","Y",2,"A","-",22350,,"N","B","H","-","A","D","0","Y","D","22",0,0,1,0,0,0,0,0,0,"-","-","UNINCORPORATED","EL DORADO","CA",0,0
"6769450",-120.0783676,38.9350694,2015,"0900","3","6","3","01",0,1,"B",,,,,,1500,4,"E","I","A","RT 89","SPRING CREEK RD",686,"N","N","2016-10-31",9246,"2015-04-18",1207,"18006",,"1","9","0","1",,"1","030","-","Y","ED",3,89,"-","-",13.37,"H","-","N","Y",1,"A","-",23152,"E","N","A","H","-","A","D","0","Y","A","01",0,1,0,0,0,0,0,0,0,"-","-","UNINCORPORATED","EL DORADO","CA",0,0
"6769448",-119.9552174,38.9238157,2015,"0900","4","5","3","01",0,1,"A",,,,,"Y",2400,4,"E","J","A","PIONEER TR","AL TAHOE BL",1584,"N","N","2015-05-02",9246,"2015-04-17",2225,"18206",,"3","9","0","2",,"1","024","-","N",,0,0,,,0,,,,"Y",1,"A","-",23152,,"N","A","H","-","D","D","0","Y","A","01",0,1,0,0,0,0,0,0,0,"-","-","UNINCORPORATED","EL DORADO","CA",-119.9612,38.9163
"6768969",-120.9923547,38.8287505,2015,"0900","3","3","3","01",0,1,"A",,,,,"Y",2100,4,"E","I","A","RT 49","PEDRO HILL RD",1056,"N","N","2016-12-17",9245,"2015-04-15",1913,"14956",,"2","9","0","1",,"1","115","-","Y","ED",3,49,"-","-",29.46,"H","-","S","Y",1,"A","-",23152,"A","N","A","H","-","A","D","0","Y","A","01",0,1,0,0,0,0,0,0,0,"-","-","UNINCORPORATED","EL DORADO","CA",-120.99172,38.82841
"6753237",-120.6812659,38.7350463,2015,"0900","2","7","3","08",0,1,"A",,,,,,2400,1,"E","I","A","RT 50","CARSON RD",7392,"E","N","2016-09-06",9245,"2015-01-04",2355,"013405",,"3","9","0","1",,"2","140","-","Y","ED",3,50,"-","R",27.36,"H","-","E","Y",1,"A","-",22107,,"N","A","H","-","D","D","1","Y","D","22",0,1,0,0,0,0,0,0,0,"-","-","UNINCORPORATED","EL DORADO","CA",-120.64389,38.74451
"6688366",-120.7320762,38.5904456,2015,"0900","4","3","3","03",0,2,"A",,,,,,2100,5,"E","I","A","MOUNT AUKUM RD","LONE BARN RD",1056,"N","N","2015-06-26",9245,"2015-05-13",2040,"13603",,"2","9","0","2",,"1","042","-","N",,0,0,,,0,,,,"Y",1,"A","-",22350,,"N","A","H","-","D","A","0","Y","J","43",0,1,1,0,0,0,0,0,0,"-","-","UNINCORPORATED","EL DORADO","CA",-120.73187,38.59059
"6292620",-120.8479619,38.6824312,2015,"0900","4","1","1","11",1,0,"A","Y",,,,,1200,8,"G","B","D","PLEASANT VALLEY RD","CHURCH ST",175,"E","N","2015-09-10",9245,"2015-08-10",1002,"13463",,"1","9","0","2",,"1","037","-","N",,0,0,,,0,,,,"Y",2,"A","-",21954,"A","N","A","H","-","A","D","0","Y","N","60",0,0,0,1,0,0,0,0,0,"-","-","UNINCORPORATED","EL DORADO","CA",-120.84789,38.68244
"6292523",-120.3902383,38.7729715,2015,"0900","2","4","1","05",1,1,"B",,,,,,1500,5,"A","C","A","RT 50","USFS ROAD 11N53",3696,"W","N","2015-08-21",9245,"2015-05-21",1424,"12382",,"2","9","0","1",,"1","160","C","Y","ED",3,50,"-","-",43.12,"H","-","W","Y",2,"A","-",21460,"A","N","B","H","-","A","D","0","Y","D","23",1,0,0,0,0,0,0,0,0,"-","-","UNINCORPORATED","EL DORADO","CA",-120.38982,38.77275
"6292221",-120.787473,38.7314252,2015,"0901","2","6","1","03",1,0,"A",,,"Y",,,2100,4,"E","I","A","RT 50","MOSQUITO RD",172,"E","N","2016-01-11",9245,"2015-04-11",1828,"15607",,"2","2","0","1",,"2","140","-","Y","ED",3,50,"-","-",18.63,"R","2","W","Y",1,"A","-",22350,,"N","A","H","-","A","D","1","Y","C","02",0,0,0,0,0,0,0,1,0,"WF","-","PLACERVILLE","EL DORADO","CA",-120.7897,38.73172
"6292185",-120.0337205,38.8437758,2015,"0900","2","5","1","01",1,2,"A",,,,,"Y",2400,3,"A","C","A","RT 50","CHIAPA DR",1116,"W","N","2015-05-27",9246,"2015-03-13",2228,"18916",,"3","9","0","1",,"1","021","-","Y","ED",3,50,"-","-",69.81,"H","-","W","Y",2,"A","-",23152,"A","N","A","H","-","D","D","0","Y","A","07",2,0,0,0,0,0,0,0,0,"-","-","UNINCORPORATED","EL DORADO","CA",-120.0154,38.5041
"6977041",-119.9539729,38.9435752,2014,"0902","0","5","4","09",0,2,"A",,,,,,2100,6,"D","C","A","SKI RUN BL","TAMARACK AV",0,,"Y","2015-07-08",902,"2014-06-20",2000,"183",,"5","3","0","0",,"0",,"-","N",,0,0,,,0,,,,"Y",2,"A","-",21802,"A","N","A","H","-","A","A","0","Y","A","07",0,0,2,0,0,0,0,0,0,"-","-","SOUTH LAKE TAHOE","EL DORADO","CA",0,0
"6977036",-119.9436196,38.9569357,2014,"0902","0","6","3","09",0,1,"A",,"Y",,,"Y",2400,6,"D","G","A","LAKE TAHOE BL","FRIDAY AV",0,,"Y","2016-03-28",902,"2014-06-07",2252,"205","0902","5","3","0","0",,"0","EAST","-","Y","ED",3,50,"-","-",80.26,"H","-","W","N",2,"A","-",21804,"A","N","A","H","-","C","D","0","Y","L","04",0,1,0,0,0,0,1,0,0,"-","-","SOUTH LAKE TAHOE","EL DORADO","CA",0,0
"6977032",-120.0100561,38.9173474,2014,"0902","0","3","3","09",0,1,"A",,"Y",,,,1500,6,"D","G","A","EMERALD BAY RD","8TH ST",0,,"Y","2016-03-24",902,"2014-06-11",1458,"131","EDSC","5","3","0","0",,"0",,"-","Y","ED",3,89,"-","-",8.96,"I","5","S","N",2,"A","-",21801,"A","N","A","H","-","-","A","0","Y","L","04",0,1,0,0,0,0,1,0,0,"-","-","SOUTH LAKE TAHOE","EL DORADO","CA",0,0
"6977031",-119.9939405,38.9202772,2014,"0902","0","5","3","09",0,1,"A",,"Y",,,,1200,8,"D","G","A","LAKE TAHOE BL","TRUCKEE AV",96,"E","N","2016-05-11",902,"2014-08-15",1004,"160","EDX","5","3","0","0",,"0",,"-","Y","ED",3,50,"-","-",76.19,"H","-","W","N",2,"A","-",21804,"A","N","A","H","-","A","D","0","Y","L","04",0,1,0,0,0,0,1,0,0,"-","-","SOUTH LAKE TAHOE","EL DORADO","CA",0,0
"6977027",-119.9547927,38.930652,2014,"0902","0","7","3","01",0,3,"A",,,,,,2100,8,"B","C","A","PIONEER TR","WALKUP RD",35,"W","N","2015-07-09",902,"2014-08-24",1954,"200","0902","5","3","0","0",,"0",,"-","N",,0,0,,,0,,,,"Y",2,"A","-",23152,"A","F","A","H","-","A","D","0","Y","A","07",0,2,1,0,0,0,0,0,0,"-","-","SOUTH LAKE TAHOE","EL DORADO","CA",0,0
"6977003",-119.9823447,38.9269452,2014,"0902","0","6","3","01",0,1,"C",,,,,"Y",2100,9,"E","I","A","OMALLEY DR","CARSON AV",365,"E","N","2015-07-08",902,"2014-09-27",1805,"211","0902","5","3","0","0",,"0",,"-","N",,0,0,,,0,,,,"Y",1,"A","-",23152,,"N","B","H","-","A","D","0","Y","A","01",0,1,0,0,0,0,0,0,0,"-","-","SOUTH LAKE TAHOE","EL DORADO","CA",0,0
"6977000",-120.0069129,38.9155553,2014,"0902","0","4","2","07",0,1,"A",,,"Y",,,1200,7,"A","C","A","EMERALD BAY RD","5TH ST",0,,"Y","2016-04-25",902,"2014-07-31",1113,"192","ELDOR","5","3","0","0",,"0","WEST","-","Y","ED",3,89,"-","-",8.75,"I","5","S","N",2,"A","-",21658,"A","N","A","H","-","A","D","0","Y","C","03",1,0,0,0,0,0,0,0,0,"-","-","SOUTH LAKE TAHOE","EL DORADO","CA",0,0
"6976996",-119.9772929,38.9404123,2014,"0902","0","2","4","-",0,2,"B",,,,,,1200,7,"C","C","A","LAKE TAHOE BL","MODESTO AV",0,,"Y","2016-05-11",902,"2014-07-08",1110,"131","EDSC","5","3","0","0",,"0","022","-","Y","ED",3,50,"-","-",77.94,"H","-","W","Y",3,"-","-",0,,"N","A","H","-","A","D","0","Y","-","-",0,0,2,0,0,0,0,0,0,"-","-","SOUTH LAKE TAHOE","EL DORADO","CA",0,0
"6976992",-119.9703047,38.9458012,2014,"0902","0","5","3","11",0,2,"A","Y","Y",,,,2400,7,"G","-","C","LAKE TAHOE BL","FREMONT AV",195,"E","N","2016-05-12",902,"2014-07-04",2146,"191","0902","5","3","0","0",,"0","00E","-","Y","ED",3,50,"-","-",78.56,"H","-","W","N",3,"A","-",21954,"A","N","A","H","-","D","A","0","Y","N","60",0,1,1,0,1,0,1,0,0,"-","-","SOUTH LAKE TAHOE","EL DORADO","CA",0,0
"6976988",-120.0050848,38.9132874,2014,"0902","0","5","3","09",0,1,"A",,,,,,1800,7,"B","C","A","LAKE TAHOE BL","EMERALD BAY RD",160,"W","N","2016-01-15",902,"2014-07-04",1649,"191","0902","5","3","0","0",,"0","00W","-","N",,0,0,,,0,,,,"N",2,"A","-",21804,"A","F","A","H","-","A","A","0","Y","A","07",0,1,0,0,0,0,0,0,0,"-","-","SOUTH LAKE TAHOE","EL DORADO","CA",0,0
"6976984",-119.9467837,38.9525377,2014,"0902","0","1","3","-",0,1,"A",,,,,,1500,7,"-","I","A","PIONEER TR","MOSS RD",35,"W","N","2015-12-21",902,"2014-07-07",1307,"191","0902","5","3","0","0",,"0","00E","-","N",,0,0,,,0,,,,"Y",1,"-","-",0,,"N","A","H","-","A","A","0","Y","-","-",0,1,0,0,0,0,0,0,0,"-","-","SOUTH LAKE TAHOE","EL DORADO","CA",0,0
"6920119",-119.9842128,38.9181352,2014,"0902","0","7","3","01",0,2,"A",,,,,,900,2,"E","I","A","BEECHER DR","ALMA AV",0,,"Y","2015-05-28",902,"2014-02-23",850,"191","0902","5","3","0","0",,"0","00W","-","N",,0,0,,,0,,,,"Y",1,"A","-",23152,"E","F","A","H","-","A","A","0","Y","A","07",0,2,0,0,0,0,0,0,0,"-","-","SOUTH LAKE TAHOE","EL DORADO","CA",0,0
"6920115",-119.9477577,38.9529654,2014,"0902","0","7","4","01",0,1,"A",,,,,"Y",600,3,"E","I","A","LAKE TAHOE BL","MIDWAY RD",395,"E","N","2015-11-13",902,"2014-03-23",550,"191","0902","5","3","0","0",,"0","EAST","-","Y","ED",3,50,"-","-",79.9,"H","-","W","Y",1,"A","-",23152,"A","N","A","H","-","C","A","0","Y","A","01",0,0,1,0,0,0,0,0,0,"-","-","SOUTH LAKE TAHOE","EL DORADO","CA",0,0
"6917355",-120.0175292,38.9260665,2014,"0902","0","4","3","01",0,1,"B",,,,,"Y",2100,11,"E","I","A","ANITA DR","TAHOE ISLAND DR",270,"W","N","2015-05-28",902,"2014-11-20",1945,"208","0902","5","3","0","0",,"0","WEST","-","N",,0,0,,,0,,,,"N",1,"A","-",23152,"A","M","C","H","-","D","D","0","Y","A","07",0,1,0,0,0,0,0,0,0,"-","-","SOUTH LAKE TAHOE","EL DORADO","CA",0,0
"6917191",-120.0031932,38.9197108,2014,"0902","0","6","4","01",0,1,"A",,,,,"Y",2100,6,"F","J","A","SOUTH SHORE DR","DUNLAP DR",84,"S","N","2015-07-08",902,"2014-06-21",1822,"211","0902","5","3","0","0",,"0",,"-","N",,0,0,,,0,,,,"Y",1,"A","-",23152,,"M","A","H","-","A","D","0","Y","D","22",0,0,1,0,0,0,0,0,0,"-","-","SOUTH LAKE TAHOE","EL DORADO","CA",0,0
"6854131",-119.9548929,38.9270352,2014,"0902","0","1","1","01",1,2,"A",,,,,"Y",600,11,"E","I","A","PIONEER TRL","EDNA ST",0,,"Y","2015-03-25",902,"2014-11-24",426,"200","0902","5","3","0","0",,"0",,"-","N",,0,0,,,0,,,,"Y",1,"A","-",23152,"A","N","A","H","-","D","A","0","Y","A","01",2,0,0,0,0,0,0,0,0,"-","-","SOUTH LAKE TAHOE","EL DORADO","CA",0,0
"6854008",0,0,2014,"0900","4","5","1","01",1,0,"A",,,,,"Y",2100,11,"E","I","A","LATROBE RD","CLUBHOUSE DR",2018,"N","N","2016-01-14",9245,"2014-11-07",1830,"13839",,"2","9","0","2",,"2","031","-","N",,0,0,,,0,,,,"Y",1,"A","-",23152,"F","N","A","H","-","D","D","0","Y","A","01",0,0,0,0,0,0,0,0,0,"-","-","UNINCORPORATED","EL DORADO","CA",-121.05926,38.63359
"6786930",-120.8030463,38.7260294,2014,"0901","0","6","4","05",0,1,"B",,,,,,1800,12,"E","I","A","SACRAMENTO ST","PACIFIC ST",50,"N","N","2015-07-22",901,"2014-12-20",1605,"289","0901","5","2","0","0",,"0","PP1","-","N",,0,0,,,0,,,,"Y",1,"A","-",21650,,"N","B","H","-","B","D","0","Y","A","01",0,0,1,0,0,0,0,0,0,"-","-","PLACERVILLE","EL DORADO","CA",0,0
"6786758",0,0,2014,"0901","0","2","4","03",0,1,"A","Y",,,,,1500,12,"G","B","B","MAIN ST","BROADWAY CT",0,,"Y","2015-02-12",901,"2014-12-23",1436,"203","4A","5","2","0","0",,"0","PP2","-","N",,0,0,,,0,,,,"N",2,"A","-",22350,,"N","A","H","-","A","A","0","Y","A","01",0,0,1,0,1,0,0,0,0,"-","-","PLACERVILLE","EL DORADO","CA",0,0
"6779166",-120.8351687,38.7250708,2014,"0901","0","2","4","03",0,1,"A",,,,,,1800,12,"C","C","A","PLACERVILLE DR","ARMORY DR",175,"S","N","2015-02-18",901,"2014-12-30",1542,"288","0901","5","2","0","0",,"0","PP1","-","N",,0,0,,,0,,,,"N",2,"A","-",22350,,"N","A","H","-","A","D","0","Y","I","11",0,0,1,0,0,0,0,0,0,"-","-","PLACERVILLE","EL DORADO","CA",0,0