"CASEID","POINT_X","POINT_Y","YEAR_","LOCATION","CHPTYPE","DAYWEEK","CRASHSEV","VIOLCAT","KILLED","INJURED","WEATHER1","PEDCOL","BICCOL","MCCOL","TRUCKCOL","ETOH","TIMECAT","MONTH_","CRASHTYP","INVOLVE","PED","PRIMARYRD","SECONDRD","DISTANCE","DIRECT","INTERSECT_","PROCDATE","JURIS","DATE_","TIME_","BADGE","JURIDIST","SHIFT","POP","SPECIAL","BEATTYPE","LAPDDIV","BEATCLAS","BEATNUMB","WEATHER2","STATEHW","CALTRANC","CALTRAND","STROUTE","ROUTESUF","POSTPRE","POSTMILE","LOCATYPE","RAMP","SIDEHW","TOWAWAY","PARTIES","PCF","VIOLCODE","VIOL","VIOLSUB","HITRUN","ROADSURF","RDCOND1","RDCOND2","LIGHTING","RIGHTWAY","CHPRDTYP","NOTPRIV","STFAULT","CHPFAULT","SEVINJ","OTHERINJ","COP","PEDKILL","PEDINJ","BICKILL","BICINJ","MCKILL","MCINJURE","RAMP1","RAMP2","CITY","COUNTY","STATE","X_CHP","Y_CHP"
"6779150",0,0,2014,"0901","0","1","4","03",0,2,"A",,,,,,1200,12,"H","A","A","MAIN ST","FORNI RD",528,"W","N","2015-07-28",901,"2014-12-29",942,"288","0901","5","2","0","0",,"0","PP1","-","N",,0,0,,,0,,,,"Y",1,"A","-",22350,,"N","C","H","-","A","D","0","Y","I","12",0,0,2,0,0,0,0,0,0,"-","-","PLACERVILLE","EL DORADO","CA",0,0
"6775367",-121.059143,38.7132651,2014,"0900","4","1","3","03",0,4,"B",,,,,,1500,12,"C","C","A","GREEN VALLEY RD","ROCKY SPRINGS RD",0,,"Y","2015-02-11",9245,"2014-12-29",1240,"013929",,"1","9","0","2",,"2","011","-","N",,0,0,,,0,,,,"Y",3,"A","-",22350,,"N","A","H","-","A","D","0","Y","A","07",0,2,2,0,0,0,0,0,0,"-","-","UNINCORPORATED","EL DORADO","CA",-121.05901,38.71328
"6772512",-120.8465678,38.5870742,2014,"0900","3","3","3","01",0,1,"A",,,,,"Y",2100,12,"F","A","A","RT 49","UNION MINE RD",2640,"S","N","2016-06-22",9245,"2014-12-31",2005,"016465",,"2","9","0","1",,"1","135","-","Y","ED",3,49,"-","-",2.59,"H","-","S","Y",1,"A","-",23152,"A","N","A","H","-","D","D","0","Y","A","07",0,1,0,0,0,0,0,0,0,"-","-","UNINCORPORATED","EL DORADO","CA",-120.85083,38.60034
"6772359",-120.8304889,38.7335066,2014,"0901","0","4","4","01",0,2,"C",,,,,"Y",1800,11,"D","C","A","PIERROZ RD","PLACERVILLE DR",230,"N","N","2016-02-18",901,"2014-11-20",1626,"285","0901","5","2","0","0",,"0","PP1","-","N",,0,0,,,0,,,,"Y",2,"A","-",23152,"A","N","B","H","-","B","D","0","Y","A","01",0,0,2,0,0,0,0,0,0,"-","-","PLACERVILLE","EL DORADO","CA",0,0
"6772200",-120.0354789,38.8543127,2014,"0900","4","2","4","03",0,1,"B",,,,,,900,12,"F","I","A","NORTH UPPER TRUCKEE RD","W SAN BERNARDINO AV",475,"N","N","2015-02-05",9246,"2014-12-23",825,"010056",,"1","9","0","2",,"1","025","-","N",,0,0,,,0,,,,"Y",1,"A","-",22350,,"N","C","G","-","A","A","0","Y","A","07",0,0,1,0,0,0,0,0,0,"-","-","UNINCORPORATED","EL DORADO","CA",-120.03547,38.85401
"6771530",-120.6791723,38.7471734,2014,"0900","5","6","4","05",0,1,"C",,,,,,1800,12,"E","I","A","LARSEN DR","BARKLEY RD",528,"S","N","2015-02-06",9245,"2014-12-20",1745,"17935",,"2","9","0","3",,"2","002","-","N",,0,0,,,0,,,,"Y",1,"A","-",21650,,"N","B","H","-","D","D","0","Y","A","01",0,0,1,0,0,0,0,0,0,"-","-","UNINCORPORATED","EL DORADO","CA",-120.67725,38.74453
"6770671",-120.0895929,38.9503753,2014,"0900","3","1","4","05",0,1,"A",,,,,,2100,12,"B","C","A","RT 89","CASCADE RD",2640,"N","N","2016-07-05",9246,"2014-12-22",1810,"017846",,"2","9","0","1",,"1","030","-","Y","ED",3,89,"-","-",15.35,"H","-","S","Y",2,"A","-",21460,"A","N","A","H","-","D","D","0","Y","A","01",0,0,1,0,0,0,0,0,0,"-","-","UNINCORPORATED","EL DORADO","CA",-120.09014,38.94788
"6770670",-120.1093648,38.9922998,2014,"0900","3","3","4","03",0,2,"B",,,,,,1800,12,"E","I","A","RT 89","BLISS STATE PARK RD",1056,"N","N","2016-07-05",9246,"2014-12-24",1500,"014471",,"2","9","0","1",,"1","031","D","Y","ED",3,89,"-","-",19.51,"H","-","N","Y",1,"A","-",22350,,"N","C","H","-","A","D","0","Y","A","01",0,0,2,0,0,0,0,0,0,"-","-","UNINCORPORATED","EL DORADO","CA",0,0
"6770029",-120.8505908,38.6393027,2014,"0900","3","3","4","08",0,1,"A",,,,,,1800,12,"E","I","A","RT 49","DOLOMITE DR",112,"S","N","2016-06-22",9245,"2014-12-31",1625,"017089",,"2","9","0","1",,"1","135","-","Y","ED",3,49,"-","-",6.54,"H","-","N","Y",1,"A","-",22107,,"N","A","H","-","A","D","0","Y","A","01",0,0,1,0,0,0,0,0,0,"-","-","UNINCORPORATED","EL DORADO","CA",-120.85023,38.63965
"6767266",-120.8313175,38.8956642,2014,"0900","3","6","2","01",0,2,"B",,,,,"Y",2100,12,"B","C","A","RT 193","PROSPECT HILL DR",578,"S","N","2016-07-05",9245,"2014-12-06",2015,"017935",,"2","9","0","1",,"1","122","-","Y","ED",3,193,"-","-",13.12,"H","-","E","Y",2,"A","-",23152,"A","N","B","H","-","D","D","0","Y","A","01",2,0,0,0,0,0,0,0,0,"-","-","UNINCORPORATED","EL DORADO","CA",-120.83538,38.90252
"6764799",-120.969113,38.6581651,2014,"0900","4","7","3","12",0,2,"B",,,,,,900,12,"D","C","A","CAMERON PARK DR","COACH LN",0,,"Y","2015-02-04",9245,"2014-12-21",620,"013929",,"1","9","0","2",,"1","032","-","N",,0,0,,,0,,,,"Y",2,"A","-",21453,"A","N","B","H","-","C","A","0","Y","A","01",0,1,1,0,0,0,0,0,0,"-","-","UNINCORPORATED","EL DORADO","CA",-120.96934,38.65831
"6764648",-120.8410733,38.7097434,2014,"0900","2","6","4","08",0,1,"B",,,,,,900,11,"E","I","A","RT 50","MISSOURI FLAT RD",528,"W","N","2016-06-29",9245,"2014-11-29",640,"15609",,"1","9","0","1",,"2","120","C","Y","ED",3,50,"-","R",14.96,"H","-","E","Y",1,"A","-",22107,,"N","B","H","-","D","D","1","Y","A","01",0,0,1,0,0,0,0,0,0,"-","-","UNINCORPORATED","EL DORADO","CA",-120.84704,38.70113
"6764163",-120.722863,38.6910351,2014,"0900","4","6","4","08",0,1,"B",,,,,,1200,12,"B","C","A","PLEASANT VALLEY RD","HOLM RD",0,,"Y","2015-02-02",9245,"2014-12-06",1135,"12382",,"1","9","0","2",,"1","041","-","N",,0,0,,,0,,,,"Y",2,"A","-",22100,"B","N","B","H","-","A","A","0","Y","A","01",0,0,1,0,0,0,0,0,0,"-","-","UNINCORPORATED","EL DORADO","CA",-120.72282,38.69104
"6764162",-120.824388,38.6827015,2014,"0900","5","7","4","05",0,1,"B",,,,,,1500,12,"E","I","A","PATTERSON DR","JUSTINE AV",227,"N","N","2015-02-02",9245,"2014-12-14",1355,"13279",,"1","9","0","3",,"2","004","-","N",,0,0,,,0,,,,"N",1,"A","-",21650,,"N","A","H","-","A","A","0","Y","A","01",0,0,1,0,0,0,0,0,0,"-","-","UNINCORPORATED","EL DORADO","CA",-120.82467,38.68277
"6764161",0,0,2014,"0900","4","5","4","03",0,1,"B",,,,,,1800,12,"C","C","A","MISSOURI FLAT RD","LIFE WY",18,"S","N","2015-02-02",9245,"2014-12-05",1555,"17089",,"2","9","0","2",,"2","011","-","N",,0,0,,,0,,,,"Y",2,"A","-",22350,,"N","A","H","-","A","D","0","Y","A","01",0,0,1,0,0,0,0,0,0,"-","-","UNINCORPORATED","EL DORADO","CA",-120.85728,38.71831
"6764143",-120.8348922,38.9010308,2014,"0900","5","6","3","13",0,1,"B",,,,,,1800,12,"A","C","A","MAIN ST","RT 193",75,"N","N","2016-02-26",9245,"2014-12-06",1545,"017935",,"2","9","0","3",,"2","002","-","Y","ED",3,193,"-","-",12.699,"I","6","E","N",2,"A","-",22515,"A","N","A","H","-","A","D","0","Y","A","01",0,1,0,0,0,0,0,0,0,"-","-","UNINCORPORATED","EL DORADO","CA",0,0
"6758131",-120.5577893,38.7513692,2014,"0900","5","1","2","03",0,3,"A",,,,,"Y",2400,11,"A","C","A","SLY PARK RD","ONYX TRL",22,"N","N","2015-01-22",9245,"2014-11-17",2110,"13405",,"2","9","0","3",,"2","004","-","N",,0,0,,,0,,,,"Y",2,"A","-",22350,,"N","A","H","-","D","D","0","Y","A","01",1,0,2,0,0,0,0,0,0,"-","-","UNINCORPORATED","EL DORADO","CA",-120.5576,38.75143
"6756042",-120.8237884,38.694436,2014,"0900","4","3","2","11",0,1,"B","Y",,,,,1800,12,"G","B","D","MISSOURI FLAT RD","PLEASANT VALLEY RD",578,"N","N","2015-01-08",9245,"2014-12-17",1730,"15459",,"2","9","0","2",,"1","037","-","N",,0,0,,,0,,,,"Y",2,"A","-",21954,"A","N","B","H","-","D","D","0","Y","N","60",1,0,0,0,1,0,0,0,0,"-","-","UNINCORPORATED","EL DORADO","CA",-120.49257,38.69458
"6756038",0,0,2014,"0900","5","7","3","03",0,1,"B",,,,,,1800,12,"E","I","A","MORMON EMIGRANT TRL","LIGHT CANYON RD",5280,"E","N","2015-01-08",9245,"2014-12-21",1715,"15609",,"2","9","0","3",,"2","004","-","N",,0,0,,,0,,,,"Y",1,"A","-",22350,,"N","C","H","-","D","D","0","Y","A","07",0,1,0,0,0,0,0,0,0,"-","-","UNINCORPORATED","EL DORADO","CA",-120.35608,38.70095
"6756014",-120.7131931,38.6577053,2014,"0900","4","3","4","05",0,1,"B",,,,,,1800,12,"E","I","A","BUCKS BAR RD","CATTLE CREEK LN",40,"S","N","2015-01-08",9245,"2014-12-17",1640,"13028",,"2","9","0","2",,"1","042","-","N",,0,0,,,0,,,,"Y",1,"A","-",21650,,"N","B","H","-","A","D","0","Y","A","01",0,0,1,0,0,0,0,0,0,"-","-","UNINCORPORATED","EL DORADO","CA",-120.4247,38.3928
"6755344",0,0,2014,"0900","4","1","4","09",0,1,"B",,,,,,1800,12,"D","C","A","CAMERON PARK DR","ROBIN LN",200,"S","N","2015-02-06",9245,"2014-12-15",1725,"016465",,"2","9","0","2",,"1","032","C","N",,0,0,,,0,,,,"Y",2,"A","-",21801,"A","N","B","H","-","D","D","0","Y","A","01",0,0,1,0,0,0,0,0,0,"-","-","UNINCORPORATED","EL DORADO","CA",-120.96889,38.65534
"6755020",-120.9384195,38.6625076,2014,"0900","2","4","4","03",0,1,"A",,,,,,1800,12,"C","-","A","RT 50","PONDEROSA RD",300,"E","N","2016-06-29",9245,"2014-12-25",1630,"17728",,"2","9","0","1",,"2","120","-","Y","ED",3,50,"-","R",8.62,"H","-","W","N",2,"A","-",22350,,"N","A","H","-","A","D","1","Y","A","07",0,0,1,0,0,0,0,0,0,"-","-","UNINCORPORATED","EL DORADO","CA",-120.93115,38.66567
"6755019",-121.0355495,38.9118166,2014,"0900","3","1","4","08",0,1,"B",,,"Y",,,1800,12,"A","C","A","RT 49","PLACER CO LINE",2112,"S","N","2016-06-22",9245,"2014-12-22",1550,"16363",,"2","9","0","1",,"1","115","-","Y","ED",3,49,"-","-",37.83,"H","-","S","Y",2,"A","-",22107,,"N","B","H","-","A","D","0","Y","C","02",0,0,1,0,0,0,0,0,1,"-","-","UNINCORPORATED","EL DORADO","CA",-120.03501,38.91092
"6755018",-121.041704,38.7690876,2014,"0900","4","4","4","03",0,1,"B",,,,,,1500,12,"F","J","A","SALMON FALLS RD","HIDDEN BRIDGE RD",4118,"N","N","2015-02-05",9245,"2014-12-18",1250,"18624","9245","1","9","0","2",,"2","012","-","N",,0,0,,,0,,,,"Y",1,"A","-",22350,,"N","A","H","-","A","D","0","Y","A","01",0,0,1,0,0,0,0,0,0,"-","-","UNINCORPORATED","EL DORADO","CA",-121.05014,38.75138
"6755017",-120.7712731,38.6784351,2014,"0900","4","2","3","01",0,5,"A",,,,,"Y",2100,12,"B","C","A","PLEASANT VALLEY RD","OAK HILL RD",0,"W","N","2015-02-05",9245,"2014-12-23",1905,"15609",,"2","9","0","2",,"1","041","-","N",,0,0,,,0,,,,"Y",4,"A","-",23152,"A","N","A","H","-","D","D","0","Y","A","07",0,3,2,0,0,0,0,0,0,"-","-","UNINCORPORATED","EL DORADO","CA",-120.77192,38.67874
"6754698",-120.9325091,38.7488226,2014,"0900","4","2","4","18",0,1,"A",,,"Y",,,2100,12,"E","H","A","LOTUS RD","SPRINGVALE RD",25,"N","N","2015-02-10",9245,"2014-12-09",1935,"17604",,"2","9","0","2",,"1","013","-","N",,0,0,,,0,,,,"N",1,"C","-",0,,"N","A","H","-","D","D","0","Y","-","-",0,0,1,0,0,0,0,0,1,"-","-","UNINCORPORATED","EL DORADO","CA",-120.93252,38.74916
"6752978",-121.0069291,38.58486,2014,"0900","4","6","2","08",0,3,"A",,,,,"Y",300,10,"E","I","A","LATROBE RD","SUNRIDGE MEADOWS",1056,"S","N","2015-01-13",9245,"2014-10-25",140,"018466",,"3","9","0","2",,"2","031","-","N",,0,0,,,0,,,,"Y",1,"A","-",22107,,"F","A","H","-","D","D","0","Y","A","07",1,2,0,0,0,0,0,0,0,"-","-","UNINCORPORATED","EL DORADO","CA",-120.99361,38.5704
"6752521",-120.9916494,38.8285725,2014,"0900","3","2","4","08",0,1,"A",,,,,,2400,12,"E","I","A","RT 49","PEDRO HILL RD",1056,"N","N","2016-06-22",9245,"2014-12-23",2315,"014956",,"3","9","0","1",,"1","115","-","Y","ED",3,49,"-","-",29.42,"H","-","S","Y",1,"A","-",22107,,"N","A","H","-","D","D","0","Y","A","01",0,0,1,0,0,0,0,0,0,"-","-","UNINCORPORATED","EL DORADO","CA",-120.99186,38.82862
"6752517",-120.9807931,38.6771751,2014,"0900","4","6","4","01",0,2,"B",,,,,"Y",1200,12,"D","C","A","CAMERON PARK DR","OXFORD RD",0,,"Y","2015-02-04",9245,"2014-12-20",1155,"017728",,"1","9","0","2",,"1","015","C","N",,0,0,,,0,,,,"Y",2,"A","-",23152,"A","N","B","H","-","C","A","0","Y","A","01",0,0,2,0,0,0,0,0,0,"-","-","UNINCORPORATED","EL DORADO","CA",-120.98086,38.6771
"6752513",-120.7395183,38.7377644,2014,"0900","2","4","2","03",0,2,"A",,,,,,2100,12,"E","I","A","RT 50","STILL MEADOW RD",1446,"W","N","2016-06-29",9245,"2014-12-18",1823,"015607",,"2","9","0","1",,"2","140","-","Y","ED",3,50,"-","-",21.58,"H","-","E","Y",1,"A","-",22350,,"N","A","H","-","D","D","1","Y","A","01",2,0,0,0,0,0,0,0,0,"-","-","UNINCORPORATED","EL DORADO","CA",-120.4426,38.4415
"6751651",-121.0105862,38.5880706,2014,"0900","4","5","4","01",0,1,"B",,,,,"Y",2400,12,"E","I","A","LATROBE RD","SUN RIDGE MEADOW DR",528,"N","N","2015-02-05",9245,"2014-12-12",2325,"18466",,"3","9","0","2",,"2","031","-","N",,0,0,,,0,,,,"Y",1,"A","-",23153,"A","N","B","H","-","D","D","0","Y","D","22",0,0,1,0,0,0,0,0,0,"-","-","UNINCORPORATED","EL DORADO","CA",-121.01356,38.59051
"6750737",-120.5802262,38.7168658,2014,"0900","5","7","4","01",0,1,"A",,,,,"Y",300,11,"E","I","A","RAINBOW TRL","SLY PARK RD",10,"W","N","2015-01-28",9245,"2014-11-02",120,"017935",,"3","9","0","3",,"2","004","-","N",,0,0,,,0,,,,"Y",1,"A","-",23152,"A","N","A","H","-","D","D","0","Y","D","22",0,0,1,0,0,0,0,0,0,"-","-","UNINCORPORATED","EL DORADO","CA",0,0
"6749526",-120.964463,38.6596552,2014,"0900","2","1","4","03",0,2,"B",,,,,,1200,12,"C","C","A","RT 50","CAMERON PARK DR",300,"E","N","2016-06-29",9245,"2014-12-08",955,"013463",,"1","9","0","1",,"2","110","-","Y","ED",3,50,"-","-",6.748,"R","1","W","Y",4,"A","-",22350,,"N","A","H","-","A","D","1","Y","A","01",0,0,2,0,0,0,0,0,0,"WF","-","UNINCORPORATED","EL DORADO","CA",-120.98068,38.67689
"6749525",0,0,2014,"0900","4","2","4","05",0,1,"B",,,,,,1800,12,"D","C","A","GREEN VALLEY RD","LIFE WY",5,"S","N","2015-02-04",9245,"2014-12-09",1720,"015459",,"2","9","0","2",,"2","011","-","N",,0,0,,,0,,,,"N",2,"A","-",21460,"A","N","A","H","-","C","D","0","Y","D","22",0,0,1,0,0,0,0,0,0,"-","-","UNINCORPORATED","EL DORADO","CA",-120.85712,38.71824
"6746820",0,0,2014,"0900","5","1","3","01",0,1,"A",,,,,"Y",1800,11,"E","I","A","CEDAR CREEK RD","BRIDGPORT SCH RD",600,"E","N","2015-01-22",9245,"2014-11-17",1615,"013028",,"2","9","0","3",,"2","004","-","N",,0,0,,,0,,,,"Y",1,"A","-",23152,"A","N","A","H","-","A","D","0","Y","A","01",0,1,0,0,0,0,0,0,0,"-","-","UNINCORPORATED","EL DORADO","CA",0,0
"6746790",0,0,2014,"0900","4","3","4","09",0,1,"B",,,,,"Y",1500,12,"B","C","A","PONY EXPRESS TRL","PIAZZA CT",200,"E","N","2015-01-30",9245,"2014-12-10",1340,"017728",,"1","9","0","2",,"1","025","-","N",,0,0,,,0,,,,"Y",2,"A","-",21801,"A","N","A","H","-","A","D","0","Y","A","07",0,0,1,0,0,0,0,0,0,"-","-","UNINCORPORATED","EL DORADO","CA",-120.59555,38.75667
"6746664",0,0,2014,"0900","4","6","4","03",0,1,"B",,,,,"Y",1200,11,"C","C","A","GREEN VALLEY RD","BROWNS RAVINE",240,"E","N","2015-07-03",9245,"2014-11-22",1115,"018624","9245","1","9","0","2",,"2","011","-","N",,0,0,,,0,,,,"Y",3,"A","-",22350,,"N","B","H","-","A","A","0","Y","A","07",0,0,1,0,0,0,0,0,0,"-","-","UNINCORPORATED","EL DORADO","CA",-121.09108,38.70903
"6745047",-120.8363205,38.7172537,2014,"0900","2","7","4","01",0,1,"B",,,,,"Y",1800,11,"E","I","A","RT 50","FORNI RD",150,"W","N","2016-06-29",9245,"2014-11-30",1630,"017728",,"2","9","0","1",,"2","120","-","Y","ED",3,50,"-","-",15.59,"H","-","W","Y",1,"A","-",23152,"A","N","A","H","-","D","D","1","Y","A","01",0,0,1,0,0,0,0,0,0,"WO","-","UNINCORPORATED","EL DORADO","CA",-120.83542,38.72005
"6743886",-120.913865,38.7885812,2014,"0900","4","2","3","08",0,1,"B",,,,,,1500,12,"E","I","A","LOTUS RD","RODAN LN",200,"W","N","2015-01-30",9245,"2014-12-09",1350,"15459",,"1","9","0","2",,"1","013","-","N",,0,0,,,0,,,,"Y",1,"A","-",22107,,"N","A","H","-","A","D","0","Y","D","22",0,1,0,0,0,0,0,0,0,"-","-","UNINCORPORATED","EL DORADO","CA",-120.91334,38.7892
"6743325",-120.1092265,38.9563889,2014,"0900","3","5","4","03",0,1,"B",,,,,,1800,11,"B","C","A","RT 89","EAGLE FALLS TRLHD",1056,"S","N","2016-07-05",9246,"2014-11-28",1515,"18006",,"2","9","0","1",,"1","030","-","Y","ED",3,89,"-","-",16.9,"H","-","S","N",2,"A","-",22350,,"N","A","H","-","A","D","0","Y","A","01",0,0,1,0,0,0,0,0,0,"-","-","UNINCORPORATED","EL DORADO","CA",0,0
"6743197",0,0,2014,"0900","4","2","4","03",0,1,"D",,,,,,1800,12,"A","C","A","LAKE TAHOE BL","NORTH UPPER TRUCKEE RD",1584,"E","N","2015-02-13",9246,"2014-12-02",1510,"014471",,"2","9","0","2",,"1","025","-","N",,0,0,,,0,,,,"Y",2,"A","-",22350,,"N","C","H","-","A","D","0","Y","A","07",0,0,1,0,0,0,0,0,0,"-","-","UNINCORPORATED","EL DORADO","CA",-120.0205,38.52685
"6737873",-120.838343,38.7128852,2014,"0900","5","3","4","12",0,2,"B",,,,,,900,12,"D","C","A","MISSOURI FLAT RD","RT 50",0,,"Y","2016-06-29",9245,"2014-12-03",710,"018114",,"1","9","0","3",,"2","001","C","Y","ED",3,50,"-","R",15.078,"R","4","W","N",2,"A","-",21453,"A","N","B","H","-","A","A","1","Y","A","01",0,0,2,0,0,0,0,0,0,"-","-","UNINCORPORATED","EL DORADO","CA",-120.83971,38.71145
"6737869",-120.8517878,38.6007047,2014,"0900","3","1","4","03",0,2,"B",,,,,,300,12,"F","I","A","RT 49","RAMALAS LN",850,"S","N","2016-06-22",9245,"2014-12-01",135,"013405",,"3","9","0","1",,"1","135","-","Y","ED",3,49,"-","-",3.74,"H","-","S","Y",1,"A","-",22350,,"N","B","H","-","D","D","0","Y","A","01",0,0,2,0,0,0,0,0,0,"-","-","UNINCORPORATED","EL DORADO","CA",0,0
"6737864",-120.9481337,38.6608751,2014,"0900","5","2","4","03",0,1,"B",,,,,,2100,12,"E","I","A","WILD CHAPARRAL DR","MANY OAKS LN",120,"W","N","2015-01-29",9245,"2014-12-02",2005,"13405",,"2","9","0","3",,"2","001","C","N",,0,0,,,0,,,,"Y",1,"A","-",22350,,"N","B","H","-","C","D","0","Y","A","01",0,0,1,0,0,0,0,0,0,"-","-","UNINCORPORATED","EL DORADO","CA",0,0
"6737860",0,0,2014,"0900","5","2","3","01",0,1,"C",,,,,"Y",1500,12,"F","I","A","FORNI RD","RAY LAWYER DR",1056,"E","N","2015-01-29",9245,"2014-12-02",1300,"16629",,"1","9","0","3",,"2","003","-","N",,0,0,,,0,,,,"Y",1,"A","-",23152,"A","N","B","H","-","A","D","0","Y","A","07",0,1,0,0,0,0,0,0,0,"-","-","UNINCORPORATED","EL DORADO","CA",-120.81902,38.7299
"6732462",-120.7669898,38.730599,2014,"0900","2","7","3","08",0,2,"A",,,,,,1500,9,"F","I","A","RT 50","POINT VIEW DR",2112,"W","N","2016-05-11",9245,"2014-09-14",1415,"013603",,"2","9","0","1",,"2","140","-","Y","ED",3,50,"-","-",19.94,"H","-","W","Y",1,"A","-",22107,,"N","A","H","-","A","D","1","Y","A","01",0,2,0,0,0,0,0,0,0,"-","-","UNINCORPORATED","EL DORADO","CA",-120.76773,38.731
"6731598",-120.842553,38.7090652,2014,"0900","2","1","3","03",0,1,"B",,,,,,900,12,"C","D","A","RT 50","MISSOURI FLAT RD",10,"W","N","2016-06-29",9245,"2014-12-08",655,"013463",,"1","9","0","1",,"2","120","-","Y","ED",3,50,"-","R",14.897,"R","1","E","N",2,"A","-",22350,,"N","A","H","-","A","A","1","Y","A","01",0,1,0,0,0,0,0,0,0,"EF","-","UNINCORPORATED","EL DORADO","CA",-120.83857,38.71066
"6731594",-120.9621027,38.588471,2014,"0900","5","4","4","03",0,1,"B",,,"Y",,,1500,12,"E","I","A","SOUTH SHINGLE RD","FERNWOOD DR",528,"S","N","2015-01-29",9245,"2014-12-04",1250,"018114",,"1","9","0","3",,"2","003","-","N",,0,0,,,0,,,,"Y",1,"A","-",22350,,"N","B","H","-","A","D","0","Y","C","02",0,0,1,0,0,0,0,0,1,"-","-","UNINCORPORATED","EL DORADO","CA",0,0
"6731590",-120.8055231,38.6948939,2014,"0900","4","4","3","03",0,3,"B",,,,,,1800,12,"C","C","A","PLEASANT VALLEY RD","CANYON VALLEY RD",100,"W","N","2015-01-29",9245,"2014-12-04",1510,"017089",,"2","9","0","2",,"1","041","-","N",,0,0,,,0,,,,"Y",3,"A","-",22350,,"N","B","H","-","A","D","0","Y","A","01",0,1,2,0,0,0,0,0,0,"-","-","UNINCORPORATED","EL DORADO","CA",-120.80554,38.69487
"6731198",-120.9114297,38.6362407,2014,"0900","5","6","3","01",0,1,"B",,,,,"Y",1500,11,"E","I","A","FRENCH CREEK RD","BIG CANYON RD",13,"N","N","2015-01-21",9245,"2014-11-29",1430,"015607",,"2","9","0","3",,"2","003","-","N",,0,0,,,0,,,,"Y",1,"A","-",23152,"A","N","B","H","-","A","D","0","Y","D","22",0,1,0,0,0,0,0,0,0,"-","-","UNINCORPORATED","EL DORADO","CA",-120.9112,38.6362
"6731186",0,0,2014,"0900","4","4","4","08",0,1,"B",,,,,,1500,12,"E","I","A","LOTUS RD","C K RANCH RD",200,"S","N","2015-01-29",9245,"2014-12-04",1200,"017089",,"1","9","0","2",,"1","013","-","N",,0,0,,,0,,,,"Y",1,"A","-",22107,,"N","B","H","-","A","D","0","Y","D","22",0,0,1,0,0,0,0,0,0,"-","-","UNINCORPORATED","EL DORADO","CA",-120.93533,38.74276
"6729619",-120.746467,38.7319458,2014,"0900","2","4","4","03",0,1,"B",,,,,,900,12,"E","I","A","RT 50","COUNTY RD 145",700,"E","N","2016-06-29",9245,"2014-12-04",720,"012382",,"1","9","0","1",,"2","140","C","Y","ED",3,50,"-","-",21.01,"H","-","W","Y",1,"A","-",22350,,"N","B","H","-","A","A","1","Y","D","22",0,0,1,0,0,0,0,0,0,"-","-","UNINCORPORATED","EL DORADO","CA",-120.74638,38.73205
"6729580",-120.8509562,38.6004035,2014,"0900","3","6","3","08",0,1,"A",,,,,,2100,11,"F","C","A","RT 49","UNION MINE RD",3168,"N","N","2016-06-22",9245,"2014-11-22",1855,"016363",,"2","9","0","1",,"1","135","-","Y","ED",3,49,"-","-",3.69,"H","-","S","Y",1,"A","-",22107,,"N","B","H","-","A","D","0","Y","A","01",0,1,0,0,0,0,0,0,0,"-","-","UNINCORPORATED","EL DORADO","CA",-120.85048,38.60031
"6729579",-120.4404264,38.7686762,2014,"0900","2","7","2","05",0,5,"B",,,,,,1800,11,"A","C","A","RT 50","ICE HOUSE RD",2112,"E","N","2016-06-29",9245,"2014-11-23",1540,"013028",,"2","9","0","1",,"1","160","-","Y","ED",3,50,"-","-",40.17,"H","-","E","Y",2,"A","-",21460,"A","N","B","H","-","A","D","0","Y","A","01",1,3,1,0,0,0,0,0,0,"-","-","UNINCORPORATED","EL DORADO","CA",-120.2633,38.468
"6727706",-121.0662231,38.6542752,2014,"0900","4","5","3","09",0,1,"A",,,,,,1200,11,"A","C","A","LATROBE RD","RT 50",0,,"Y","2016-06-24",9245,"2014-11-21",915,"16465",,"1","9","0","2",,"2","031","-","Y","ED",3,50,"-","-",1.041,"R","4","E","Y",2,"A","-",21453,"C","N","A","H","-","A","A","1","Y","A","01",0,1,0,0,0,0,0,0,0,"-","EO","UNINCORPORATED","EL DORADO","CA",-121.06996,38.65189
"6726991",-120.943453,38.647645,2014,"0900","4","4","2","01",0,3,"A",,,,,"Y",2400,11,"A","C","A","SOUTH SHINGLE RD","MILTON RANCH RD",0,,"Y","2015-01-22",9245,"2014-11-27",2243,"018240",,"3","9","0","2",,"1","032","-","N",,0,0,,,0,,,,"Y",2,"A","-",23152,"A","N","A","H","-","D","D","0","Y","A","01",2,1,0,0,0,0,0,0,0,"-","-","UNINCORPORATED","EL DORADO","CA",-120.94336,38.64778
"6726800",-120.7517972,38.7761309,2014,"0900","5","5","3","05",0,1,"B",,,"Y",,,1500,11,"E","I","A","MOSQUITO RD","LA PAZ RD",5280,"S","N","2015-01-15",9245,"2014-11-28",1310,"12382",,"1","9","0","3",,"2","002","-","N",,0,0,,,0,,,,"N",1,"A","-",21650,,"N","A","H","-","A","A","0","Y","C","02",0,1,0,0,0,0,0,0,1,"-","-","UNINCORPORATED","EL DORADO","CA",0,0