"CASEID","POINT_X","POINT_Y","YEAR_","LOCATION","CHPTYPE","DAYWEEK","CRASHSEV","VIOLCAT","KILLED","INJURED","WEATHER1","PEDCOL","BICCOL","MCCOL","TRUCKCOL","ETOH","TIMECAT","MONTH_","CRASHTYP","INVOLVE","PED","PRIMARYRD","SECONDRD","DISTANCE","DIRECT","INTERSECT_","PROCDATE","JURIS","DATE_","TIME_","BADGE","JURIDIST","SHIFT","POP","SPECIAL","BEATTYPE","LAPDDIV","BEATCLAS","BEATNUMB","WEATHER2","STATEHW","CALTRANC","CALTRAND","STROUTE","ROUTESUF","POSTPRE","POSTMILE","LOCATYPE","RAMP","SIDEHW","TOWAWAY","PARTIES","PCF","VIOLCODE","VIOL","VIOLSUB","HITRUN","ROADSURF","RDCOND1","RDCOND2","LIGHTING","RIGHTWAY","CHPRDTYP","NOTPRIV","STFAULT","CHPFAULT","SEVINJ","OTHERINJ","COP","PEDKILL","PEDINJ","BICKILL","BICINJ","MCKILL","MCINJURE","RAMP1","RAMP2","CITY","COUNTY","STATE","X_CHP","Y_CHP"
"6726796",0,0,2014,"0900","5","1","3","08",0,1,"A",,,,,,2400,11,"E","I","A","BASS LAKE RD","LAMBETH DR",375,"S","N","2015-01-15",9245,"2014-11-24",2210,"13603",,"3","9","0","3",,"2","001","-","N",,0,0,,,0,,,,"Y",1,"A","-",22107,,"N","A","H","-","D","A","0","Y","A","07",0,1,0,0,0,0,0,0,0,"-","-","UNINCORPORATED","EL DORADO","CA",-121.00774,38.69282
"6726792",-121.0286745,38.7013881,2014,"0900","4","7","3","18",0,1,"B",,"Y",,,,1200,11,"E","J","A","GREEN VALLEY RD","DEER VALLEY RD",1056,"E","N","2015-01-15",9245,"2014-11-23",950,"16465",,"1","9","0","2",,"2","011","-","N",,0,0,,,0,,,,"N",1,"C","-",0,,"N","A","H","-","A","D","0","Y","-","-",0,1,0,0,0,0,1,0,0,"-","-","UNINCORPORATED","EL DORADO","CA",-121.02823,38.7012
"6726788",-120.8494893,38.5963462,2014,"0900","3","7","4","03",0,1,"B",,,,,,2100,11,"F","A","A","RT 49","UNION MINE RD",1056,"N","N","2016-06-22",9245,"2014-11-30",1830,"13028",,"2","9","0","1",,"1","135","-","Y","ED",3,49,"-","-",3.29,"H","-","S","Y",1,"A","-",22350,,"N","B","H","-","D","D","0","Y","A","01",0,0,1,0,0,0,0,0,0,"-","-","UNINCORPORATED","EL DORADO","CA",-120.84987,38.59685
"6726744",-120.936584,38.6627773,2014,"0900","2","1","4","18",0,1,"A",,,,,,2400,11,"E","H","A","RT 50","PONDEROSA RD",40,"W","N","2016-06-29",9245,"2014-11-24",2105,"13603",,"2","9","0","1",,"2","110","-","Y","ED",3,50,"-","R",8.55,"H","-","E","Y",1,"C","-",0,,"N","A","H","-","D","A","1","Y","-","-",0,0,1,0,0,0,0,0,0,"-","-","UNINCORPORATED","EL DORADO","CA",-120.93764,38.66233
"6726740",-120.8244202,38.7545784,2014,"0900","3","5","4","08",0,1,"A",,,,,,1500,11,"B","C","A","RT 49","OLD TOLL RD",2112,"N","N","2016-06-22",9245,"2014-11-21",1455,"16363",,"2","9","0","1",,"1","115","-","Y","ED",3,49,"-","-",17.13,"H","-","S","N",2,"A","-",22107,,"N","A","H","-","A","D","0","Y","A","01",0,0,1,0,0,0,0,0,0,"-","-","UNINCORPORATED","EL DORADO","CA",-120.82442,38.75486
"6726736",-120.8317967,38.7181551,2014,"0900","5","4","4","00",0,1,"A",,,,,,2400,11,"E","I","A","FORNI RD","PLACERVILLE DR",2112,"W","N","2015-01-15",9245,"2014-11-27",2100,"18466",,"2","9","0","3",,"2","004","-","N",,0,0,,,0,,,,"N",1,"A","-",22650,,"N","A","H","-","D","D","0","Y","A","07",0,0,1,0,0,0,0,0,0,"-","-","UNINCORPORATED","EL DORADO","CA",-120.81717,38.72865
"6726732",-120.989784,38.6735778,2014,"0900","5","2","4","03",0,3,"A",,,,,,1200,11,"C","C","A","CAMBRIDGE RD","BERRY RD",75,"N","N","2015-01-15",9245,"2014-11-25",1000,"15563",,"1","9","0","3",,"2","001","-","N",,0,0,,,0,,,,"N",3,"A","-",22350,,"N","A","H","-","A","D","0","Y","A","01",0,0,3,0,0,0,0,0,0,"-","-","UNINCORPORATED","EL DORADO","CA",-120.98986,38.67382
"6726728",-120.7990203,38.6938272,2014,"0900","5","5","4","09",0,1,"B",,,,,,1800,11,"E","I","A","PLEASANT VALLEY RD","MARSH LN",100,"W","N","2015-01-15",9245,"2014-11-21",1625,"17737",,"2","9","0","3",,"2","004","-","N",,0,0,,,0,,,,"Y",2,"A","-",21804,"A","N","B","H","-","C","D","0","Y","A","01",0,0,1,0,0,0,0,0,0,"-","-","UNINCORPORATED","EL DORADO","CA",-120.2154,38.4529
"6726643",-121.063843,38.670135,2014,"0900","5","2","4","09",0,1,"A",,,,,,1500,10,"D","C","A","SERRANO PKWY","SILVA VALLEY PKWY",0,,"Y","2015-06-08",9245,"2014-10-28",1408,"015563",,"2","9","0","3",,"2","001","-","N",,0,0,,,0,,,,"Y",2,"A","-",21453,"C","N","A","H","-","A","A","0","Y","A","01",0,0,1,0,0,0,0,0,0,"-","-","UNINCORPORATED","EL DORADO","CA",0,0
"6726619",-120.8727348,38.7489385,2014,"0900","4","7","4","03",0,1,"B",,,,,,1800,11,"E","I","A","COLD SPRINGS RD","SKYVIEW LN",528,"N","N","2015-01-15",9245,"2014-11-30",1515,"18114",,"2","9","0","2",,"1","014","-","N",,0,0,,,0,,,,"Y",1,"A","-",22350,,"N","B","H","-","A","D","0","Y","D","22",0,0,1,0,0,0,0,0,0,"-","-","UNINCORPORATED","EL DORADO","CA",-120.87253,38.74899
"6726575",-120.853663,38.6580452,2014,"0900","3","5","3","03",0,1,"B",,,,,"Y",2100,11,"C","C","A","RT 49","SIERRA REAL",499,"N","N","2016-06-22",9245,"2014-11-21",1834,"015607",,"2","9","0","1",,"1","135","-","Y","ED",3,49,"-","-",7.9,"H","-","S","Y",2,"A","-",22350,,"N","A","H","-","D","D","0","Y","D","22",0,1,0,0,0,0,0,0,0,"-","-","UNINCORPORATED","EL DORADO","CA",-120.8534,38.6584
"6726571",-120.790173,38.7316852,2014,"0900","2","6","4","03",0,1,"B",,,,,,1500,11,"C","C","A","RT 50","MOSQUITO RD",500,"E","N","2016-06-29",9245,"2014-11-22",1355,"017737",,"1","9","0","1",,"2","140","-","Y","ED",3,50,"-","-",18.586,"R","4","E","Y",3,"A","-",22350,,"N","B","H","-","A","D","1","Y","A","01",0,0,1,0,0,0,0,0,0,"-","-","UNINCORPORATED","EL DORADO","CA",-120.2584,38.4521
"6726563",-120.9713995,38.6593352,2014,"0900","2","2","4","03",0,1,"A",,,,,,1800,11,"C","C","A","RT 50","CAMERON PARK DR",300,"W","N","2016-06-29",9245,"2014-11-25",1748,"013028",,"2","9","0","1",,"2","110","-","Y","ED",3,50,"-","-",6.51,"H","-","E","Y",2,"A","-",22350,,"N","A","H","-","C","D","1","Y","A","01",0,0,1,0,0,0,0,0,0,"-","-","UNINCORPORATED","EL DORADO","CA",-120.96988,38.65921
"6726518",-120.9772095,38.667198,2014,"0900","4","4","3","01",0,1,"A",,,,,"Y",300,11,"E","I","A","CAMERON PARK DR","SUDBURY RD",131,"S","N","2015-01-15",9245,"2014-11-27",255,"12833",,"3","9","0","2",,"1","015","-","N",,0,0,,,0,,,,"Y",1,"A","-",23152,"A","N","A","H","-","E","D","0","Y","A","01",0,1,0,0,0,0,0,0,0,"-","-","UNINCORPORATED","EL DORADO","CA",-120.97716,38.66722
"6726514",-120.8563192,38.9066716,2014,"0900","5","4","2","01",0,1,"B",,,,,"Y",2400,11,"E","I","A","RESERVOIR RD","SPANISH DRY DIGGINS RD",400,"W","N","2015-01-15",9245,"2014-11-20",2218,"18240",,"3","9","0","3",,"2","002","-","N",,0,0,,,0,,,,"Y",1,"A","-",23152,"A","N","B","H","-","D","D","0","Y","A","01",1,0,0,0,0,0,0,0,0,"-","-","UNINCORPORATED","EL DORADO","CA",-120.85827,38.90657
"6726401",-120.809793,38.7247751,2014,"0901","0","3","3","05",0,1,"A",,,,,,1200,10,"B","C","A","SACRAMENTO ST","SKYLINE DR",0,,"Y","2014-12-24",901,"2014-10-29",1155,"296","PPD","5","2","0","0",,"0","PP1","-","N",,0,0,,,0,,,,"N",2,"A","-",21460,"B","N","A","H","-","A","D","0","Y","A","01",0,1,0,0,0,0,0,0,0,"-","-","PLACERVILLE","EL DORADO","CA",0,0
"6723788",-120.8235828,38.6964733,2014,"0900","4","6","2","01",0,1,"B",,"Y",,,"Y",2100,11,"C","G","A","MISSOURI FLAT RD","ENTERPRISE DR",70,"N","N","2015-01-16",9245,"2014-11-22",1835,"17604",,"2","9","0","2",,"1","037","-","N",,0,0,,,0,,,,"N",2,"A","-",21200,"5","N","A","H","-","C","D","0","Y","L","04",1,0,0,0,0,0,1,0,0,"-","-","UNINCORPORATED","EL DORADO","CA",-120.82361,38.69646
"6720539",-120.7758951,38.7334334,2014,"0901","0","4","3","05",0,1,"A",,,,,,2100,11,"B","C","A","BROADWAY DR","SCHNELL SCHOOL RD",1129,"E","N","2015-01-09",901,"2014-11-06",1830,"224","0901","5","2","0","0",,"0","PP2","-","N",,0,0,,,0,,,,"Y",3,"A","-",21650,,"N","A","H","-","D","D","0","Y","A","01",0,1,0,0,0,0,0,0,0,"-","-","PLACERVILLE","EL DORADO","CA",0,0
"6720475",-120.8039825,38.7284758,2014,"0901","0","3","4","03",0,1,"A",,,,,,1200,11,"C","C","A","RT 50","SPRING ST",134,"E","N","2016-06-29",901,"2014-11-26",1127,"237","0901","5","2","0","0",,"0","PP1","-","Y","ED",3,50,"-","-",17.7,"H","-","W","N",3,"A","-",22350,,"N","A","H","-","A","A","0","Y","I","11",0,0,1,0,0,0,0,0,0,"-","-","PLACERVILLE","EL DORADO","CA",0,0
"6720467",0,0,2014,"0901","0","5","3","05",0,1,"A",,,,,,1500,11,"A","E","A","CONRAD CT","CONRAD ST",44,"S","N","2015-01-14",901,"2014-11-07",1315,"288","0901","5","2","0","0",,"0","PP1","-","N",,0,0,,,0,,,,"Y",2,"A","-",21650,,"N","A","H","-","A","D","0","Y","I","12",0,1,0,0,0,0,0,0,0,"-","-","PLACERVILLE","EL DORADO","CA",0,0
"6718541",-120.9906227,38.8970038,2014,"0900","3","7","1","01",2,1,"A",,,,,,1800,9,"D","C","A","RT 193","CRAMER RD",1056,"W","N","2015-06-10",9245,"2014-09-21",1614,"13839",,"2","9","0","1",,"1","122","-","Y","ED",3,193,"-","R",1.85,"H","-","W","Y",2,"A","-",23152,"E","N","A","H","-","A","D","0","Y","A","01",0,1,0,0,0,0,0,0,0,"-","-","UNINCORPORATED","EL DORADO","CA",-120.98607,38.89841
"6718422",-121.0577281,38.6573689,2014,"0900","2","4","1","03",2,1,"A",,,,,,1500,7,"C","C","A","RT 50","SILVA VALLEY PKWY",450,"W","N","2014-12-11",9245,"2014-07-17",1455,"18624",,"2","9","0","1",,"2","110","-","Y","ED",3,50,"-","-",1.56,"H","-","W","Y",2,"A","-",22350,,"N","A","H","-","A","D","1","Y","D","22",0,1,0,0,0,0,0,0,0,"-","-","UNINCORPORATED","EL DORADO","CA",-121.0563,38.6578
"6718288",-120.1514867,38.7866707,2014,"0900","5","5","1","01",1,1,"B",,,,,"Y",2100,12,"E","I","A","STRAWBERRY CREEK RD","RT 50",6336,"S","N","2015-03-17",9245,"2014-12-26",1800,"17728",,"2","9","0","3",,"2","004","-","N",,0,0,,,0,,,,"Y",1,"A","-",23152,"A","N","C","G","-","D","D","0","Y","M","96",1,0,0,0,0,0,0,0,0,"-","-","UNINCORPORATED","EL DORADO","CA",-120.15578,38.77834
"6718128",-120.1208657,38.8114416,2014,"0900","2","5","1","01",2,0,"A",,,"Y",,"Y",2400,7,"A","C","A","RT 50","PYRAMID CREEK TRACT",1584,"E","N","2016-01-06",9246,"2014-07-04",2344,"19064",,"3","9","0","1",,"1","020","-","Y","ED",3,50,"-","-",59.82,"H","-","E","Y",2,"A","-",23152,"A","N","A","H","-","C","D","0","Y","A","08",0,0,0,0,0,0,0,2,0,"-","-","UNINCORPORATED","EL DORADO","CA",-120.12066,38.81132
"6715031",-120.8456417,38.7359634,2014,"0900","4","5","3","18",0,1,"B",,,,,,300,11,"E","I","A","COLD SPRINGS RD","BELLANCA LN",30,"S","N","2015-01-12",9245,"2014-11-14",10,"018240",,"3","9","0","2",,"1","014","-","N",,0,0,,,0,,,,"Y",1,"C","-",0,,"N","B","H","-","D","D","0","Y","-","-",0,1,0,0,0,0,0,0,0,"-","-","UNINCORPORATED","EL DORADO","CA",-120.04517,38.7355
"6714996",-120.8952601,38.8209393,2014,"0900","5","4","4","08",0,1,"B",,,,,,1800,11,"E","I","A","MARSHALL RD","PROSPECTORS RD",5280,"E","N","2015-01-12",9245,"2014-11-13",1555,"017737",,"2","9","0","3",,"2","002","-","N",,0,0,,,0,,,,"Y",1,"A","-",22107,,"N","B","H","-","B","D","0","Y","A","07",0,0,1,0,0,0,0,0,0,"-","-","UNINCORPORATED","EL DORADO","CA",-120,38
"6714992",-121.057227,38.7131165,2014,"0900","4","6","4","18",0,1,"A",,,,,,1500,11,"H","H","A","GREEN VALLEY RD","ROCKY SPRINGS RD",550,"E","N","2015-01-12",9245,"2014-11-08",1205,"015609",,"1","9","0","2",,"2","011","-","N",,0,0,,,0,,,,"Y",1,"C","-",0,,"N","A","H","-","A","D","0","Y","-","-",0,0,1,0,0,0,0,0,0,"-","-","UNINCORPORATED","EL DORADO","CA",-121.05753,38.71308
"6713904",-120.8227131,38.7002018,2014,"0900","4","4","2","01",0,2,"A","Y",,,,"Y",900,11,"G","B","E","MISSOURI FLAT RD","CHINA GARDEN RD",34,"S","N","2015-01-07",9245,"2014-11-06",845,"18624","9245","1","9","0","2",,"1","037","-","N",,0,0,,,0,,,,"Y",3,"A","-",23152,"E","N","A","H","-","A","D","0","Y","A","07",1,0,1,0,2,0,0,0,0,"-","-","UNINCORPORATED","EL DORADO","CA",-120.82274,38.69923
"6713897",-120.8457693,38.5744504,2014,"0900","3","4","3","03",0,1,"C",,,,,,1500,11,"E","I","A","RT 49","SAND RIDGE RD",5808,"S","N","2016-06-22",9245,"2014-11-13",1325,"015607",,"1","9","0","1",,"1","135","-","Y","ED",3,49,"-","-",1.7,"H","-","N","Y",1,"A","-",22350,,"N","B","H","-","A","D","0","Y","A","07",0,1,0,0,0,0,0,0,0,"-","-","UNINCORPORATED","EL DORADO","CA",-120.84622,38.57372
"6713893",-121.0659331,38.6546452,2014,"0900","2","2","4","03",0,1,"A",,,,,,2100,11,"C","C","A","RT 50","EL DORADO HILLS BL",25,"W","N","2016-06-29",9245,"2014-11-18",1830,"017728",,"2","9","0","1",,"2","110","-","Y","ED",3,50,"-","-",1.048,"R","1","W","N",2,"A","-",22350,,"N","A","H","-","C","A","1","Y","A","01",0,0,1,0,0,0,0,0,0,"-","-","UNINCORPORATED","EL DORADO","CA",-121.07092,38.65336
"6713889",-121.046142,38.6581062,2014,"0900","2","1","4","01",0,1,"B",,,,,,2400,11,"E","I","A","RT 50","BASS LAKE RD",3215,"W","N","2016-06-29",9245,"2014-11-17",2109,"012833",,"2","9","0","1",,"2","110","-","Y","ED",3,50,"-","R",2.63,"H","-","W","Y",1,"A","-",23152,"E","N","A","H","-","D","D","1","Y","A","01",0,0,1,0,0,0,0,0,0,"-","-","UNINCORPORATED","EL DORADO","CA",-121.04086,38.65498
"6713531",0,0,2014,"0900","5","6","2","09",0,1,"B",,,"Y",,,2100,10,"D","C","A","CRYSTAL SPRINGS","FERRITE ST",600,"W","N","2014-12-24",9245,"2014-10-25",1850,"017935",,"2","9","0","3",,"2","003","-","N",,0,0,,,0,,,,"Y",2,"A","-",21801,"B","N","A","H","-","D","D","0","Y","C","02",1,0,0,0,0,0,0,0,1,"-","-","UNINCORPORATED","EL DORADO","CA",-120.05702,38.62632
"6712274",-120.1226276,38.805502,2014,"0900","2","6","2","08",0,2,"B",,,,,,2100,10,"C","E","A","RT 50","TWIN BRIDGES TRACK",96,"W","N","2016-07-05",9246,"2014-10-25",1814,"18629",,"2","9","0","1",,"1","020","-","Y","ED",3,50,"-","-",60.35,"H","-","E","Y",2,"A","-",22107,,"N","B","H","-","D","D","0","Y","A","01",1,1,0,0,0,0,0,0,0,"-","-","UNINCORPORATED","EL DORADO","CA",-120.07396,38.48332
"6712174",-119.9837247,38.7967753,2014,"0900","3","7","2","01",0,3,"A",,,,,,1200,10,"A","C","A","RT 89","ALPINE COUNTY MILE POST MARKER 89",11774,"N","N","2016-07-05",9246,"2014-10-26",1125,"014478",,"1","9","0","1",,"1","023","-","Y","ED",3,89,"-","-",2.24,"H","-","N","Y",2,"A","-",23152,"E","N","B","H","-","A","D","0","Y","A","01",2,0,1,0,0,0,0,0,0,"-","-","UNINCORPORATED","EL DORADO","CA",0,0
"6711550",-120.0333349,38.8865001,2014,"0900","4","3","2","03",0,1,"A",,,,,,1200,11,"E","I","A","LAKE TAHOE BL","BOULDER MOUNTAIN CT",51,"E","N","2015-01-09",9246,"2014-11-05",950,"010056",,"1","9","0","2",,"1","025","-","N",,0,0,,,0,,,,"Y",1,"A","-",22350,,"N","A","H","-","A","A","0","Y","A","01",1,0,0,0,0,0,0,0,0,"-","-","UNINCORPORATED","EL DORADO","CA",-120.03349,38.88642
"6707914",-120.8569731,38.718265,2014,"0900","4","7","4","03",0,2,"A",,,,,,900,11,"C","C","A","MISSOURI FLAT RD","LIFE WY",0,,"Y","2015-01-08",9245,"2014-11-02",830,"013929",,"1","9","0","2",,"2","011","-","N",,0,0,,,0,,,,"Y",2,"A","-",22350,,"N","A","H","-","A","D","0","Y","A","01",0,0,2,0,0,0,0,0,0,"-","-","UNINCORPORATED","EL DORADO","CA",-120.85695,38.7183
"6706663",-119.9895363,38.8793322,2014,"0900","4","7","2","01",0,1,"A",,,,,"Y",300,11,"E","I","A","PIONEER TRL","GLEN EAGLES RD",50,"S","N","2015-01-13",9246,"2014-11-09",250,"019064",,"3","9","0","2",,"1","024","-","N",,0,0,,,0,,,,"Y",1,"A","-",23152,"A","N","A","H","-","C","D","0","Y","A","01",1,0,0,0,0,0,0,0,0,"-","-","UNINCORPORATED","EL DORADO","CA",-119.98874,38.88012
"6706659",-119.998447,38.8726376,2014,"0900","5","7","3","03",0,1,"A",,,"Y",,,1800,11,"F","A","A","ELKS CLUB DR","THUNDERBIRD DR",204,"S","N","2015-01-13",9246,"2014-11-09",1550,"014471",,"2","9","0","3",,"2","200","-","N",,0,0,,,0,,,,"N",1,"A","-",22350,,"N","A","H","-","A","D","0","Y","C","02",0,1,0,0,0,0,0,0,1,"-","-","UNINCORPORATED","EL DORADO","CA",-119.9772,39.87292
"6705976",-120.8680396,38.8707188,2014,"0900","5","3","3","01",0,1,"A",,,,,,2100,10,"D","I","A","GREENWOOD RD","GRAYBAR MINE RD",250,"S","N","2014-12-04",9245,"2014-10-01",2050,"018466",,"2","9","0","3",,"2","002","-","N",,0,0,,,0,,,,"Y",1,"A","-",23152,"A","N","A","H","-","D","D","0","Y","A","01",0,1,0,0,0,0,0,0,0,"-","-","UNINCORPORATED","EL DORADO","CA",-120.86867,38.87116
"6705908",-120.6781191,38.7348069,2014,"0900","2","2","3","08",0,1,"A",,,,,,1200,11,"E","I","A","RT 50","EIGHT MILE RD",6864,"E","N","2016-06-20",9245,"2014-11-11",1000,"013279",,"1","9","0","1",,"2","140","-","Y","ED",3,50,"-","-",25.14,"H","-","W","Y",1,"A","-",22107,,"N","A","H","-","A","A","1","Y","A","01",0,1,0,0,0,0,0,0,0,"-","-","UNINCORPORATED","EL DORADO","CA",0,0
"6705900",-121.0786731,38.710095,2014,"0901","4","5","2","01",0,2,"A",,,,,"Y",300,11,"D","C","A","GREEN VALLEY RD","SALMON FALLS RD",0,,"Y","2015-01-08",9245,"2014-11-07",20,"17604",,"3","2","0","2",,"2","011","-","N",,0,0,,,0,,,,"Y",2,"A","-",23152,"A","N","A","H","-","C","A","0","Y","A","01",1,1,0,0,0,0,0,0,0,"-","-","PLACERVILLE","EL DORADO","CA",-121.07864,38.71006
"6705800",-121.0725794,38.652437,2014,"0900","2","7","3","03",0,2,"A",,,,,,1800,11,"C","C","A","RT 50","EL DORADO HILLS BL",400,"W","N","2016-06-29",9245,"2014-11-09",1745,"017728",,"2","9","0","1",,"2","110","-","Y","ED",3,50,"-","-",0.78,"H","-","W",,2,"A","-",22350,,"N","A","H","-","A","D","1","Y","D","22",0,2,0,0,0,0,0,0,0,"-","-","UNINCORPORATED","EL DORADO","CA",-121.07457,38.65163
"6705799",-121.0709918,38.6883813,2014,"0900","5","2","3","03",0,1,"A",,,,,,1800,11,"C","C","A","SILVA VALLEY PKWY","NETHERDALE WY",6,"S","N","2015-01-09",9245,"2014-11-04",1500,"017728",,"2","9","0","3",,"2","001","-","N",,0,0,,,0,,,,"Y",5,"A","-",22350,,"N","A","H","-","A","D","0","Y","A","07",0,1,0,0,0,0,0,0,0,"-","-","UNINCORPORATED","EL DORADO","CA",-121.07092,38.68829
"6704467",-120.707598,38.7370508,2014,"0900","2","6","4","03",0,1,"A",,,,,,1800,11,"C","C","A","RT 50","CARSON RD",400,"W","N","2016-06-29",9245,"2014-11-15",1525,"17737",,"2","9","0","1",,"2","140","-","Y","ED",3,50,"-","-",23.4,"I","6","W","Y",2,"A","-",22350,,"N","A","H","-","A","D","1","Y","A","07",0,0,1,0,0,0,0,0,0,"-","-","UNINCORPORATED","EL DORADO","CA",-120.6967,38.4034
"6704463",-120.9962267,38.8308452,2014,"0900","3","1","4","18",0,1,"A",,,,,,1500,11,"E","H","A","RT 49","PEDRO HILL RD",75,"S","N","2016-06-22",9245,"2014-11-17",1410,"18114",,"2","9","0","1",,"1","115","-","Y","ED",3,49,"-","-",29.25,"H","-","N","Y",1,"C","-",0,,"N","A","H","-","A","D","0","Y","-","-",0,0,1,0,0,0,0,0,0,"-","-","UNINCORPORATED","EL DORADO","CA",-120.98845,38.82843
"6704459",-120.7476811,38.6871701,2014,"0900","5","4","3","03",0,1,"B",,,,,,1800,11,"E","I","A","CEDAR RAVINE RD","WOODLAND DR",1000,"N","N","2015-01-08",9245,"2014-11-13",1625,"15607",,"2","9","0","3",,"2","004","-","N",,0,0,,,0,,,,"Y",1,"A","-",22350,,"N","B","H","-","D","D","0","Y","A","01",0,1,0,0,0,0,0,0,0,"-","-","UNINCORPORATED","EL DORADO","CA",-120.74323,38.68187
"6704455",-120.9080524,38.8882824,2014,"0900","5","5","4","08",0,1,"B",,,,,,2400,11,"E","I","A","GREENWOOD RD","DAM CREEK RD S",180,"S","N","2015-01-08",9245,"2014-11-14",2205,"18240",,"3","9","0","3",,"2","002","-","N",,0,0,,,0,,,,"Y",1,"A","-",22107,,"N","B","H","-","D","D","0","Y","A","01",0,0,1,0,0,0,0,0,0,"-","-","UNINCORPORATED","EL DORADO","CA",-120.90793,38.88878
"6701939",-120.9949802,38.6951668,2014,"0900","5","5","4","01",0,1,"B",,,,,,1500,10,"A","C","A","CAMERON PARK DR","LA CANADA DR",40,"S","N","2014-12-01",9245,"2014-10-31",1230,"017737",,"1","9","0","3",,"2","001","-","N",,0,0,,,0,,,,"Y",2,"A","-",23152,"A","N","B","H","-","A","D","0","Y","A","01",0,0,1,0,0,0,0,0,0,"-","-","UNINCORPORATED","EL DORADO","CA",-120.9947,38.6947
"6701833",-120.7324964,38.6762917,2014,"0900","5","5","4","03",0,2,"B",,,,,,1800,10,"F","A","A","BUCKS BAR RD","PALACE LN",3168,"S","N","2014-12-08",9245,"2014-10-31",1640,"012382",,"2","9","0","3",,"2","004","C","N",,0,0,,,0,,,,"Y",1,"A","-",22350,,"N","B","H","-","A","A","0","Y","D","22",0,0,2,0,0,0,0,0,0,"-","-","UNINCORPORATED","EL DORADO","CA",-120.7628,38.66861
"6701764",-120.3610441,38.8781869,2014,"0900","5","7","4","08",0,1,"A",,,"Y",,,1500,11,"E","I","A","ICE HOUSE RD","RT 50",84480,"N","N","2015-02-02",9245,"2014-11-09",1400,"013279",,"2","9","0","3",,"2","002","-","N",,0,0,,,0,,,,"N",1,"A","-",22107,,"N","A","H","-","A","D","0","Y","C","02",0,0,1,0,0,0,0,0,1,"-","-","UNINCORPORATED","EL DORADO","CA",0,0
"6699476",-120.6153728,38.6883958,2014,"0900","4","7","3","08",0,1,"A",,,"Y",,,1500,9,"F","A","A","SLY PARK RD","HOMESTEAD DR",260,"N","N","2014-11-21",9245,"2014-09-07",1425,"013279",,"2","9","0","2",,"1","043","-","N",,0,0,,,0,,,,"Y",1,"A","-",22107,,"N","A","H","-","A","A","0","Y","C","02",0,1,0,0,0,0,0,0,1,"-","-","UNINCORPORATED","EL DORADO","CA",0,0
"6699196",-120.8863617,38.7019185,2014,"0900","5","5","3","03",0,1,"C",,,,,,2100,10,"E","I","A","GREENSTONE RD","BEARS DEN RD",220,"S","N","2014-11-18",9245,"2014-10-31",2035,"018466",,"2","9","0","3",,"2","001","-","N",,0,0,,,0,,,,"Y",1,"A","-",22350,,"N","B","H","-","D","D","0","Y","A","01",0,1,0,0,0,0,0,0,0,"-","-","UNINCORPORATED","EL DORADO","CA",-120.88695,38.70192
"6699007",-120.6451959,38.7607291,2014,"0900","5","6","3","01",0,1,"B",,,,,"Y",1500,10,"E","I","A","CABLE RD","MACE RD",10560,"N","N","2014-11-18",9245,"2014-10-25",1450,"017737",,"2","9","0","3",,"2","002","-","N",,0,0,,,0,,,,"Y",1,"A","-",23152,"A","N","B","H","-","A","D","0","Y","A","07",0,1,0,0,0,0,0,0,0,"-","-","UNINCORPORATED","EL DORADO","CA",-120.5472,38.5648
"6698838",-120.8213994,38.6934034,2014,"0900","3","7","4","08",0,1,"A",,,"Y",,,1200,11,"B","D","A","RT 49","TULLIS MINE RD",0,,"Y","2016-06-22",9245,"2014-11-09",930,"13463",,"1","9","0","1",,"1","115","-","Y","ED",3,49,"-","-",11.39,"H","-","N","N",2,"A","-",22107,,"N","A","H","-","A","D","0","Y","C","02",0,0,1,0,0,0,0,0,1,"-","-","UNINCORPORATED","EL DORADO","CA",-120.82076,38.68347
"6698064",-121.0252531,38.6551852,2014,"0900","5","1","4","09",0,1,"A",,,,,,2100,11,"D","C","A","BASS LAKE RD","RT 50",0,,"Y","2016-06-29",9245,"2014-11-10",1815,"18114",,"2","9","0","3",,"2","003","-","Y","ED",3,50,"-","R",3.411,"R","4","E","Y",2,"A","-",21801,"A","N","A","H","-","C","D","1","Y","D","22",0,0,1,0,0,0,0,0,0,"-","-","UNINCORPORATED","EL DORADO","CA",-121.02984,38.65493
"6697909",-120.7601034,38.6911019,2014,"0900","5","5","3","05",0,1,"A",,,,,,900,10,"F","A","A","CEDAR RAVINE RD","RUSTIC CT",120,"E","N","2015-06-12",9245,"2014-10-31",745,"12382",,"1","9","0","3",,"2","004","-","N",,0,0,,,0,,,,"Y",1,"A","-",21650,,"N","A","H","-","A","A","0","Y","A","01",0,1,0,0,0,0,0,0,0,"-","-","UNINCORPORATED","EL DORADO","CA",-120.75606,38.68911
"6697486",-120.8183742,38.6937455,2014,"0900","4","4","4","03",0,3,"B",,,,,,1500,10,"C","C","A","PLEASANT VALLEY RD","CHINA GARDEN RD",100,"W","N","2014-11-19",9245,"2014-10-23",1405,"016363",,"2","9","0","2",,"1","037","-","N",,0,0,,,0,,,,"Y",3,"A","-",22350,,"N","A","H","-","A","D","0","Y","A","01",0,0,3,0,0,0,0,0,0,"-","-","UNINCORPORATED","EL DORADO","CA",-120.81869,38.69357