"CASEID","POINT_X","POINT_Y","YEAR_","LOCATION","CHPTYPE","DAYWEEK","CRASHSEV","VIOLCAT","KILLED","INJURED","WEATHER1","PEDCOL","BICCOL","MCCOL","TRUCKCOL","ETOH","TIMECAT","MONTH_","CRASHTYP","INVOLVE","PED","PRIMARYRD","SECONDRD","DISTANCE","DIRECT","INTERSECT_","PROCDATE","JURIS","DATE_","TIME_","BADGE","JURIDIST","SHIFT","POP","SPECIAL","BEATTYPE","LAPDDIV","BEATCLAS","BEATNUMB","WEATHER2","STATEHW","CALTRANC","CALTRAND","STROUTE","ROUTESUF","POSTPRE","POSTMILE","LOCATYPE","RAMP","SIDEHW","TOWAWAY","PARTIES","PCF","VIOLCODE","VIOL","VIOLSUB","HITRUN","ROADSURF","RDCOND1","RDCOND2","LIGHTING","RIGHTWAY","CHPRDTYP","NOTPRIV","STFAULT","CHPFAULT","SEVINJ","OTHERINJ","COP","PEDKILL","PEDINJ","BICKILL","BICINJ","MCKILL","MCINJURE","RAMP1","RAMP2","CITY","COUNTY","STATE","X_CHP","Y_CHP"
"6697482",-120.8525167,38.6679006,2014,"0900","3","5","4","08",0,1,"A",,,,,,600,10,"E","I","A","RT 49","MAISY LN",250,"N","N","2016-06-22",9245,"2014-10-24",540,"016363",,"3","9","0","1",,"1","135","-","Y","ED",3,49,"-","-",8.6,"H","-","S","Y",1,"A","-",22107,,"N","A","H","-","D","D","0","Y","A","01",0,0,1,0,0,0,0,0,0,"-","-","UNINCORPORATED","EL DORADO","CA",-120.85252,38.6686
"6697084",-120.8761277,38.7809998,2014,"0900","3","6","4","08",0,1,"B",,,,,,1800,11,"E","I","A","RT 49","RIVERWOOD DR",1056,"N","N","2016-06-22",9245,"2014-11-01",1730,"17728",,"2","9","0","1",,"1","115","-","Y","ED",3,49,"-","-",20.8,"H","-","N","Y",1,"A","-",22107,,"N","A","H","-","A","D","0","Y","A","07",0,0,1,0,0,0,0,0,0,"-","-","UNINCORPORATED","EL DORADO","CA",-120.87016,38.77749
"6695731",-120.8500857,38.5970792,2014,"0900","3","3","2","08",0,1,"A",,,"Y",,,1200,10,"H","A","A","RT 49","MICA ST",1584,"S","N","2016-06-22",9245,"2014-10-29",935,"013463",,"1","9","0","1",,"1","135","-","Y","ED",3,49,"-","-",3.37,"H","-","N","Y",1,"A","-",22107,,"N","A","H","-","A","D","0","Y","C","02",1,0,0,0,0,0,0,0,1,"-","-","UNINCORPORATED","EL DORADO","CA",-120.85029,38.5969
"6694356",-120.4790514,38.9378703,2014,"0900","5","6","4","08",0,1,"A",,,"Y",,,1800,10,"H","I","A","WENTWORTH SPRINGS RD","HELIX FLAT AV",600,"E","N","2015-01-05",9245,"2014-10-18",1600,"017737",,"2","9","0","3",,"2","002","-","N",,0,0,,,0,,,,"Y",1,"A","-",22107,,"N","A","H","-","A","D","0","Y","C","02",0,0,1,0,0,0,0,0,1,"-","-","UNINCORPORATED","EL DORADO","CA",-120.4311,38.9414
"6694342",-121.0760503,38.7103158,2014,"0900","4","1","4","08",0,1,"C",,,,,,2100,10,"E","I","A","GREEN VALLEY RD","SILVA VALLEY PKY",160,"W","N","2015-01-02",9245,"2014-10-20",1835,"015563",,"2","9","0","2",,"2","011","-","N",,0,0,,,0,,,,"Y",1,"A","-",22107,,"N","B","H","-","D","D","0","Y","A","07",0,0,1,0,0,0,0,0,0,"-","-","UNINCORPORATED","EL DORADO","CA",-121.07578,38.71042
"6694240",0,0,2014,"0901","0","1","4","09",0,1,"A",,,,,,1200,10,"D","C","A","GREEN VALLEY RD","A & A RD",26,"E","N","2014-12-30",901,"2014-10-20",1040,"296","PPD","5","2","0","0",,"0","PP1","-","N",,0,0,,,0,,,,"N",2,"A","-",21802,"A","N","A","H","-","A","D","0","Y","A","07",0,0,1,0,0,0,0,0,0,"-","-","PLACERVILLE","EL DORADO","CA",0,0
"6693593",-120.6973004,38.7410085,2014,"0900","4","6","4","03",0,2,"B",,,,,,1500,10,"C","C","A","CARSON RD","BARKLEY RD",528,"W","N","2014-12-08",9245,"2014-10-25",1300,"016629",,"1","9","0","2",,"1","024","-","N",,0,0,,,0,,,,"Y",2,"A","-",22350,,"N","B","H","-","A","D","0","Y","A","01",0,0,2,0,0,0,0,0,0,"-","-","UNINCORPORATED","EL DORADO","CA",0,0
"6693577",-121.0146367,38.9067717,2014,"0900","3","7","3","07",0,1,"B",,,,,,2400,10,"E","I","A","RT 49","JEEP TRL",1100,"N","N","2016-06-22",9245,"2014-10-26",2250,"018240",,"3","9","0","1",,"1","115","-","Y","ED",3,49,"-","-",36,"H","-","S","Y",2,"A","-",21658,"A","F","A","H","-","D","D","0","Y","-","99",0,1,0,0,0,0,0,0,0,"-","-","UNINCORPORATED","EL DORADO","CA",-121.01408,38.90572
"6690753",-120.8733312,38.6846172,2014,"0900","5","1","3","03",0,1,"A",,,,,,900,10,"F","A","A","DAVIDSON RD","VENTURE RD",85,"N","N","2014-12-29",9245,"2014-10-27",650,"013463",,"1","9","0","3",,"2","003","-","N",,0,0,,,0,,,,"Y",1,"A","-",22350,,"N","A","H","-","D","D","0","Y","A","01",0,1,0,0,0,0,0,0,0,"-","-","UNINCORPORATED","EL DORADO","CA",-120.87334,38.68467
"6690725",-120.8975639,38.6694358,2014,"0900","4","7","3","03",0,1,"A",,,,,,1800,10,"C","C","A","MOTHER LODE DR","DOE ST",40,"W","N","2014-12-29",9245,"2014-10-26",1745,"013028",,"2","9","0","2",,"1","039","-","N",,0,0,,,0,,,,"N",2,"A","-",22350,,"N","A","H","-","A","D","0","Y","A","01",0,1,0,0,0,0,0,0,0,"-","-","UNINCORPORATED","EL DORADO","CA",-120.402,38.4355
"6690721",-120.7929592,38.7311975,2014,"0900","2","7","4","03",0,1,"A",,,,,,300,10,"E","I","A","RT 50","MOSQUITO RD",250,"W","N","2016-06-29",9245,"2014-10-26",30,"17604",,"3","9","0","1",,"2","140","-","Y","ED",3,50,"-","-",18.41,"H","-","W","Y",1,"A","-",22350,,"N","A","H","-","D","D","1","Y","A","01",0,0,1,0,0,0,0,0,0,"-","-","UNINCORPORATED","EL DORADO","CA",-120.79194,38.73145
"6690688",-120.614073,38.7488352,2014,"0900","4","7","4","01",0,3,"A",,,,,"Y",2100,10,"D","C","A","SLY PARK RD","RT 50",144,"N","N","2016-06-29",9245,"2014-10-05",2053,"13028",,"2","9","0","2",,"1","042","-","Y","ED",3,50,"-","R",31.486,"R","4","W","Y",2,"A","-",23152,"A","N","A","D","-","C","A","1","Y","A","01",0,0,3,0,0,0,0,0,0,"-","-","UNINCORPORATED","EL DORADO","CA",-120.57599,38.76179
"6690684",-121.0445231,38.8385802,2014,"0900","5","5","2","01",0,1,"A",,,,,"Y",2400,10,"E","I","A","RATTLESNAKE BAR RD","TIGER LILY RD",1584,"E","N","2014-12-29",9245,"2014-10-24",2300,"17604",,"3","9","0","3",,"2","001","-","N",,0,0,,,0,,,,"Y",1,"A","-",23152,"A","N","A","H","-","D","D","0","Y","A","01",1,0,0,0,0,0,0,0,0,"-","-","UNINCORPORATED","EL DORADO","CA",-121.04431,38.83881
"6690533",-120.8821103,38.7905765,2014,"0900","3","2","4","01",0,1,"B",,,"Y",,,1800,10,"F","A","A","RT 49","SERPENTINE RD",3168,"S","N","2016-06-22",9245,"2014-10-21",1725,"018114",,"2","9","0","1",,"1","115","-","Y","ED",3,49,"-","-",22.16,"H","-","S","Y",1,"A","-",23152,"E","N","A","H","-","A","D","0","Y","C","02",0,0,1,0,0,0,0,0,1,"-","-","UNINCORPORATED","EL DORADO","CA",-120.88222,38.79017
"6689773",-120.9141308,38.6809774,2014,"0900","2","2","4","18",0,1,"A",,,,,,1800,11,"E","H","A","RT 50","SHINGLE SPRINGS DR",125,"E","N","2016-06-29",9245,"2014-11-04",1710,"18114",,"2","9","0","1",,"2","120","-","Y","ED",3,50,"-","R",10.34,"H","-","E","Y",1,"C","-",0,,"N","A","H","-","C","D","1","Y","-","-",0,0,1,0,0,0,0,0,0,"-","-","UNINCORPORATED","EL DORADO","CA",-120.91339,38.68181
"6689771",-120.9269902,38.7610655,2014,"0900","4","1","4","09",0,1,"A",,,,,,900,11,"D","C","A","LOTUS RD","GOLD HILL RD",2904,"S","N","2014-12-23",9245,"2014-11-03",740,"13929",,"1","9","0","2",,"1","013","-","N",,0,0,,,0,,,,"Y",2,"A","-",21804,"A","N","A","H","-","A","D","0","Y","I","19",0,0,1,0,0,0,0,0,0,"-","-","UNINCORPORATED","EL DORADO","CA",-120.92692,38.76132
"6689562",-120.8891896,38.7974132,2014,"0900","3","5","3","01",0,1,"B",,,,,"Y",2100,10,"E","I","A","RT 49","CHURCH ST",10,"N","N","2016-06-22",9245,"2014-10-31",1900,"17604",,"2","9","0","1",,"1","115","C","Y","ED",3,49,"-","-",22.865,"I","5","S","Y",1,"A","-",23152,"A","N","B","H","-","D","D","0","Y","D","22",0,1,0,0,0,0,0,0,0,"-","-","UNINCORPORATED","EL DORADO","CA",-120.8894,38.7969
"6686018",-120.7005035,38.6072553,2014,"0900","5","6","3","05",0,1,"A",,,,,,1200,10,"E","I","A","FAIRPLAY RD","PERRY CREEK RD",500,"S","N","2014-12-08",9245,"2014-10-18",1050,"12382",,"1","9","0","3",,"2","004","-","N",,0,0,,,0,,,,"Y",1,"A","-",21650,,"N","A","H","-","A","A","0","Y","D","22",0,1,0,0,0,0,0,0,0,"-","-","UNINCORPORATED","EL DORADO","CA",-120.65852,38.58741
"6682548",-121.0655805,38.6544813,2014,"0900","2","2","4","01",0,1,"B",,,,,"Y",600,10,"E","I","A","RT 50","EL DORADO HILLS BL",6115,"E","N","2016-06-29",9245,"2014-10-21",315,"012833",,"3","9","0","1",,"2","110","-","Y","ED",3,50,"-","R",2.05,"H","-","E","Y",1,"A","-",23152,"A","N","A","D","-","D","D","1","Y","A","01",0,0,1,0,0,0,0,0,0,"-","-","UNINCORPORATED","EL DORADO","CA",-121.05004,38.65814
"6681858",-120.972993,38.6593352,2014,"0900","5","6","4","01",0,1,"A",,,,,"Y",300,10,"D","C","A","CAMERON PARK DR","RT 50",0,,"Y","2016-06-29",9245,"2014-10-04",8,"017935",,"3","9","0","3",,"2","002","-","Y","ED",3,50,"-","-",6.464,"R","4","E","Y",2,"A","-",23152,"A","N","A","H","-","C","A","1","Y","D","22",0,0,1,0,0,0,0,0,0,"-","-","UNINCORPORATED","EL DORADO","CA",0,0
"6681407",-120.8928237,38.694949,2014,"0900","2","2","4","08",0,1,"A",,,,,,300,10,"F","A","A","RT 50","GREENSTONE RD",1215,"W","N","2016-06-29",9245,"2014-10-14",145,"012833",,"3","9","0","1",,"2","120","-","Y","ED",3,50,"-","R",11.96,"H","-","E","Y",1,"A","-",22107,,"N","A","H","-","D","D","1","Y","A","07",0,0,1,0,0,0,0,0,0,"-","-","UNINCORPORATED","EL DORADO","CA",-120.89185,38.69558
"6681395",-121.040553,38.540985,2014,"0900","5","3","4","09",0,1,"A",,,,,,2400,10,"D","C","A","SOUTH SHINGLE RD","LATROBE RD",0,,"Y","2014-12-12",9245,"2014-10-15",2130,"018466",,"2","9","0","3",,"2","003","-","N",,0,0,,,0,,,,"Y",2,"A","-",21802,"A","N","A","H","-","D","D","0","Y","A","07",0,0,1,0,0,0,0,0,0,"-","-","UNINCORPORATED","EL DORADO","CA",-120.98259,38.55771
"6680117",-119.9695158,38.9033174,2014,"0900","4","5","3","08",0,1,"A",,,"Y",,,1800,10,"E","I","A","PIONEER TRAIL","GOLDEN BEAR TRL",44,"N","N","2014-12-26",9246,"2014-10-03",1550,"015910",,"2","9","0","2",,"1","024","-","N",,0,0,,,0,,,,"Y",1,"A","-",22107,,"N","A","H","-","A","D","0","Y","C","02",0,1,0,0,0,0,0,0,1,"-","-","UNINCORPORATED","EL DORADO","CA",-119.90942,38.90308
"6680081",-120.1112955,38.8029258,2014,"0900","2","5","4","03",0,1,"A",,,"Y",,,1500,10,"F","A","A","RT 50","SAYLES CANYON TRACT",528,"W","N","2016-06-29",9246,"2014-10-24",1240,"015992",,"1","9","0","1",,"1","021","-","Y","ED",3,50,"-","-",61.31,"H","-","E","Y",1,"A","-",22350,,"N","A","H","-","A","D","0","Y","C","02",0,0,1,0,0,0,0,0,1,"-","-","UNINCORPORATED","EL DORADO","CA",-120.11148,38.80258
"6678264",-120.6858432,38.6475149,2014,"0900","4","1","1","05",1,0,"F",,,,,,1200,9,"E","I","A","MOUNT AUKUM RD","GRIZZLY FLAT RD",94,"S","N","2016-01-13",9245,"2014-09-22",1140,"13279",,"1","9","0","2",,"1","042","-","N",,0,0,,,0,,,,"Y",1,"A","-",21650,,"N","A","H","-","A","A","0","Y","A","01",0,0,0,0,0,0,0,0,0,"-","-","UNINCORPORATED","EL DORADO","CA",-120.68603,38.64695
"6677007",-120.7929592,38.7311975,2014,"0900","2","1","4","03",0,2,"A",,,,,,1500,10,"B","D","A","RT 50","MOSQUITO RD",500,"W","N","2016-06-29",9245,"2014-10-13",1458,"013279",,"2","9","0","1",,"2","140","-","Y","ED",3,50,"-","-",18.41,"H","-","W","Y",11,"A","-",22350,,"N","A","H","-","A","A","1","Y","D","22",0,0,2,0,0,0,0,0,0,"-","-","UNINCORPORATED","EL DORADO","CA",0,0
"6671110",0,0,2014,"0900","5","5","2","09",0,1,"A",,,"Y",,"Y",2100,8,"D","C","A","BUD LN","LARAPIN WY",6,"S","N","2014-10-29",9245,"2014-08-22",1945,"013028",,"2","9","0","3",,"2","002","-","N",,0,0,,,0,,,,"Y",2,"A","-",21800,"B","N","A","H","-","A","D","0","Y","A","01",1,0,0,0,0,0,0,0,1,"-","-","UNINCORPORATED","EL DORADO","CA",-120.5233,38.5234
"6670792",-121.0799782,38.7099741,2014,"0900","4","5","4","03",0,1,"A",,,,,,1800,10,"C","C","A","GREEN VALLEY RD","EL DORADO HILLS BL",375,"W","N","2014-12-18",9245,"2014-10-10",1610,"17089",,"2","9","0","2",,"2","011","-","N",,0,0,,,0,,,,"N",4,"A","-",22350,,"N","A","H","-","A","A","0","Y","D","22",0,0,1,0,0,0,0,0,0,"-","-","UNINCORPORATED","EL DORADO","CA",-121.08087,38.70986
"6670257",0,0,2014,"0900","4","7","2","01",0,1,"A",,,,,"Y",2100,7,"E","I","A","LOTUS RD","MPM 5.03",360,"N","N","2014-10-27",9245,"2014-07-27",2023,"013603",,"2","9","0","2",,"1","013","-","N",,0,0,,,0,,,,"Y",1,"A","-",23152,"A","N","A","H","-","D","D","0","Y","A","01",1,0,0,0,0,0,0,0,0,"-","-","UNINCORPORATED","EL DORADO","CA",-120.91378,38.78862
"6669846",0,0,2014,"0900","4","6","2","01",0,8,"A",,,,,,1500,10,"B","C","A","GREEN VALLEY RD","STEVES WY",1056,"W","N","2014-12-19",9245,"2014-10-18",1420,"17089",,"2","9","0","2",,"2","011","-","N",,0,0,,,0,,,,"Y",3,"A","-",23152,"E","N","A","H","-","A","D","0","Y","A","07",3,2,3,0,0,0,0,0,0,"-","-","UNINCORPORATED","EL DORADO","CA",-121.0605,38.71315
"6668100",-120.9094017,38.685618,2014,"0900","2","4","4","07",0,1,"A",,,,,,900,10,"B","C","A","RT 50","SHINGLE SPRINGS DR",1000,"E","N","2016-06-29",9245,"2014-10-09",835,"016363",,"1","9","0","1",,"2","120","-","Y","ED",3,50,"-","R",10.72,"H","-","E","Y",2,"A","-",21658,"A","N","A","H","-","A","D","1","Y","A","07",0,0,1,0,0,0,0,0,0,"-","-","UNINCORPORATED","EL DORADO","CA",-120.90977,38.68514
"6668096",-120.2786243,38.7771223,2014,"0900","2","4","3","01",0,3,"A",,,,"Y",,1500,7,"B","C","A","RT 50","34 MILE STONE",2640,"W","N","2016-05-11",9245,"2014-07-31",1300,"017935",,"1","9","0","1",,"1","170","-","Y","ED",3,50,"-","-",50,"H","-","W","Y",2,"A","-",23152,"E","N","A","H","-","A","D","0","Y","A","07",0,1,2,0,0,0,0,0,0,"-","-","UNINCORPORATED","EL DORADO","CA",-120.27346,38.77711
"6667804",-120.6773081,38.7341702,2014,"0900","5","4","3","09",0,6,"A",,,,,,2100,10,"D","C","A","SNOWS RD","ROOSEVELT AV",1584,"S","N","2014-12-18",9245,"2014-10-09",1815,"17604",,"2","9","0","3",,"2","004","-","N",,0,0,,,0,,,,"Y",2,"A","-",21804,"A","N","A","H","-","A","D","0","Y","A","08",0,4,2,0,0,0,0,0,0,"-","-","UNINCORPORATED","EL DORADO","CA",0,0
"6666772",-120.9691206,38.6583435,2014,"0900","4","5","3","07",0,4,"A","Y",,,,,1200,10,"C","C","F","CAMERON PARK DR","COACH LN",65,"N","N","2014-11-06",9245,"2014-10-24",1045,"017089",,"1","9","0","2",,"1","032","-","N",,0,0,,,0,,,,"Y",5,"A","-",21658,"A","N","A","H","-","A","A","0","Y","D","22",0,3,1,0,2,0,0,0,0,"-","-","UNINCORPORATED","EL DORADO","CA",-120.96979,38.65806
"6666181",-120.7763905,38.7529754,2014,"0900","4","7","4","08",0,3,"A",,,,,,1800,10,"E","I","A","MOSQUITO RD","HIGHLAND DR",260,"S","N","2014-12-16",9245,"2014-10-12",1730,"14956",,"2","9","0","2",,"1","023","-","N",,0,0,,,0,,,,"Y",1,"A","-",22107,,"N","A","H","-","A","D","0","Y","A","01",0,0,3,0,0,0,0,0,0,"-","-","UNINCORPORATED","EL DORADO","CA",-120.77639,38.75304
"6666173",0,0,2014,"0900","4","1","4","05",0,1,"A",,,,,,1200,10,"E","I","A","BUCKS BAR RD","MINI BAR TRL",1056,"S","N","2014-12-16",9245,"2014-10-13",1037,"13279",,"1","9","0","2",,"1","042","-","N",,0,0,,,0,,,,"Y",1,"A","-",21650,,"N","A","H","-","A","D","0","Y","A","01",0,0,1,0,0,0,0,0,0,"-","-","UNINCORPORATED","EL DORADO","CA",0,0
"6666169",-120.8140419,38.6946262,2014,"0900","3","3","4","12",0,1,"A",,,,,,1800,10,"D","C","A","RT 49","FOWLER LN",0,,"Y","2016-06-22",9245,"2014-10-08",1750,"17935",,"2","9","0","1",,"1","135","-","Y","ED",3,49,"-","-",11.805,"I","5","N","Y",2,"A","-",21453,"A","N","A","H","-","A","A","0","Y","A","01",0,0,1,0,0,0,0,0,0,"-","-","UNINCORPORATED","EL DORADO","CA",-120.81355,38.69444
"6666161",-120.572224,38.7354298,2014,"0900","4","3","4","18",0,1,"A",,,,,,2100,10,"A","H","A","SLY PARK RD","LAKEWOOD RD",50,"S","N","2014-12-16",9245,"2014-10-08",1855,"17935",,"2","9","0","2",,"1","043","-","N",,0,0,,,0,,,,"N",1,"C","-",0,,"N","A","H","-","D","D","0","Y","-","-",0,0,1,0,0,0,0,0,0,"-","-","UNINCORPORATED","EL DORADO","CA",0,0
"6665041",-120.7989919,38.7304801,2014,"0901","0","2","4","03",0,1,"A",,,,,,1200,9,"C","C","A","BEDFORD AV","RT 50",0,,"Y","2016-05-04",901,"2014-09-23",1056,"296","PPD","5","2","0","0",,"0","PP2","-","Y","ED",3,50,"-","-",18.04,"H","-","W","Y",2,"A","-",22350,,"N","A","H","-","A","A","0","Y","A","01",0,0,1,0,0,0,0,0,0,"-","-","PLACERVILLE","EL DORADO","CA",0,0
"6664673",0,0,2014,"0901","0","7","4","01",0,1,"A",,,,,"Y",300,10,"E","I","A","SACRAMENTO ST","GOOD VIEW CT",5,"N","N","2016-02-19",901,"2014-10-05",155,"289","0901","5","2","0","0",,"0","PP1","-","N",,0,0,,,0,,,,"Y",1,"A","-",23152,"A","N","A","H","-","C","D","0","Y","D","22",0,0,1,0,0,0,0,0,0,"-","-","PLACERVILLE","EL DORADO","CA",0,0
"6664665",-120.7810261,38.7367419,2014,"0901","0","6","3","05",0,2,"A",,,,,,2100,10,"E","I","A","CARSON RD","PARK AV",254,"E","N","2015-06-12",901,"2014-10-04",1930,"288","0901","5","2","0","0",,"0","PP2","-","N",,0,0,,,0,,,,"N",1,"A","-",21650,,"N","A","H","-","D","D","0","Y","-",,0,2,0,0,0,0,0,0,0,"-","-","PLACERVILLE","EL DORADO","CA",0,0
"6661879",-120.8462927,38.6440219,2014,"0900","5","7","2","01",0,2,"A",,,"Y",,"Y",2400,8,"E","I","A","DOLOMITE RD","PYRITE ST",3,"W","N","2014-10-23",9245,"2014-08-31",2325,"013405",,"3","9","0","3",,"2","004","-","N",,0,0,,,0,,,,"Y",1,"A","-",23152,"A","N","A","H","-","D","D","0","Y","C","02",2,0,0,0,0,0,0,0,2,"-","-","UNINCORPORATED","EL DORADO","CA",-120.84646,38.64407
"6661726",-120.0811981,38.9481579,2014,"0900","3","5","2","08",0,1,"A",,,"Y",,,1800,10,"E","I","A","RT 89","SUGAR PINE RD",1056,"S","N","2016-07-05",9246,"2014-10-10",1600,"015992",,"2","9","0","1",,"1","030","-","Y","ED",3,89,"-","-",14.43,"H","-","N","Y",1,"A","-",22107,,"N","A","H","-","A","D","0","Y","C","02",1,0,0,0,0,0,0,0,1,"-","-","UNINCORPORATED","EL DORADO","CA",-120.04726,38.56969
"6661722",-120.02947,38.8461991,2014,"0900","2","7","4","08",0,2,"A",,,,,,2100,10,"F","A","A","RT 50","CHIAPA DR",300,"E","N","2016-06-29",9246,"2014-10-05",1825,"017846",,"2","9","0","1",,"1","022","-","Y","ED",3,50,"-","-",70.1,"H","-","E","Y",1,"A","-",22107,,"N","A","H","-","B","D","0","Y","A","01",0,0,2,0,0,0,0,0,0,"-","-","UNINCORPORATED","EL DORADO","CA",-120.02976,38.84604
"6661691",-120.0372172,38.8855417,2014,"0900","4","3","4","08",0,1,"A",,,,,,900,10,"E","I","A","LAKE TAHOE BL","VIEW CIR",375,"W","N","2014-12-12",9246,"2014-10-01",850,"14478",,"1","9","0","2",,"1","025","-","N",,0,0,,,0,,,,"Y",1,"A","-",22107,,"N","A","H","-","A","D","0","Y","A","07",0,0,1,0,0,0,0,0,0,"-","-","UNINCORPORATED","EL DORADO","CA",-120.03422,38.87824
"6660399",-120.1173146,39.0311883,2014,"0900","3","5","3","03",0,2,"B",,,,,,300,9,"F","A","A","RT 89","MEEKS BAY AV",528,"S","N","2016-04-25",9246,"2014-09-26",240,"018629",,"3","9","0","1",,"1","031","-","Y","ED",3,89,"-","-",24.13,"H","-","N","Y",2,"A","-",22350,,"N","B","H","-","D","D","0","Y","A","07",0,2,0,0,0,0,0,0,0,"-","-","UNINCORPORATED","EL DORADO","CA",-120.11643,39.03247
"6660387",-120.1102665,38.9548483,2014,"0900","3","7","4","03",0,2,"A",,,"Y",,,1800,10,"C","C","A","RT 89","EAGLE FALLS TRLHD",1584,"S","N","2016-07-05",9246,"2014-10-12",1535,"014471",,"2","9","0","1",,"1","030","-","Y","ED",3,89,"-","-",16.8,"H","-","S","Y",2,"A","-",22350,,"N","A","H","-","A","D","0","Y","C","02",0,0,2,0,0,0,0,0,2,"-","-","UNINCORPORATED","EL DORADO","CA",-120.06513,38.56894
"6657985",-120.6768813,38.7347141,2014,"0900","2","5","3","07",0,2,"A",,,,,,900,10,"E","I","A","RT 50","RIDGEWAY DR",500,"W","N","2016-06-23",9245,"2014-10-03",807,"12382",,"1","9","0","1",,"2","140","-","Y","ED",3,50,"-","R",27.82,"H","-","W","Y",1,"A","-",21658,"A","N","A","H","-","A","A","1","Y","A","07",0,1,1,0,0,0,0,0,0,"-","-","UNINCORPORATED","EL DORADO","CA",-120.6219,38.74749
"6657615",-120.884623,38.7947052,2014,"0900","3","7","3","01",0,1,"A",,,,,"Y",2100,9,"E","I","A","RT 49","WESTAR CT",528,"N","N","2016-05-03",9245,"2014-09-14",1900,"015563",,"2","9","0","1",,"1","115","-","Y","ED",3,49,"-","-",22.5,"H","-","S","Y",1,"A","-",23152,"A","N","A","H","-","B","D","0","Y","D","22",0,1,0,0,0,0,0,0,0,"-","-","UNINCORPORATED","EL DORADO","CA",-120.88453,38.79418
"6653054",-120.9345712,38.7036293,2014,"0900","4","4","4","08",0,1,"B",,,,,,1200,9,"E","I","A","NORTH SHINGLE RD","HIDDEN LN",10,"S","N","2014-10-28",9245,"2014-09-25",1000,"015609",,"1","9","0","2",,"1","013","C","N",,0,0,,,0,,,,"Y",1,"A","-",22107,,"N","B","H","-","A","D","0","Y","A","01",0,0,1,0,0,0,0,0,0,"-","-","UNINCORPORATED","EL DORADO","CA",-120.9344,38.70328
"6652689",-120.949234,38.6580953,2014,"0900","5","1","4","03",0,3,"A",,,,,,1500,9,"C","C","A","DUROCK RD","PRODUCT DR",275,"E","N","2014-12-11",9245,"2014-09-29",1345,"13463",,"1","9","0","3",,"2","003","-","N",,0,0,,,0,,,,"Y",2,"A","-",22350,,"N","A","H","-","A","D","0","Y","D","22",0,0,3,0,0,0,0,0,0,"-","-","UNINCORPORATED","EL DORADO","CA",-120.94927,38.65811
"6652688",-120.9869792,38.6572758,2014,"0900","2","3","4","03",0,1,"A",,,,,,600,10,"E","I","A","RT 50","CAMBRIDGE RD",3215,"E","N","2016-06-29",9245,"2014-10-01",540,"012833",,"3","9","0","1",,"2","110","-","Y","ED",3,50,"-","-",5.57,"H","-","W","Y",1,"A","-",22350,,"N","A","H","-","D","D","1","Y","D","22",0,0,1,0,0,0,0,0,0,"-","-","UNINCORPORATED","EL DORADO","CA",-120.98651,38.65732
"6652687",-121.071923,38.6568251,2014,"0900","4","5","3","12",0,1,"A",,,,,,1500,9,"D","C","A","EL DORADO HILLS BL","PARK DR",0,,"Y","2014-10-17",9245,"2014-09-26",1240,"015609",,"1","9","0","2",,"2","012","-","N",,0,0,,,0,,,,"Y",2,"A","-",21453,"A","N","A","H","-","A","A","0","Y","A","01",0,1,0,0,0,0,0,0,0,"-","-","UNINCORPORATED","EL DORADO","CA",-121.0715,38.65689
"6651666",-120.8201537,38.6935882,2014,"0900","3","2","4","03",0,1,"A",,,,,,1500,9,"C","C","A","RT 49","SILVER DR",49,"S","N","2016-05-03",9245,"2014-09-30",1433,"013603",,"2","9","0","1",,"1","135","-","Y","ED",3,49,"-","-",11.46,"H","-","S","Y",2,"A","-",22350,,"N","A","H","-","A","A","0","Y","A","07",0,0,1,0,0,0,0,0,0,"-","-","UNINCORPORATED","EL DORADO","CA",0,0
"6651662",-121.0781781,38.7132194,2014,"0900","4","1","4","08",0,1,"A",,,,,,1200,9,"E","I","A","SALMON FALLS RD","OAK CREEK CT",54,"S","N","2014-10-21",9245,"2014-09-22",1102,"013603",,"1","9","0","2",,"2","012","-","N",,0,0,,,0,,,,"Y",1,"A","-",22107,,"N","A","H","-","A","A","0","Y","A","07",0,0,1,0,0,0,0,0,0,"-","-","UNINCORPORATED","EL DORADO","CA",0,0
"6651646",-120.9588013,38.827427,2014,"0900","3","7","3","18",0,1,"A",,,"Y",,,900,9,"E","H","A","RT 49","GREENWOOD CRK",260,"N","N","2016-05-03",9245,"2014-09-21",625,"013839",,"1","9","0","1",,"1","115","-","Y","ED",3,49,"-","-",26.89,"H","-","N","Y",1,"C","-",0,,"N","A","H","-","B","D","0","Y","-","-",0,1,0,0,0,0,0,0,1,"-","-","UNINCORPORATED","EL DORADO","CA",0,0
"6651634",-120.4188479,38.7750352,2014,"0900","2","4","3","03",0,1,"C",,,,,,2100,9,"F","A","A","RT 50","WHITEHALL BLUFFS RD",4224,"W","N","2016-05-11",9245,"2014-09-25",1900,"016465",,"2","9","0","1",,"1","160","-","Y","ED",3,50,"-","-",41.48,"H","-","W","Y",1,"A","-",22350,,"N","B","H","-","B","D","0","Y","A","07",0,1,0,0,0,0,0,0,0,"-","-","UNINCORPORATED","EL DORADO","CA",0,0