"CASEID","POINT_X","POINT_Y","YEAR_","LOCATION","CHPTYPE","DAYWEEK","CRASHSEV","VIOLCAT","KILLED","INJURED","WEATHER1","PEDCOL","BICCOL","MCCOL","TRUCKCOL","ETOH","TIMECAT","MONTH_","CRASHTYP","INVOLVE","PED","PRIMARYRD","SECONDRD","DISTANCE","DIRECT","INTERSECT_","PROCDATE","JURIS","DATE_","TIME_","BADGE","JURIDIST","SHIFT","POP","SPECIAL","BEATTYPE","LAPDDIV","BEATCLAS","BEATNUMB","WEATHER2","STATEHW","CALTRANC","CALTRAND","STROUTE","ROUTESUF","POSTPRE","POSTMILE","LOCATYPE","RAMP","SIDEHW","TOWAWAY","PARTIES","PCF","VIOLCODE","VIOL","VIOLSUB","HITRUN","ROADSURF","RDCOND1","RDCOND2","LIGHTING","RIGHTWAY","CHPRDTYP","NOTPRIV","STFAULT","CHPFAULT","SEVINJ","OTHERINJ","COP","PEDKILL","PEDINJ","BICKILL","BICINJ","MCKILL","MCINJURE","RAMP1","RAMP2","CITY","COUNTY","STATE","X_CHP","Y_CHP"
"6651380",-120.7873931,38.6900751,2014,"0900","4","2","4","03",0,1,"A",,,,,,1500,9,"C","C","A","PLEASANT VALLEY RD","BIG CUT RD",0,,"Y","2014-10-16",9245,"2014-09-23",1201,"013463",,"1","9","0","2",,"1","041","-","N",,0,0,,,0,,,,"Y",3,"A","-",22350,,"N","A","H","-","A","D","0","Y","D","22",0,0,1,0,0,0,0,0,0,"-","-","UNINCORPORATED","EL DORADO","CA",-120.78751,38.69008
"6651376",-120.942653,38.6613652,2014,"0900","2","7","4","11",0,1,"A","Y",,,,,600,9,"B","B","D","RT 50","PONDEROSA RD",500,"W","N","2016-05-11",9245,"2014-09-28",445,"017935",,"3","9","0","1",,"2","110","-","Y","ED",3,50,"-","R",8.378,"R","2","E","N",2,"A","-",21954,"A","N","A","H","-","D","D","1","Y","N","60",0,0,1,0,1,0,0,0,0,"-","-","UNINCORPORATED","EL DORADO","CA",0,0
"6651364",-120.8922728,38.801245,2014,"0900","3","5","4","03",0,1,"A",,,"Y",,,1800,9,"C","C","A","RT 49","MOUNT MURPHY RD",80,"N","N","2016-05-03",9245,"2014-09-26",1710,"018240",,"2","9","0","1",,"1","115","-","Y","ED",3,49,"-","-",23.22,"H","-","S","Y",3,"A","-",22350,,"N","A","H","-","-","D","0","Y","A","07",0,0,1,0,0,0,0,0,1,"-","-","UNINCORPORATED","EL DORADO","CA",-120.89202,38.80102
"6651100",-121.0159786,38.8943469,2014,"0900","3","6","4","09",0,3,"A",,,,,,1200,9,"A","C","A","RT 49","AARON COOL DR",0,,"Y","2016-05-03",9245,"2014-09-13",950,"015609",,"1","9","0","1",,"1","115","-","Y","ED",3,49,"-","-",35.01,"H","-","S","Y",2,"A","-",21801,"A","N","A","H","-","A","D","0","Y","A","01",0,0,3,0,0,0,0,0,0,"-","-","UNINCORPORATED","EL DORADO","CA",-121.01578,38.89186
"6651096",-120.8120115,38.703241,2014,"0900","5","7","4","08",0,1,"A",,,"Y",,,1500,9,"E","I","A","RT 49","BRADLEY DR",250,"N","N","2016-05-03",9245,"2014-09-14",1315,"015459",,"1","9","0","3",,"2","003","-","Y","ED",3,49,"-","-",12.5,"H","-","S","N",1,"A","-",22107,,"N","A","H","-","A","D","0","Y","C","02",0,0,1,0,0,0,0,0,1,"-","-","UNINCORPORATED","EL DORADO","CA",-120.81243,38.7037
"6651067",-120.9106097,38.7137551,2014,"0900","4","6","4","08",0,1,"A",,,"Y",,,1800,9,"F","A","A","GREEN VALLEY RD","BLEND O GREEN WY",50,"E","N","2014-10-10",9245,"2014-09-13",1540,"017728",,"2","9","0","2",,"2","011","-","N",,0,0,,,0,,,,"Y",1,"A","-",22107,,"N","A","H","-","A","D","0","Y","C","02",0,0,1,0,0,0,0,0,1,"-","-","UNINCORPORATED","EL DORADO","CA",-120.86931,38.70056
"6649135",-120.7668614,38.730557,2014,"0900","2","4","4","18",0,1,"A",,,,,,900,9,"A","H","A","RT 50","SCHNELL SCHOOL RD",4224,"E","N","2016-05-11",9245,"2014-09-18",715,"016465",,"1","9","0","1",,"2","140","-","Y","ED",3,50,"-","-",19.95,"H","-","W","Y",1,"C","-",0,,"N","A","H","-","A","D","1","Y","-","-",0,0,1,0,0,0,0,0,0,"-","-","UNINCORPORATED","EL DORADO","CA",-120.76746,38.73089
"6648964",-120.925323,38.768865,2014,"0900","4","7","4","09",0,1,"A",,,,,,1500,10,"B","C","A","LOTUS RD","LUNEMAN RD",0,,"Y","2014-11-24",9245,"2014-10-05",1400,"013929",,"2","9","0","2",,"1","013","-","N",,0,0,,,0,,,,"Y",2,"A","-",21801,"B","N","A","H","-","A","D","0","Y","A","01",0,0,1,0,0,0,0,0,0,"-","-","UNINCORPORATED","EL DORADO","CA",-120.92545,38.76886
"6647347",-120.9385398,38.6668682,2014,"0900","4","3","3","05",0,1,"A",,,"Y",,,900,8,"E","I","A","PONDEROSA RD","WILD CHAPARRAL DR",1056,"N","N","2014-10-16",9245,"2014-08-13",710,"017935",,"1","9","0","2",,"1","013","-","N",,0,0,,,0,,,,"Y",1,"A","-",21650,,"N","A","H","-","A","D","0","Y","C","02",0,1,0,0,0,0,0,0,1,"-","-","UNINCORPORATED","EL DORADO","CA",0,0
"6647343",-120.4666868,38.9456828,2014,"0900","5","6","2","05",0,1,"A",,,"Y",,,2100,8,"F","J","A","WENTWORTH SPRINGS RD","HELIX FLAT AV",6864,"N","N","2014-10-16",9245,"2014-08-30",1830,"013028",,"2","9","0","3",,"2","002","-","N",,0,0,,,0,,,,"Y",1,"A","-",21650,,"N","A","H","-","A","D","0","Y","C","02",1,0,0,0,0,0,0,0,1,"-","-","UNINCORPORATED","EL DORADO","CA",0,0
"6647288",-121.0437891,38.7617042,2014,"0900","4","5","2","01",0,2,"A",,,,,"Y",900,8,"F","I","A","SALMON FALLS RD","HIDDEN BRIDGE RD",500,"N","N","2014-10-16",9245,"2014-08-22",826,"017935",,"1","9","0","2",,"2","012","-","N",,0,0,,,0,,,,"Y",1,"A","-",23152,"A","N","A","H","-","A","D","0","Y","A","01",2,0,0,0,0,0,0,0,0,"-","-","UNINCORPORATED","EL DORADO","CA",0,0
"6647266",0,0,2014,"0900","4","4","3","03",0,9,"A",,,,,,1800,9,"C","C","A","MISSOURI FLAT RD","FIELDSTONE DR",0,,"Y","2014-10-20",9245,"2014-09-18",1635,"015609",,"2","9","0","2",,"2","011","-","N",,0,0,,,0,,,,"Y",3,"A","-",22350,,"N","A","H","-","A","D","0","Y","A","01",0,5,4,0,0,0,0,0,0,"-","-","UNINCORPORATED","EL DORADO","CA",-120.8637,38.71856
"6647262",-120.8368046,38.7160728,2014,"0900","2","3","4","07",0,1,"A",,,,,,1200,9,"B","C","A","RT 50","PLACERVILLE DR",1000,"E","N","2016-05-11",9245,"2014-09-24",910,"016363",,"1","9","0","1",,"2","120","-","Y","ED",3,50,"-","-",15.5,"H","-","W","Y",2,"A","-",21658,"A","N","A","H","-","A","D","1","Y","A","01",0,0,1,0,0,0,0,0,0,"-","-","UNINCORPORATED","EL DORADO","CA",-120.83639,38.71875
"6645951",-120.7190018,38.9429969,2014,"0900","5","6","2","03",0,1,"B",,,"Y",,,1500,9,"E","I","A","WENTWORTH SPRINGS RD","VOLCANOVILLE RD",1056,"E","N","2014-10-08",9245,"2014-09-27",1350,"015609",,"1","9","0","3",,"2","002","-","N",,0,0,,,0,,,,"Y",1,"A","-",22350,,"N","A","H","-","A","D","0","Y","C","02",1,0,0,0,0,0,0,0,1,"-","-","UNINCORPORATED","EL DORADO","CA",-120.71689,38.94214
"6645947",-121.0034919,38.6979758,2014,"0900","4","1","3","05",0,1,"A",,"Y",,,,900,9,"A","G","A","GREEN VALLEY RD","CAMBRIDGE RD",15,"E","N","2014-10-08",9245,"2014-09-29",710,"013929",,"1","9","0","2",,"2","011","-","N",,0,0,,,0,,,,"N",2,"A","-",21650,"1","N","A","-","-","A","A","0","Y","L","04",0,1,0,0,0,0,1,0,0,"-","-","UNINCORPORATED","EL DORADO","CA",-121.00352,38.69675
"6645786",-120.818773,38.803904,2014,"0900","3","3","3","05",0,2,"A",,,,,,900,8,"B","I","A","RT 193"," RT 193 9381",25,"N","N","2016-04-25",9245,"2014-08-20",728,"017935",,"1","9","0","1",,"1","122","-","Y","ED",3,193,"-","-",20.08,"H","-","W","N",1,"A","-",21650,,"N","A","H","-","A","D","0","Y","D","22",0,1,1,0,0,0,0,0,0,"-","-","UNINCORPORATED","EL DORADO","CA",0,0
"6645782",-120.8646611,38.8368407,2014,"0900","5","6","2","18",0,1,"A","Y",,,,,1200,8,"G","B","E","BEE HIVE CT","BEE HIVE DR",25,"E","N","2014-10-20",9245,"2014-08-16",910,"017935",,"1","9","0","3",,"2","002","-","N",,0,0,,,0,,,,"N",2,"C","-",0,,"N","A","H","-","A","D","0","Y","-","-",1,0,0,0,1,0,0,0,0,"-","-","UNINCORPORATED","EL DORADO","CA",0,0
"6645525",-120.8313047,38.7546474,2014,"0900","3","2","3","01",0,1,"A",,,,,"Y",2400,9,"E","I","A","RT 49","HAPA LN",525,"S","N","2016-05-03",9245,"2014-09-02",2125,"013405",,"2","9","0","1",,"1","115","-","Y","ED",3,49,"-","-",17.4,"H","-","N","Y",1,"A","-",23152,"A","N","D","A","-","D","D","0","Y","A","01",0,1,0,0,0,0,0,0,0,"-","-","UNINCORPORATED","EL DORADO","CA",-120.828,38.7542
"6645321",-120.9834451,38.6615491,2014,"0900","5","3","4","01",0,1,"A",,,,,,300,9,"E","I","A","HEIGHTS DR","TOPAZ DR",180,"W","N","2014-10-15",9245,"2014-09-24",234,"018466",,"3","9","0","3",,"2","001","-","N",,0,0,,,0,,,,"Y",1,"A","-",23152,"A","N","A","H","-","C","D","0","Y","D","22",0,0,1,0,0,0,0,0,0,"-","-","UNINCORPORATED","EL DORADO","CA",-120.98358,38.66099
"6644255",-120.4558347,38.7739624,2014,"0900","5","4","3","03",0,2,"A",,,,,,300,9,"E","I","A","ICE HOUSE RD","WHITE MEADOW RD",19,"N","N","2014-10-14",9245,"2014-09-25",255,"17604",,"3","9","0","3",,"2","002","-","N",,0,0,,,0,,,,"Y",1,"A","-",22350,,"N","B","H","-","D","D","0","Y","J","48",0,2,0,0,0,0,0,0,0,"-","-","UNINCORPORATED","EL DORADO","CA",-120.45585,38.7741
"6643017",-120.8867543,38.6758588,2014,"0900","5","6","4","08",0,1,"A",,,"Y",,,1500,10,"F","A","A","GREENSTONE RD","GREENSTONE CUTOFF",5,"N","N","2014-11-14",9245,"2014-10-04",1200,"017728",,"1","9","0","3",,"2","003","-","N",,0,0,,,0,,,,"Y",1,"A","-",22107,,"N","A","H","-","A","D","0","Y","C","02",0,0,1,0,0,0,0,0,1,"-","-","UNINCORPORATED","EL DORADO","CA",-120.8866,38.67596
"6642178",-120.947211,38.6293467,2014,"0900","4","5","2","01",0,1,"A",,,,,"Y",2400,9,"E","I","A","SOUTH SHINGLE RD","STAMPEDE LN",415,"N","N","2014-10-06",9245,"2014-09-05",2159,"015607",,"2","9","0","2",,"1","032","-","N",,0,0,,,0,,,,"Y",1,"A","-",23152,"A","N","A","H","-","D","D","0","Y","A","01",1,0,0,0,0,0,0,0,0,"-","-","UNINCORPORATED","EL DORADO","CA",-120.5651,38.3745
"6640952",-120.0431924,38.9056084,2014,"0900","5","6","3","01",0,1,"A",,,,,"Y",1500,9,"E","I","A","TAHOE MTN RD","FALLEN LEAF RD",450,"S","N","2014-12-10",9246,"2014-09-20",1305,"15992",,"1","9","0","3",,"2","300","-","N",,0,0,,,0,,,,"Y",1,"A","-",23152,"A","N","A","H","-","A","D","0","Y","D","22",0,1,0,0,0,0,0,0,0,"-","-","UNINCORPORATED","EL DORADO","CA",0,0
"6640920",-120.0670329,38.9349753,2014,"0900","3","2","4","03",0,1,"A",,,,"Y",,900,9,"F","A","A","RT 89","BALDWIN BEACH RD",500,"N","N","2016-04-25",9246,"2014-09-09",845,"10056",,"1","9","0","1",,"1","030","-","Y","ED",3,89,"-","-",12.67,"H","-","S","Y",1,"A","-",22350,,"N","A","H","-","A","A","0","Y","F","27",0,0,1,0,0,0,0,0,0,"-","-","UNINCORPORATED","EL DORADO","CA",-120.06638,38.93492
"6640829",-120.707598,38.7370508,2014,"0900","4","4","3","09",0,1,"A",,"Y",,,,2100,9,"D","G","A","CARSON RD","RT 50",0,,"Y","2016-05-11",9245,"2014-09-18",1810,"16465",,"2","9","0","2",,"1","024","-","Y","ED",3,50,"-","-",23.4,"I","6","W","N",2,"A","-",21801,"A","N","A","H","-","B","A","1","Y","D","22",0,1,0,0,0,0,1,0,0,"-","-","UNINCORPORATED","EL DORADO","CA",-120.69662,38.7408
"6640661",-121.065493,38.6477951,2014,"0900","5","3","2","09",0,1,"A",,,"Y",,,1500,8,"D","C","A","WHITE ROCK RD","MONTE VERDE DR",0,,"Y","2014-10-09",9245,"2014-08-27",1235,"015609",,"1","9","0","3",,"2","003","-","N",,0,0,,,0,,,,"Y",2,"A","-",21802,"B","N","A","H","-","A","A","0","Y","C","02",1,0,0,0,0,0,0,0,1,"-","-","UNINCORPORATED","EL DORADO","CA",-121.06603,38.64754
"6640507",-120.8500857,38.5970792,2014,"0900","3","1","3","01",0,1,"A",,,,,"Y",2400,9,"E","I","A","RT 49","UNION MINE RD",2640,"N","N","2016-05-03",9245,"2014-09-22",2245,"015262",,"3","9","0","1",,"1","135","-","Y","ED",3,49,"-","-",3.37,"H","-","S","Y",1,"A","-",23152,"A","N","A","H","-","D","D","0","Y","A","01",0,1,0,0,0,0,0,0,0,"-","-","UNINCORPORATED","EL DORADO","CA",-120.511,38.362
"6640503",-120.8881233,38.6824072,2014,"0900","5","4","4","03",0,1,"C",,,,,,1500,9,"E","I","A","GREENSTONE RD","STUDEBAKER RD",120,"S","N","2014-10-13",9245,"2014-09-25",1245,"018240",,"1","9","0","3",,"2","003","-","N",,0,0,,,0,,,,"Y",1,"A","-",22350,,"N","B","H","-","A","D","0","Y","A","01",0,0,1,0,0,0,0,0,0,"-","-","UNINCORPORATED","EL DORADO","CA",-120.88748,38.68108
"6640499",-120.724343,38.5622851,2014,"0900","4","6","3","01",0,1,"A",,,,,"Y",300,9,"E","I","A","MOUNT AUKUM RD","OMO RANCH RD",0,"N","N","2014-10-13",9245,"2014-09-13",209,"015607",,"3","9","0","2",,"1","042","-","N",,0,0,,,0,,,,"Y",1,"A","-",23152,"A","N","A","H","-","D","D","0","Y","A","01",0,1,0,0,0,0,0,0,0,"-","-","UNINCORPORATED","EL DORADO","CA",-120.7242,38.5625
"6640491",-120.9813297,38.6783936,2014,"0900","4","4","4","03",0,1,"A",,,,,,1500,9,"C","A","A","CAMERON PARK DR","MEDER RD",125,"S","N","2014-10-13",9245,"2014-09-11",1210,"016629",,"1","9","0","2",,"1","015","-","N",,0,0,,,0,,,,"Y",2,"A","-",22350,,"N","A","H","-","A","D","0","Y","A","07",0,0,1,0,0,0,0,0,0,"-","-","UNINCORPORATED","EL DORADO","CA",-120.98112,38.67801
"6638276",-120.8686179,38.6807317,2014,"0900","4","2","4","09",0,2,"A",,,,"Y",,1500,9,"B","D","A","PLEASANT VALLEY RD","MOTHER LODE DR",189,"E","N","2014-11-18",9245,"2014-09-23",1305,"013279",,"1","9","0","2",,"1","037","-","N",,0,0,,,0,,,,"Y",2,"A","-",21804,"A","N","A","H","-","A","A","0","Y","A","01",0,0,2,0,0,0,0,0,0,"-","-","UNINCORPORATED","EL DORADO","CA",-120.86901,38.6807
"6638274",-121.0102545,38.5878357,2014,"0900","4","6","3","08",0,1,"A",,,"Y",,,1500,9,"F","A","A","LATROBE RD","SUNRIDGE MEADOW RD",400,"N","N","2014-10-20",9245,"2014-09-13",1340,"016363",,"1","9","0","2",,"2","031","-","N",,0,0,,,0,,,,"Y",2,"A","-",22107,,"N","A","H","-","A","D","0","Y","C","02",0,1,0,0,0,0,0,0,1,"-","-","UNINCORPORATED","EL DORADO","CA",-121.01093,38.58832
"6637505",-120.7709823,38.7330058,2014,"0901","0","5","2","03",0,4,"A",,,,,,2400,9,"C","C","A","BROADWAY DR","SMITH FLAT RD",100,"E","N","2014-11-04",901,"2014-09-12",2128,"296","0901","5","2","0","0",,"0","PP2","-","N",,0,0,,,0,,,,"Y",2,"A","-",22350,,"F","A","H","-","D","D","0","Y","A","01",1,3,0,0,0,0,0,0,0,"-","-","PLACERVILLE","EL DORADO","CA",0,0
"6633017",-120.9778231,38.6707351,2014,"0900","4","7","3","09",0,2,"A",,,,,,2100,9,"D","C","A","CAMERON PARK DR","EL DORADO ROYALE DR",0,,"Y","2014-11-05",9245,"2014-09-07",1955,"013929",,"2","9","0","2",,"1","015","-","N",,0,0,,,0,,,,"Y",2,"A","-",21802,"A","N","A","H","-","D","A","0","Y","D","22",0,2,0,0,0,0,0,0,0,"-","-","UNINCORPORATED","EL DORADO","CA",0,0
"6629363",-120.7324749,38.6830638,2014,"0900","4","4","4","03",0,1,"A",,,,,,900,9,"C","C","A","PLEASANT VALLEY RD","GOLD DUST DR",50,"E","N","2015-05-19",9245,"2014-09-04",830,"012382",,"1","9","0","2",,"1","041","-","N",,0,0,,,0,,,,"Y",4,"A","-",22350,,"N","A","H","-","A","A","0","Y","A","01",0,0,1,0,0,0,0,0,0,"-","-","UNINCORPORATED","EL DORADO","CA",-120.7324,38.68296
"6628965",0,0,2014,"0900","4","6","3","21",0,1,"A",,"Y",,,,1500,8,"H","G","A","FALLEN LEAF RD","RT 89",5280,"W","N","2015-12-21",9246,"2014-08-30",1200,"018269",,"1","9","0","2",,"1","032","-","N",,0,0,,,0,,,,"N",2,"A","-",22106,,"N","A","H","-","A","D","0","Y","A","07",0,1,0,0,0,0,1,0,0,"-","-","UNINCORPORATED","EL DORADO","CA",-120.04593,38.91976
"6628677",-120.9370642,38.7126793,2014,"0900","4","5","4","18",0,1,"A",,,,,,900,9,"H","H","A","NORTH SHINGLE RD","GREEN VALLEY RD",1056,"S","N","2014-10-30",9245,"2014-09-05",625,"015609",,"1","9","0","2",,"1","013","-","N",,0,0,,,0,,,,"Y",1,"C","-",0,,"N","A","-","-","A","D","0","Y","-","-",0,0,1,0,0,0,0,0,0,"-","-","UNINCORPORATED","EL DORADO","CA",0,0
"6628669",-120.9689728,38.655027,2014,"0900","5","5","2","01",0,2,"A",,,,,"Y",300,9,"E","I","A","DUROCK RD","ROBIN LN",411,"S","N","2014-10-30",9245,"2014-09-05",205,"018466",,"3","9","0","3",,"2","003","-","N",,0,0,,,0,,,,"Y",1,"A","-",23152,"A","N","A","H","-","D","D","0","Y","A","01",1,1,0,0,0,0,0,0,0,"-","-","UNINCORPORATED","EL DORADO","CA",-120.96898,38.65516
"6627785",-120.9092421,38.6862289,2014,"0900","2","3","4","01",0,1,"A",,,,,"Y",600,9,"E","I","A","RT 50","SHINGLE SPRINGS DR",2215,"E","N","2016-05-11",9245,"2014-09-10",327,"012833",,"3","9","0","1",,"2","120","-","Y","ED",3,50,"-","R",10.78,"H","-","W","Y",1,"A","-",23152,"A","N","A","H","-","D","D","1","Y","A","01",0,0,1,0,0,0,0,0,0,"-","-","UNINCORPORATED","EL DORADO","CA",-120.90999,38.68527
"6625418",-120.1233964,38.8068525,2014,"0900","2","5","3","03",0,1,"A",,,"Y",,,1500,9,"F","A","A","RT 50","TWIN BRIDGES TRACT RD",240,"S","N","2016-05-11",9246,"2014-09-05",1430,"018629",,"2","9","0","1",,"1","020","-","Y","ED",3,50,"-","-",60.23,"H","-","E","Y",1,"A","-",22350,,"N","A","H","-","A","D","0","Y","C","02",0,1,0,0,0,0,0,0,1,"-","-","UNINCORPORATED","EL DORADO","CA",-120.07396,38.48332
"6625414",0,0,2014,"0900","4","1","3","00",0,1,"A",,"Y",,,,1500,9,"F","A","A","FALLEN LEAF RD","FALLEN LEAF CMPGRND",3168,"W","N","2014-10-20",9246,"2014-09-01",1220,"014478",,"1","9","0","2",,"1","032","-","N",,0,0,,,0,,,,"N",1,"D","-",0,,"N","A","H","-","A","D","0","Y","-","-",0,1,0,0,0,0,1,0,0,"-","-","UNINCORPORATED","EL DORADO","CA",-120.04585,38.91958
"6625410",-120.0442394,38.9065083,2014,"0900","4","3","4","03",0,1,"A",,"Y",,,,2100,9,"F","A","A","FALLEN LEAF RD","TAHOE MOUNTAIN RD",15,"E","N","2014-10-07",9246,"2014-09-03",1805,"018418",,"2","9","0","2",,"1","032","-","N",,0,0,,,0,,,,"N",1,"A","-",22350,,"N","A","B","-","A","D","0","Y","L","04",0,0,1,0,0,0,1,0,0,"-","-","UNINCORPORATED","EL DORADO","CA",-120.02065,38.54397
"6625125",-120.7291629,38.675055,2014,"0900","5","5","4","03",0,1,"A",,,,,,1800,9,"C","C","A","BUCKS BAR RD","SPRINGER RD",0,,"Y","2014-11-04",9245,"2014-09-05",1545,"012382",,"2","9","0","3",,"2","004","-","N",,0,0,,,0,,,,"Y",3,"A","-",22350,,"N","A","H","-","A","A","0","Y","D","22",0,0,1,0,0,0,0,0,0,"-","-","UNINCORPORATED","EL DORADO","CA",-120.72913,38.67515
"6624909",-120.4193213,38.7827226,2014,"0900","4","2","3","05",0,1,"A",,,"Y",,,1500,8,"E","I","A","ICE HOUSE RD","RT 50",17424,"N","N","2014-09-24",9245,"2014-08-26",1330,"013279",,"1","9","0","2",,"1","026","-","N",,0,0,,,0,,,,"Y",1,"A","-",21650,,"N","A","H","-","A","D","0","Y","C","02",0,1,0,0,0,0,0,0,1,"-","-","UNINCORPORATED","EL DORADO","CA",0,0
"6624575",-120.8717532,38.6993259,2014,"0900","2","5","2","01",0,2,"A",,,,,"Y",2400,9,"E","I","A","RT 50","GREENSTONE RD",5280,"E","N","2016-05-11",9245,"2014-09-12",2111,"17604",,"2","9","0","1",,"2","120","-","Y","ED",3,50,"-","R",13.13,"H","-","E","Y",1,"A","-",23152,"A","N","A","H","-","D","D","1","Y","A","01",1,0,1,0,0,0,0,0,0,"-","-","UNINCORPORATED","EL DORADO","CA",0,0
"6624000",-121.0192351,38.8760279,2014,"0900","3","5","4","09",0,1,"A",,,,,,1200,9,"D","C","A","RT 49","GRAND FIR CIR",0,,"Y","2016-05-03",9245,"2014-09-05",1120,"015609",,"1","9","0","1",,"1","115","-","Y","ED",3,49,"-","-",33.595,"I","5","N","Y",2,"A","-",21801,"A","N","A","H","-","A","D","0","Y","D","22",0,0,1,0,0,0,0,0,0,"-","-","UNINCORPORATED","EL DORADO","CA",-121.01949,38.87493
"6623996",-120.944626,38.6369443,2014,"0900","4","1","2","08",0,1,"A",,,,,,1500,9,"E","I","A","SOUTH SHINGLE RD","BYRD FOOTE DR",225,"S","N","2014-10-09",9245,"2014-09-01",1315,"015459",,"1","9","0","2",,"1","032","-","N",,0,0,,,0,,,,"N",1,"A","-",22107,,"N","A","H","-","A","D","0","Y","D","22",1,0,0,0,0,0,0,0,0,"-","-","UNINCORPORATED","EL DORADO","CA",-120.94458,38.63701
"6621391",-120.7280325,38.6749899,2014,"0900","4","7","4","18",0,3,"A",,,,,,2400,9,"E","I","A","BUCKS BAR RD","SPRINGER RD",330,"N","N","2014-11-06",9245,"2014-09-21",2135,"015262",,"2","9","0","2",,"1","042","-","N",,0,0,,,0,,,,"Y",1,"C","-",0,,"N","A","H","-","D","D","0","Y","-","-",0,0,3,0,0,0,0,0,0,"-","-","UNINCORPORATED","EL DORADO","CA",-120.731,38.6749
"6621387",-120.736073,38.7427912,2014,"0900","4","3","4","05",0,1,"A",,,,,,600,9,"E","I","A","CARSON RD","NORTH CANYON RD",1115,"W","N","2014-11-06",9245,"2014-09-17",315,"012833",,"3","9","0","2",,"1","024","-","N",,0,0,,,0,,,,"Y",1,"A","-",21650,,"N","A","H","-","D","D","0","Y","A","01",0,0,1,0,0,0,0,0,0,"-","-","UNINCORPORATED","EL DORADO","CA",-120.73563,38.74299
"6621375",-120.8159909,38.6943236,2014,"0900","5","2","3","08",0,2,"A",,,,,,2400,9,"E","I","A","ODD FELLOWS RD","LIME KILN RD",255,"S","N","2014-11-06",9245,"2014-09-09",2155,"015262",,"2","9","0","3",,"2","003","-","N",,0,0,,,0,,,,"Y",1,"A","-",22107,,"N","A","H","-","C","D","0","Y","A","01",0,2,0,0,0,0,0,0,0,"-","-","UNINCORPORATED","EL DORADO","CA",-120.8161,38.6953
"6621367",-120.8765531,38.6763051,2014,"0900","4","6","4","03",0,2,"A",,,,,,1200,9,"C","C","A","MOTHER LODE DR","KINGVALE RD",0,,"Y","2014-11-06",9245,"2014-09-06",1050,"017089",,"1","9","0","2",,"1","039","-","N",,0,0,,,0,,,,"Y",2,"A","-",22350,,"N","A","H","-","A","D","0","Y","A","07",0,0,2,0,0,0,0,0,0,"-","-","UNINCORPORATED","EL DORADO","CA",-120.87669,38.67622
"6621363",0,0,2014,"0900","5","6","2","05",0,1,"A",,,"Y",,,1500,9,"F","J","A","WENTWORTH SPRINGS RD","WENTWORTH SPRINGS BRIDGE #25C0049",54,"W","N","2014-11-06",9245,"2014-09-06",1205,"018624","9245","1","9","0","3",,"2","004","-","N",,0,0,,,0,,,,,1,"A","-",21650,,"N","A","H","-","A","D","0","Y","C","02",1,0,0,0,0,0,0,0,1,"-","-","UNINCORPORATED","EL DORADO","CA",-120.60345,38.90512
"6620966",-120.395316,38.7741252,2014,"0900","2","2","4","05",0,1,"A",,,,,,900,9,"F","A","A","RT 50","ICE HOUSE RD",15840,"E","N","2016-05-11",9245,"2014-09-02",735,"013279",,"1","9","0","1",,"1","160","-","Y","ED",3,50,"-","-",42.83,"H","-","W","Y",1,"A","-",21650,,"N","A","H","-","A","A","0","Y","A","01",0,0,1,0,0,0,0,0,0,"-","-","UNINCORPORATED","EL DORADO","CA",0,0
"6620815",-120.9749997,38.6593013,2014,"0900","2","5","3","03",0,1,"A",,,"Y",,,1800,8,"C","C","A","RT 50","CAMERON PARK DR",1056,"W","N","2016-05-11",9245,"2014-08-29",1615,"15609",,"2","9","0","1",,"2","120","-","Y","ED",3,50,"-","-",6.33,"H","-","E","Y",2,"A","-",22350,,"N","A","H","-","A","D","1","Y","C","02",0,1,0,0,0,0,0,0,1,"-","-","UNINCORPORATED","EL DORADO","CA",-120.98132,38.65839
"6620648",-120.7291629,38.675055,2014,"0900","4","7","4","03",0,4,"A",,,,,,1200,8,"C","C","A","BUCKS BAR RD","SPRINGER RD",0,,"Y","2014-09-27",9245,"2014-08-31",1135,"013279",,"1","9","0","2",,"1","042","-","N",,0,0,,,0,,,,"Y",3,"A","-",22350,,"N","A","H","-","A","A","0","Y","A","07",0,0,4,0,0,0,0,0,0,"-","-","UNINCORPORATED","EL DORADO","CA",0,0
"6620647",-121.0223631,38.599965,2014,"0900","4","4","4","09",0,5,"A",,,,,,1500,8,"D","C","A","LATROBE RD","COTHRIN RANCH RD",0,,"Y","2014-09-19",9245,"2014-08-28",1415,"013463",,"2","9","0","2",,"2","031","-","N",,0,0,,,0,,,,"Y",2,"A","-",21801,"A","N","A","H","-","A","D","0","Y","A","01",0,0,5,0,0,0,0,0,0,"-","-","UNINCORPORATED","EL DORADO","CA",-121.02239,38.60069
"6620644",-120.7782771,38.7332383,2014,"0900","2","4","4","03",0,1,"A",,,,,,1800,8,"C","C","A","RT 50","SCHNELL SCHOOL RD",200,"E","N","2016-05-11",9245,"2014-08-28",1630,"012382",,"2","9","0","1",,"2","140","-","Y","ED",3,50,"-","-",19.19,"H","-","E","Y",3,"A","-",22350,,"N","A","D","-","A","A","1","Y","A","01",0,0,1,0,0,0,0,0,0,"-","-","UNINCORPORATED","EL DORADO","CA",-120.77695,38.73364