"CASEID","POINT_X","POINT_Y","YEAR_","LOCATION","CHPTYPE","DAYWEEK","CRASHSEV","VIOLCAT","KILLED","INJURED","WEATHER1","PEDCOL","BICCOL","MCCOL","TRUCKCOL","ETOH","TIMECAT","MONTH_","CRASHTYP","INVOLVE","PED","PRIMARYRD","SECONDRD","DISTANCE","DIRECT","INTERSECT_","PROCDATE","JURIS","DATE_","TIME_","BADGE","JURIDIST","SHIFT","POP","SPECIAL","BEATTYPE","LAPDDIV","BEATCLAS","BEATNUMB","WEATHER2","STATEHW","CALTRANC","CALTRAND","STROUTE","ROUTESUF","POSTPRE","POSTMILE","LOCATYPE","RAMP","SIDEHW","TOWAWAY","PARTIES","PCF","VIOLCODE","VIOL","VIOLSUB","HITRUN","ROADSURF","RDCOND1","RDCOND2","LIGHTING","RIGHTWAY","CHPRDTYP","NOTPRIV","STFAULT","CHPFAULT","SEVINJ","OTHERINJ","COP","PEDKILL","PEDINJ","BICKILL","BICINJ","MCKILL","MCINJURE","RAMP1","RAMP2","CITY","COUNTY","STATE","X_CHP","Y_CHP"
"6537526",-120.8514703,38.6200602,2014,"0900","3","5","3","08",0,1,"A",,,,,,600,6,"E","I","A","RT 49","POST RD",1056,"S","N","2016-03-28",9245,"2014-06-20",545,"017728",,"3","9","0","1",,"1","135","-","Y","ED",3,49,"-","-",5.17,"H","-","S","Y",1,"A","-",22107,,"N","A","H","-","A","D","0","Y","A","01",0,1,0,0,0,0,0,0,0,"-","-","UNINCORPORATED","EL DORADO","CA",-120.85162,38.61646
"6537215",-120.664483,38.6763651,2014,"0900","4","5","3","03",0,1,"A",,,,,,1800,5,"C","C","A","MOUNT AUKUM RD","ABBEY RD",0,,"Y","2014-07-28",9245,"2014-05-23",1535,"13028",,"2","9","0","2",,"1","042","-","N",,0,0,,,0,,,,"Y",2,"A","-",22350,,"N","A","H","-","A","D","0","Y","A","07",0,1,0,0,0,0,0,0,0,"-","-","UNINCORPORATED","EL DORADO","CA",-120.66467,38.67633
"6536257",-120.1086099,38.9949692,2014,"0900","3","3","4","05",0,1,"A",,,,,,900,5,"B","C","A","RT 89","DL BLISS STATE PARK",2112,"N","N","2016-03-26",9246,"2014-05-28",620,"15992",,"1","9","0","1",,"1","031","-","Y","ED",3,89,"-","-",19.83,"H","-","N","Y",2,"A","-",21460,"A","N","A","H","-","A","D","0","Y","A","07",0,0,1,0,0,0,0,0,0,"-","-","UNINCORPORATED","EL DORADO","CA",-120.10677,38.98286
"6533602",-120.5866367,38.7570001,2014,"0900","5","1","2","01",0,3,"A",,,,,"Y",2100,6,"E","I","A","RIDGEWAY DR","YORK CT",84,"W","N","2014-08-12",9245,"2014-06-23",1815,"018114",,"2","9","0","3",,"2","004","-","N",,0,0,,,0,,,,"Y",1,"A","-",23152,"A","N","A","H","-","A","D","0","Y","A","01",2,0,1,0,0,0,0,0,0,"-","-","UNINCORPORATED","EL DORADO","CA",-120.58667,38.75704
"6531457",-120.8053052,38.6949007,2014,"0900","5","4","4","03",0,1,"A",,,,,,1200,5,"C","C","A","PLEASANT VALLEY RD","DIAMOND RD",225,"E","N","2014-07-30",9245,"2014-05-29",1040,"13463",,"1","9","0","3",,"2","004","-","N",,0,0,,,0,,,,"Y",3,"A","-",22350,,"N","A","H","-","A","D","0","Y","D","22",0,0,1,0,0,0,0,0,0,"-","-","UNINCORPORATED","EL DORADO","CA",-120.81224,38.69495
"6531219",-121.0231311,38.7880138,2014,"0900","5","1","4","03",0,1,"A",,,"Y",,,1200,5,"D","C","A","SALMON FALLS RD","MINERS VALLEY RD",528,"S","N","2014-08-05",9245,"2014-05-26",1050,"015563",,"1","9","0","3",,"2","001","-","N",,0,0,,,0,,,,"Y",2,"A","-",22350,,"N","A","H","-","A","D","0","Y","C","02",0,0,1,0,0,0,0,0,1,"-","-","UNINCORPORATED","EL DORADO","CA",-121.02371,38.78446
"6531104",-120.8646513,38.7703413,2014,"0900","3","3","3","01",0,1,"A",,,,,"Y",1800,6,"E","I","A","SQUIRRELY LN","WOODRIDGE DR",200,"S","N","2016-03-28",9245,"2014-06-18",1515,"15607",,"2","9","0","1",,"1","115","-","Y","ED",3,49,"-","-",19.68,"H","-","N","Y",1,"A","-",23152,"A","N","A","H","-","A","D","0","Y","A","01",0,1,0,0,0,0,0,0,0,"-","-","UNINCORPORATED","EL DORADO","CA",-120.8595,38.7664
"6531076",-120.6709514,38.7401128,2014,"0900","4","2","3","01",0,1,"A",,,,,"Y",2100,6,"E","I","A","CARSON RD","PROUTY LN",60,"W","N","2014-08-09",9245,"2014-06-17",2025,"15609",,"2","9","0","2",,"1","024","-","N",,0,0,,,0,,,,"Y",1,"A","-",23152,"A","N","A","H","-","A","D","0","Y","A","01",0,1,0,0,0,0,0,0,0,"-","-","UNINCORPORATED","EL DORADO","CA",-120.67088,38.74022
"6529065",0,0,2014,"0900","4","6","4","08",0,1,"A",,,,,,300,6,"E","A","A","MOSQUITO RD","MOSQUITO BRIDGE",7920,"N","N","2014-08-22",9245,"2014-06-21",100,"18653",,"3","9","0","2",,"1","023","-","N",,0,0,,,0,,,,"Y",1,"A","-",22107,,"N","A","H","-","D","D","0","Y","A","01",0,0,1,0,0,0,0,0,0,"-","-","UNINCORPORATED","EL DORADO","CA",-120.75301,38.77653
"6529053",-121.0661078,38.6545889,2014,"0900","4","4","4","03",0,1,"A",,,,,,2100,6,"C","C","A","LATROBE RD","RT 50",0,,"Y","2016-03-25",9245,"2014-06-05",1820,"17935",,"2","9","0","2",,"2","031","-","Y","ED",3,50,"-","-",1.041,"R","4","W","N",2,"A","-",22350,,"N","A","H","-","A","A","1","Y","A","08",0,0,1,0,0,0,0,0,0,"-","EO","UNINCORPORATED","EL DORADO","CA",0,0
"6529049",-121.0294554,38.6554532,2014,"0900","2","6","2","01",0,1,"A",,,,,"Y",300,6,"F","A","A","RT 50","BASS LAKE RD",2640,"E","N","2016-03-25",9245,"2014-06-21",5,"13028",,"3","9","0","1",,"2","110","-","Y","ED",3,50,"-","R",3.25,"H","-","W","Y",1,"A","-",23152,"A","N","A","H","-","C","D","1","Y","A","01",1,0,0,0,0,0,0,0,0,"-","-","UNINCORPORATED","EL DORADO","CA",-121.02129,38.65542
"6529045",-120.8301852,38.8871826,2014,"0900","3","5","3","01",0,1,"A",,,,,"Y",1800,6,"E","I","A","RT 193","SHOEMAKER RD",69,"S","N","2016-03-26",9245,"2014-06-20",1545,"17089",,"2","9","0","1",,"1","122","-","Y","ED",3,193,"-","-",13.73,"H","-","W","Y",1,"A","-",23152,"A","N","A","H","-","A","D","0","Y","A","01",0,1,0,0,0,0,0,0,0,"-","-","UNINCORPORATED","EL DORADO","CA",-120.83008,38.89421
"6528711",-120.8698963,38.9190318,2014,"0900","5","7","4","08",0,1,"A",,,,,,2100,6,"E","I","A","SPANISH DRY DIGGINS RD","AIRDROME WY",600,"W","N","2014-09-04",9245,"2014-06-22",1830,"17604",,"2","9","0","3",,"2","002","-","N",,0,0,,,0,,,,"N",1,"A","-",22107,,"M","A","H","-","A","D","0","Y","A","07",0,0,1,0,0,0,0,0,0,"-","-","UNINCORPORATED","EL DORADO","CA",-120.8667,38.91559
"6528707",0,0,2014,"0900","5","1","2","03",0,1,"A",,,"Y",,,2100,6,"E","I","A","SALMON FALLS RD","CHATEAU MONTELANA DR",528,"N","N","2014-08-13",9245,"2014-06-23",1815,"015563",,"2","9","0","3",,"2","001","-","N",,0,0,,,0,,,,"N",1,"A","-",22350,,"N","A","H","-","A","D","0","Y","C","02",1,0,0,0,0,0,0,0,1,"-","-","UNINCORPORATED","EL DORADO","CA",-121.04025,38.76663
"6528703",-120.8868065,38.7145246,2014,"0900","4","1","3","-",0,2,"A",,,,,,1500,6,"E","I","A","GREEN VALLEY RD","DAKOTA DR",125,"W","N","2014-08-13",9245,"2014-06-23",1420,"17604",,"2","9","0","2",,"2","011","-","N",,0,0,,,0,,,,"Y",1,"A","-",0,,"N","A","H","-","A","D","0","Y","A","01",0,2,0,0,0,0,0,0,0,"-","-","UNINCORPORATED","EL DORADO","CA",-120.88691,38.71445
"6527336",-120.8765531,38.6763051,2014,"0900","4","3","4","09",0,2,"A",,,,,,1200,4,"D","C","A","MOTHER LODE DR","KINGVALE RD",0,,"Y","2014-07-17",9245,"2014-04-23",1050,"015262",,"1","9","0","2",,"1","039","-","N",,0,0,,,0,,,,"Y",2,"A","-",21804,"A","N","A","H","-","A","D","0","Y","A","01",0,0,2,0,0,0,0,0,0,"-","-","UNINCORPORATED","EL DORADO","CA",-120.8766,38.6762
"6527332",-120.398743,38.9499861,2014,"0900","5","6","2","05",0,1,"A",,,"Y",,,1500,4,"E","I","A","WENTWORTH SPRINGS RD","ICE HOUSE RD",5808,"W","N","2014-08-05",9245,"2014-04-19",1300,"012382",,"1","9","0","3",,"2","002","-","N",,0,0,,,0,,,,"Y",1,"A","-",21650,,"N","A","H","-","A","A","0","Y","C","02",1,0,0,0,0,0,0,0,1,"-","-","UNINCORPORATED","EL DORADO","CA",-120.41047,38.93938
"6527328",-120.989118,38.6725423,2014,"0900","5","5","4","05",0,1,"C",,,,,,2100,4,"E","I","A","CAMBRIDGE RD","BERRY RD",350,"S","N","2014-07-17",9245,"2014-04-25",1855,"016451",,"2","9","0","3",,"2","001","-","N",,0,0,,,0,,,,"Y",1,"A","-",21650,,"N","B","H","-","A","D","0","Y","A","01",0,0,1,0,0,0,0,0,0,"-","-","UNINCORPORATED","EL DORADO","CA",-120.98845,38.67211
"6527324",0,0,2014,"0900","4","4","3","03",0,1,"A",,,,,,2400,4,"E","J","A","MARSHALL RD","JAYBIRD LN",1056,"W","N","2014-07-17",9245,"2014-04-03",2202,"019653",,"3","9","0","2",,"1","021","-","N",,0,0,,,0,,,,"Y",1,"A","-",22350,,"N","A","C","-","D","D","0","Y","A","01",0,1,0,0,0,0,0,0,0,"-","-","UNINCORPORATED","EL DORADO","CA",-120.90694,38.81349
"6527320",-120.4544234,38.7741143,2014,"0900","5","7","3","03",0,1,"A",,,"Y",,,2100,4,"E","I","A","ICE HOUSE RD","WHITE MEADOW RD",528,"N","N","2014-07-17",9245,"2014-04-20",1830,"015459",,"2","9","0","3",,"2","003","-","N",,0,0,,,0,,,,"Y",1,"A","-",22350,,"N","A","H","-","A","D","0","Y","C","02",0,1,0,0,0,0,0,0,1,"-","-","UNINCORPORATED","EL DORADO","CA",-120.45424,38.77392
"6526542",-120.7844731,38.7479648,2014,"0900","5","2","2","08",0,1,"B",,,,,,2400,4,"E","I","A","MOSQUITO RD","WILDER LN",80,"N","N","2014-07-18",9245,"2014-04-22",2120,"013405",,"2","9","0","3",,"2","002","-","N",,0,0,,,0,,,,"Y",1,"A","-",22107,,"N","A","H","-","D","D","0","Y","A","07",1,0,0,0,0,0,0,0,0,"-","-","UNINCORPORATED","EL DORADO","CA",-120.78449,38.74808
"6524407",-120.8464502,38.5915508,2014,"0900","3","7","3","01",0,1,"A",,,,,"Y",1800,5,"E","I","A","RT 49","SAND RIDGE RD",528,"N","N","2016-03-28",9245,"2014-05-18",1500,"15459",,"2","9","0","1",,"1","135","-","Y","ED",3,49,"-","-",2.9,"H","-","S","Y",1,"A","-",23152,"A","N","A","H","-","A","D","0","Y","A","01",0,1,0,0,0,0,0,0,0,"-","-","UNINCORPORATED","EL DORADO","CA",-120.84651,38.59129
"6524403",-120.8590784,38.9015762,2014,"0900","5","1","2","03",0,1,"A","Y",,,,,2100,5,"G","B","E","RESERVOIR RD","ACORN VALLEY RD",528,"W","N","2014-08-07",9245,"2014-05-12",1805,"17604",,"2","9","0","3",,"2","002","-","N",,0,0,,,0,,,,"N",2,"A","-",22350,,"F","A","H","-","A","D","0","Y","A","01",1,0,0,0,1,0,0,0,0,"-","-","UNINCORPORATED","EL DORADO","CA",-120.86008,38.90163
"6523852",-120.6589847,38.588068,2014,"0900","4","6","3","01",0,1,"B",,,,,"Y",300,5,"E","I","A","FAIRPLAY RD","STONEY CREEK RD",800,"E","N","2014-08-05",9245,"2014-05-10",20,"018240",,"3","9","0","2",,"1","042","-","N",,0,0,,,0,,,,"Y",1,"A","-",23152,"A","N","A","H","-","D","D","0","Y","A","01",0,1,0,0,0,0,0,0,0,"-","-","UNINCORPORATED","EL DORADO","CA",-120.69205,38.60038
"6521547",-120.9469959,38.6605913,2014,"0900","2","4","4","03",0,1,"A",,,,,,1500,5,"C","C","A","RT 50","PONDEROSA RD",3168,"W","N","2016-03-25",9245,"2014-05-01",1450,"013028",,"2","9","0","1",,"2","110","-","Y","ED",3,50,"-","-",7.71,"H","-","E","Y",2,"A","-",22350,,"N","A","H","-","A","D","1","Y","A","08",0,0,1,0,0,0,0,0,0,"-","-","UNINCORPORATED","EL DORADO","CA",-120.94905,38.66015
"6521543",-121.0854682,38.7094923,2014,"0900","5","3","4","21",0,1,"A",,,,,,1200,5,"C","C","A","FRANCISCO DR","GREEN VALLEY RD",10,"N","N","2014-08-05",9245,"2014-05-14",1135,"015563",,"1","9","0","3",,"2","001","-","N",,0,0,,,0,,,,"Y",2,"A","-",22106,,"N","A","H","-","A","A","0","Y","A","01",0,0,1,0,0,0,0,0,0,"-","-","UNINCORPORATED","EL DORADO","CA",-121.0855,38.70977
"6521539",-121.0715613,38.6547413,2014,"0900","4","3","3","03",0,2,"A",,,,,,2100,5,"C","C","A","EL DORADO HILLS BL","SARATOGA LN",300,"N","N","2014-09-24",9245,"2014-05-07",2040,"016629",,"2","9","0","2",,"2","012","-","N",,0,0,,,0,,,,"N",3,"A","-",22350,,"N","A","D","-","C","A","0","Y","A","01",0,1,1,0,0,0,0,0,0,"-","-","UNINCORPORATED","EL DORADO","CA",-121.0715,38.65546
"6521535",-120.5929424,38.7729642,2014,"0900","5","6","2","01",0,2,"A",,,,,"Y",1800,5,"E","I","A","FOREBAY RD","BLAIR RD",1584,"W","N","2014-08-05",9245,"2014-05-10",1645,"017756",,"2","9","0","3",,"2","002","-","N",,0,0,,,0,,,,"Y",1,"A","-",23152,"A","N","A","H","-","A","D","0","Y","A","01",1,1,0,0,0,0,0,0,0,"-","-","UNINCORPORATED","EL DORADO","CA",-120.59492,38.77385
"6518142",-121.0739253,38.7104978,2014,"0900","4","2","4","03",0,1,"A",,,,,,900,6,"C","C","A","GREEN VALLEY RD","SILVA VALLEY RD",450,"E","N","2014-08-13",9245,"2014-06-03",830,"015262",,"1","9","0","2",,"2","011","-","N",,0,0,,,0,,,,"Y",2,"A","-",22350,,"N","A","H","-","A","A","0","Y","A","01",0,0,1,0,0,0,0,0,0,"-","-","UNINCORPORATED","EL DORADO","CA",-121.07413,38.71052
"6517565",-120.0609555,38.8237436,2014,"0900","2","3","3","08",0,1,"A",,,,,,1500,6,"F","A","A","RT 50","SIERRA AT TAHOE RD",2112,"E","N","2016-03-25",9246,"2014-06-04",1355,"15910",,"1","9","0","1",,"1","022","-","Y","ED",3,50,"-","-",64.57,"H","-","W","Y",1,"A","-",22107,,"N","A","H","-","A","D","0","Y","A","07",0,1,0,0,0,0,0,0,0,"-","-","UNINCORPORATED","EL DORADO","CA",0,0
"6517561",-120.117683,39.0329653,2014,"0900","3","3","4","18",0,3,"A",,,,,,1800,6,"E","J","A","RT 89","VALLEY VIEW DR",0,,"Y","2016-03-26",9246,"2014-06-04",1642,"18269",,"2","9","0","1",,"1","031","-","Y","ED",3,89,"-","-",24.32,"I","5","N","Y",1,"C","-",0,,"N","A","D","-","A","A","0","Y","-","-",0,0,3,0,0,0,0,0,0,"-","-","UNINCORPORATED","EL DORADO","CA",0,0
"6517557",-120.1212162,38.8115198,2014,"0900","2","5","2","03",0,1,"A",,,"Y",,,2100,6,"E","I","A","RT 50","PYRAMID CREEK TRACT",150,"W","N","2016-03-25",9246,"2014-06-06",1950,"15910",,"2","9","0","1",,"1","020","-","Y","ED",3,50,"-","-",59.8,"H","-","E","N",1,"A","-",22350,,"N","A","H","-","A","D","0","Y","C","02",1,0,0,0,0,0,0,0,1,"-","-","UNINCORPORATED","EL DORADO","CA",-120.12347,38.80582
"6517553",0,0,2014,"0900","3","1","2","09",0,1,"A",,,"Y",,,900,6,"A","C","A","RT 89","EAGLE FALLS TRLHD",97,"N","N","2016-03-26",9246,"2014-06-02",720,"10056",,"1","9","0","1",,"1","031","-","Y","ED",3,89,"-","R",17.39,"H","-","N","Y",2,"A","-",21801,"A","N","A","H","-","A","A","0","Y","A","07",1,0,0,0,0,0,0,0,1,"-","-","UNINCORPORATED","EL DORADO","CA",0,0
"6516282",-120.7991337,38.7304917,2014,"0901","0","3","4","09",0,1,"A",,,,,,600,4,"D","C","A","RT 50","BEDFORD AV",35,"E","N","2016-03-25",901,"2014-04-30",407,"288","0901","5","2","0","0",,"0","PP2","-","Y","ED",3,50,"-","-",18.032,"I","5","W","Y",2,"A","-",21453,"C","N","A","H","-","C","A","0","Y","I","11",0,0,1,0,0,0,0,0,0,"-","-","PLACERVILLE","EL DORADO","CA",0,0
"6516249",-120.804903,38.7282552,2014,"0901","0","1","4","03",0,1,"A",,,,,,1800,5,"C","C","A","RT 50","SPRING ST",43,"W","N","2016-02-26",901,"2014-05-19",1710,"288","0901","5","2","0","0",,"0","PP1","-","Y","ED",3,50,"-","-",17.64,"H","-","W","Y",2,"A","-",22350,,"N","A","H","-","A","D","0","Y","I","12",0,0,1,0,0,0,0,0,0,"-","-","PLACERVILLE","EL DORADO","CA",0,0
"6515903",-120.972993,38.6593352,2014,"0900","4","3","3","12",0,1,"A",,,,,,900,6,"D","C","A","CAMERON PARK DR","RT 50",0,,"Y","2016-03-28",9245,"2014-06-18",815,"018653",,"1","9","0","2",,"1","015","-","Y","ED",3,50,"-","-",6.464,"R","4","E","Y",2,"A","-",21453,"A","N","A","H","-","A","A","1","Y","A","01",0,1,0,0,0,0,0,0,0,"-","TO","UNINCORPORATED","EL DORADO","CA",-120.96935,38.65834
"6515810",-120.850273,38.5967052,2014,"0900","3","6","4","08",0,2,"B",,,,,,2400,6,"E","I","A","RT 49","UNION MINE RD",1300,"N","N","2016-03-28",9245,"2014-06-07",2115,"018240",,"2","9","0","1",,"1","135","-","Y","ED",3,49,"-","-",3.34,"H","-","S","Y",1,"A","-",22107,,"N","A","H","-","D","D","0","Y","A","01",0,0,2,0,0,0,0,0,0,"-","-","UNINCORPORATED","EL DORADO","CA",-120.84952,38.6
"6514341",-120.7718109,38.7332218,2014,"0901","0","2","4","09",0,1,"C",,,,,,1500,5,"A","C","A","BROADWAY DR","SMITH FLAT RD",150,"W","N","2015-03-11",901,"2014-05-06",1408,"256","PPD","5","2","0","0",,"0","PP2","-","N",,0,0,,,0,,,,"N",2,"A","-",21801,"A","N","B","H","-","A","D","0","Y","B","01",0,0,1,0,0,0,0,0,0,"-","-","PLACERVILLE","EL DORADO","CA",0,0
"6513638",-120.7968409,38.9244481,2014,"0900","5","4","4","08",0,1,"A",,,"Y",,,1200,6,"F","A","A","WENTWORTH SPRINGS RD","BUCKEYE LAKE RD",75,"W","N","2014-08-07",9245,"2014-06-12",1150,"18653",,"1","9","0","3",,"2","002","-","N",,0,0,,,0,,,,"Y",1,"A","-",22107,,"N","A","H","-","A","D","0","Y","C","02",0,0,1,0,0,0,0,0,1,"-","-","UNINCORPORATED","EL DORADO","CA",-120.7965,38.92439
"6513634",-120.1713401,38.7893238,2014,"0900","2","3","2","05",0,3,"A",,,,,,2100,6,"B","C","A","RT 50","40 MILE STONE",2640,"E","N","2016-03-25",9245,"2014-06-04",1925,"17604",,"2","9","0","1",,"1","170","-","Y","ED",3,50,"-","-",56.24,"H","-","E","Y",2,"A","-",21460,"A","N","A","H","-","A","D","0","Y","A","01",1,1,1,0,0,0,0,0,0,"-","-","UNINCORPORATED","EL DORADO","CA",-120.17176,38.18908
"6513508",-120.3879049,38.9453201,2014,"0900","2","7","2","08",0,2,"A",,,"Y",,,1500,6,"F","A","A","ICE HOUSE RD","WENTWORTH SPRINGS RD",2640,"N","N","2015-09-23",9245,"2014-06-15",1240,"13279",,"1","9","0","1",,"2","110","-","N",,0,0,,,0,,,,"Y",1,"A","-",22107,,"N","A","H","-","A","A","0","Y","C","02",1,1,0,0,0,0,0,0,2,"-","-","UNINCORPORATED","EL DORADO","CA",-120.3874,38.9456
"6512691",-121.0164228,38.9005201,2014,"0900","3","6","3","01",0,1,"A",,,,,,1500,6,"F","I","A","RT 49","ARRON COOL RD",2640,"N","N","2016-03-28",9245,"2014-06-14",1320,"016465",,"1","9","0","1",,"1","115","-","Y","ED",3,49,"-","-",35.48,"H","-","S","Y",1,"A","-",23152,"E","N","A","H","-","A","D","0","Y","D","22",0,1,0,0,0,0,0,0,0,"-","-","UNINCORPORATED","EL DORADO","CA",-121.01661,38.89948
"6512690",0,0,2014,"0900","5","4","2","03",0,1,"A",,,"Y",,,1800,5,"A","C","A","MOUNT MURPHY RD","LYNX RIDGE RD",900,"S","N","2014-07-29",9245,"2014-05-29",1725,"017737",,"2","9","0","3",,"2","002","-","N",,0,0,,,0,,,,"Y",2,"A","-",22350,,"N","A","H","-","A","D","0","Y","C","02",1,0,0,0,0,0,0,0,1,"-","-","UNINCORPORATED","EL DORADO","CA",-121.079,38.9294
"6510970",-120.1204059,38.8016352,2014,"0900","2","7","3","08",0,2,"A",,,"Y",,,2100,5,"F","A","A","RT 50","PRIVATE ROAD",500,"W","N","2016-03-25",9246,"2014-05-11",1925,"018418",,"2","9","0","1",,"1","020","-","Y","ED",3,50,"-","-",60.72,"H","-","E","N",1,"A","-",22107,,"N","A","H","-","A","D","0","Y","C","02",0,2,0,0,0,0,0,0,2,"-","-","UNINCORPORATED","EL DORADO","CA",0,0
"6508989",-120.3245645,38.7641101,2014,"0900","2","6","3","08",0,1,"A",,,,,"Y",600,5,"E","J","A","RT 50","50 ED 47.152",4,"W","N","2016-03-25",9245,"2014-05-31",530,"18624","9245","3","9","0","1",,"1","170","-","Y","ED",3,50,"-","-",47.14,"H","-","W","Y",1,"A","-",22107,,"N","A","H","-","A","D","0","Y","A","01",0,1,0,0,0,0,0,0,0,"-","-","UNINCORPORATED","EL DORADO","CA",-120.31553,38.76829
"6508985",0,0,2014,"0900","4","5","3","03",0,1,"A",,,"Y",,,1800,5,"F","A","A","LATROBE RD","THROTTLE LN",2640,"N","N","2014-08-07",9245,"2014-05-30",1715,"17089",,"2","9","0","2",,"2","031","-","N",,0,0,,,0,,,,"N",1,"A","-",22350,,"N","A","H","-","A","D","0","Y","C","02",0,1,0,0,0,0,0,0,1,"-","-","UNINCORPORATED","EL DORADO","CA",-120.99346,38.5702
"6508802",-120.9957437,38.8938071,2014,"0900","5","4","4","05",0,1,"A",,,,,,900,5,"F","I","A","RT 193","LIGAYA LN",700,"E","N","2016-03-26",9245,"2014-05-08",723,"17737",,"1","9","0","3",,"2","002","-","Y","ED",3,193,"-","-",1.23,"H","-","W","Y",1,"A","-",21651,"A","N","A","H","-","A","D","0","Y","A","01",0,0,1,0,0,0,0,0,0,"-","-","UNINCORPORATED","EL DORADO","CA",-120.9917,38.8965
"6506957",-120.8349456,38.7140987,2014,"0900","4","4","3","01",0,2,"A",,,,,"Y",1800,6,"E","I","A","FORNI RD","WAMEGO RD",196,"E","N","2014-08-08",9245,"2014-06-05",1730,"17089",,"2","9","0","2",,"1","037","-","N",,0,0,,,0,,,,"Y",1,"A","-",23152,"A","N","A","H","-","A","D","0","Y","D","22",0,2,0,0,0,0,0,0,0,"-","-","UNINCORPORATED","EL DORADO","CA",-120.83496,38.71425
"6504472",-121.05897,38.656693,2014,"0900","2","2","2","03",0,1,"B",,,,,,1500,5,"E","I","A","RT 50","LATROBE RD",3168,"E","N","2016-03-26",9245,"2014-05-20",1455,"15459",,"2","9","0","1",,"2","110","-","Y","ED",3,50,"-","-",1.49,"H","-","E","Y",2,"A","-",22350,,"N","A","H","-","A","D","1","Y","A","07",1,0,0,0,0,0,0,0,0,"-","-","UNINCORPORATED","EL DORADO","CA",-121.06324,38.6553
"6504452",-120.621173,38.7476752,2014,"0900","2","4","3","09",0,1,"A",,,,,,1800,5,"D","C","A","RT 50","SLY PARK RD",0,,"Y","2016-03-25",9245,"2014-05-22",1640,"17089",,"2","9","0","1",,"2","140","-","Y","ED",3,50,"-","R",31.184,"R","4","E","Y",2,"A","-",21802,,"N","A","D","-","A","A","1","Y","A","07",0,1,0,0,0,0,0,0,0,"-","-","UNINCORPORATED","EL DORADO","CA",-120.5757,38.76074
"6503674",-120.696623,38.7401414,2014,"0900","2","1","2","09",0,2,"B",,,,,,1500,5,"A","C","A","RT 50","CARSON RD",0,,"Y","2016-06-30",9245,"2014-05-19",1240,"018114",,"1","9","0","1",,"2","140","-","Y","ED",3,50,"-","-",24.05,"I","5","W","Y",2,"A","-",21801,"A","N","A","H","-","A","D","1","Y","A","01",1,1,0,0,0,0,0,0,0,"-","-","UNINCORPORATED","EL DORADO","CA",-120.6973,38.74018
"6503670",-120.9673411,38.8279341,2014,"0900","3","4","3","08",0,3,"A",,,,,,900,5,"D","C","A","RT 49","MAGNOLIA RANCH TRL HEAD",75,"N","N","2016-03-28",9245,"2014-05-22",730,"013463",,"1","9","0","1",,"1","115","-","Y","ED",3,49,"-","-",27.4,"H","-","N","Y",2,"A","-",22107,,"N","A","H","-","A","D","0","Y","A","01",0,2,1,0,0,0,0,0,0,"-","-","UNINCORPORATED","EL DORADO","CA",-120.95974,38.82802
"6503666",-120.9360031,38.658895,2014,"0900","4","7","3","08",0,4,"A",,,,,,2100,5,"D","C","A","SHINGLE RD","SUNSET LN",0,,"Y","2014-07-26",9245,"2014-05-18",2015,"015609",,"2","9","0","2",,"1","032","-","N",,0,0,,,0,,,,"Y",2,"A","-",22107,,"N","A","H","-","D","A","0","Y","A","07",0,2,2,0,0,0,0,0,0,"-","-","UNINCORPORATED","EL DORADO","CA",-120.93585,38.65896
"6503662",0,0,2014,"0900","5","2","4","08",0,1,"A",,,"Y",,,1200,5,"D","C","A","BASS LAKE RD","BIRMINGHAM WY",620,"S","N","2014-07-26",9245,"2014-05-13",1110,"018653",,"1","9","0","3",,"2","001","-","N",,0,0,,,0,,,,"Y",2,"A","-",22107,,"N","A","H","-","A","D","0","Y","A","01",0,0,1,0,0,0,0,0,1,"-","-","UNINCORPORATED","EL DORADO","CA",-120.01319,38.40608
"6503598",0,0,2014,"0900","5","6","2","03",0,1,"A",,,"Y",,,1200,5,"E","I","A","WENTWORTH SPRINGS RD","MARK EDISON DAM",0,,"Y","2014-08-11",9245,"2014-05-17",1120,"13463",,"1","9","0","3",,"2","002","-","N",,0,0,,,0,,,,"Y",2,"A","-",22350,,"N","A","H","-","A","D","0","Y","C","02",1,0,0,0,0,0,0,0,1,"-","-","UNINCORPORATED","EL DORADO","CA",-120.60332,38.90505
"6503594",-120.7823572,38.7379866,2014,"0900","4","6","3","05",0,2,"A",,,,,,1800,5,"A","C","A","MOSQUITO RD","LADERA LN",2112,"S","N","2014-07-29",9245,"2014-05-24",1555,"17089",,"2","9","0","2",,"1","023","-","N",,0,0,,,0,,,,"Y",2,"A","-",21650,,"N","A","H","-","A","D","0","Y","A","01",0,2,0,0,0,0,0,0,0,"-","-","UNINCORPORATED","EL DORADO","CA",-120.7817,38.73961
"6503590",-120.8230131,38.6986051,2014,"0900","4","4","3","09",0,1,"A",,,"Y",,,1800,5,"D","C","A","MISSOURI FLAT RD","INDUSTRIAL DR",0,,"Y","2014-07-29",9245,"2014-05-29",1630,"17089",,"2","9","0","2",,"1","037","-","N",,0,0,,,0,,,,"Y",2,"A","-",21802,"A","N","A","H","-","A","A","0","Y","A","01",0,1,0,0,0,0,0,0,1,"-","-","UNINCORPORATED","EL DORADO","CA",-120.82328,38.69832