"CASEID","POINT_X","POINT_Y","YEAR_","LOCATION","CHPTYPE","DAYWEEK","CRASHSEV","VIOLCAT","KILLED","INJURED","WEATHER1","PEDCOL","BICCOL","MCCOL","TRUCKCOL","ETOH","TIMECAT","MONTH_","CRASHTYP","INVOLVE","PED","PRIMARYRD","SECONDRD","DISTANCE","DIRECT","INTERSECT_","PROCDATE","JURIS","DATE_","TIME_","BADGE","JURIDIST","SHIFT","POP","SPECIAL","BEATTYPE","LAPDDIV","BEATCLAS","BEATNUMB","WEATHER2","STATEHW","CALTRANC","CALTRAND","STROUTE","ROUTESUF","POSTPRE","POSTMILE","LOCATYPE","RAMP","SIDEHW","TOWAWAY","PARTIES","PCF","VIOLCODE","VIOL","VIOLSUB","HITRUN","ROADSURF","RDCOND1","RDCOND2","LIGHTING","RIGHTWAY","CHPRDTYP","NOTPRIV","STFAULT","CHPFAULT","SEVINJ","OTHERINJ","COP","PEDKILL","PEDINJ","BICKILL","BICINJ","MCKILL","MCINJURE","RAMP1","RAMP2","CITY","COUNTY","STATE","X_CHP","Y_CHP"
"6503586",0,0,2014,"0900","4","2","4","08",0,1,"A",,,"Y",,,1800,5,"A","I","A","SALMON FALLS RD","MAYHAN LN",150,"S","N","2014-07-29",9245,"2014-05-27",1620,"17728",,"2","9","0","2",,"2","012","-","N",,0,0,,,0,,,,"Y",1,"A","-",22107,,"N","A","H","-","A","D","0","Y","C","02",0,0,1,0,0,0,0,0,1,"-","-","UNINCORPORATED","EL DORADO","CA",-121.04261,38.76278
"6503582",-120.6940126,38.7395134,2014,"0900","2","1","3","08",0,7,"A",,,,,,1800,5,"E","I","A","RT 50","EIGHT MILE RD",1056,"E","N","2016-03-25",9245,"2014-05-26",1533,"13279",,"2","9","0","1",,"2","140","-","Y","ED",3,50,"-","R",26.26,"H","-","W","Y",1,"A","-",22107,,"N","A","H","-","A","D","1","Y","A","07",0,1,6,0,0,0,0,0,0,"-","-","UNINCORPORATED","EL DORADO","CA",0,0
"6503578",-120.6419869,38.7457054,2014,"0900","4","7","4","09",0,1,"A",,,,,,1800,5,"D","C","A","PONY EXPRESS TRL","MACE RD",700,"E","N","2014-07-28",9245,"2014-05-25",1555,"17604",,"2","9","0","2",,"1","025","-","N",,0,0,,,0,,,,"Y",2,"A","-",21801,"A","N","A","H","-","A","D","0","Y","A","08",0,0,1,0,0,0,0,0,0,"-","-","UNINCORPORATED","EL DORADO","CA",-120.64265,38.74577
"6502459",0,0,2014,"0900","4","5","3","01",0,1,"A",,,,,"Y",1800,5,"F","A","A","SLY PARK RD","SHELL LN",5,"W","N","2014-07-28",9245,"2014-05-23",1700,"013028",,"2","9","0","2",,"1","041","-","N",,0,0,,,0,,,,"Y",1,"A","-",23152,"A","N","A","H","-","A","D","0","Y","A","01",0,1,0,0,0,0,0,0,0,"-","-","UNINCORPORATED","EL DORADO","CA",-120.6516,38.68498
"6502456",-120.8558715,38.6271537,2014,"0900","5","7","2","01",0,2,"A",,,,,"Y",2400,5,"E","I","A","CRYSTAL BL","RT 49",2715,"W","N","2016-01-05",9245,"2014-05-25",2335,"012833",,"3","9","0","3",,"2","003","-","N",,0,0,,,0,,,,"Y",1,"A","-",23152,"A","N","A","H","-","D","D","0","Y","A","01",2,0,0,0,0,0,0,0,0,"-","-","UNINCORPORATED","EL DORADO","CA",-120.85556,38.62733
"6502455",-120.8921916,38.7869305,2014,"0900","5","7","3","01",0,1,"A",,,"Y",,"Y",2400,5,"F","I","A","COLD SPRINGS RD","LA MIRADA RD",1584,"N","N","2014-07-28",9245,"2014-05-25",2125,"013405",,"2","9","0","3",,"2","001","-","N",,0,0,,,0,,,,"N",1,"A","-",23152,"A","N","A","H","-","D","D","0","Y","C","02",0,1,0,0,0,0,0,0,1,"-","-","UNINCORPORATED","EL DORADO","CA",0,0
"6501883",-120.8194238,38.5924082,2014,"0900","5","3","3","08",0,1,"A",,,"Y",,,1200,5,"E","I","A","SAND RIDGE RD","RT 49",10560,"E","N","2015-03-28",9245,"2014-05-14",1100,"17728",,"1","9","0","3",,"2","004","-","N",,0,0,,,0,,,,"N",1,"A","-",22107,,"N","A","H","-","A","D","0","Y","C","06",0,1,0,0,0,0,0,0,1,"-","-","UNINCORPORATED","EL DORADO","CA",-120.77419,38.60705
"6501441",-120.9581564,38.8966827,2014,"0900","3","1","4","08",0,1,"A",,,,,,2100,5,"E","I","A","RT 193","TEGRA RD",1056,"E","N","2016-03-26",9245,"2014-05-12",1945,"17604",,"2","9","0","1",,"1","122","-","Y","ED",3,193,"-","R",3.49,"H","-","E","Y",1,"A","-",22107,,"N","A","H","-","A","D","0","Y","A","01",0,0,1,0,0,0,0,0,0,"-","-","UNINCORPORATED","EL DORADO","CA",-120.9574,38.89717
"6500525",-120.8191856,38.7686536,2014,"0900","3","7","3","18",0,1,"A",,,"Y",,,1200,5,"F","A","A","RT 193","ROCK CREEK RD",2640,"S","N","2016-03-26",9245,"2014-05-18",1100,"18114",,"1","9","0","1",,"1","122","-","Y","ED",3,193,"-","-",24.41,"H","-","E","Y",1,"C","-",0,,"N","A","H","-","A","D","0","Y","-","-",0,1,0,0,0,0,0,0,1,"-","-","UNINCORPORATED","EL DORADO","CA",-120.82037,38.77131
"6499758",-120.9982802,38.6961636,2014,"0900","5","6","4","08",0,1,"A","Y",,,,,2400,5,"A","C","E","CIMMARRON RD","CAMBRIDGE RD",1320,"E","N","2014-07-25",9245,"2014-05-10",2140,"18624","9245","2","9","0","3",,"2","001","-","N",,0,0,,,0,,,,"N",3,"A","-",22107,,"M","A","H","-","D","D","0","Y","A","08",0,0,1,0,1,0,0,0,0,"-","-","UNINCORPORATED","EL DORADO","CA",-120.99883,38.69618
"6499466",-121.0687897,38.6534347,2014,"0900","2","4","3","03",0,3,"A",,,,,,1500,6,"C","C","A","RT 50","SILVA VALLEY PKY",1478,"E","N","2016-03-25",9245,"2014-06-05",1235,"011511",,"1","9","0","1",,"2","110","-","Y","ED",3,50,"-","R",1.94,"H","-","E","Y",4,"A","-",22350,,"N","A","D","-","A","D","1","Y","A","01",0,2,1,0,0,0,0,0,0,"-","-","UNINCORPORATED","EL DORADO","CA",-121.05178,38.65813
"6499116",-120.6583817,38.9055666,2014,"0900","5","3","2","03",0,1,"A",,,"Y",,"Y",1800,4,"F","J","A","WENTWORTH SPRINGS RD","LOOP RD",3326,"W","N","2014-07-18",9245,"2014-04-30",1730,"018624","9245","2","9","0","3",,"2","002","-","N",,0,0,,,0,,,,"Y",1,"A","-",22350,,"N","A","H","-","A","A","0","Y","C","02",1,0,0,0,0,0,0,0,1,"-","-","UNINCORPORATED","EL DORADO","CA",-120.65813,38.40551
"6498965",-120.964834,38.8965962,2014,"0900","3","2","4","09",0,1,"A",,,,,,1800,4,"D","C","A","RT 193","MIRINDA LN",0,,"Y","2016-06-30",9245,"2014-04-29",1635,"13279",,"2","9","0","1",,"1","122","-","Y","ED",3,193,"-","R",3.08,"I","5","E","Y",2,"A","-",21804,"A","N","A","H","-","A","A","0","Y","A","01",0,0,1,0,0,0,0,0,0,"-","-","UNINCORPORATED","EL DORADO","CA",-120.9652,38.8968
"6498961",-121.0282183,38.909938,2014,"0900","3","6","3","03",0,1,"B",,"Y",,,,1500,4,"B","G","A","RT 49","OLD FOREST HILL RD",5280,"S","N","2016-03-28",9245,"2014-04-26",1235,"15107",,"1","9","0","1",,"1","115","-","Y","ED",3,49,"-","-",37.19,"H","-","N","Y",2,"A","-",22350,,"N","A","H","-","A","D","0","Y","L","04",0,1,0,0,0,0,1,0,0,"-","-","UNINCORPORATED","EL DORADO","CA",-121.0114,38.5437
"6498878",-120.778367,38.9267522,2014,"0900","5","6","3","01",0,1,"A",,,,,"Y",1800,5,"E","A","A","WENTWORTH SPRINGS RD","BALDERSTON RD",800,"W","N","2014-08-04",9245,"2014-05-24",1710,"017737",,"2","9","0","3",,"2","002","-","N",,0,0,,,0,,,,"Y",1,"A","-",23152,"A","N","-","H","-","A","D","0","Y","D","22",0,1,0,0,0,0,0,0,0,"-","-","UNINCORPORATED","EL DORADO","CA",-120.7573,38.9319
"6496365",-120.8230131,38.6986051,2014,"0900","4","4","4","03",0,1,"A",,,,,,1800,5,"C","C","A","MISSOURI FLAT RD","INDUSTRIAL DR",0,,"Y","2015-03-21",9245,"2014-05-29",1745,"016465",,"2","9","0","2",,"1","037","-","N",,0,0,,,0,,,,"N",3,"A","-",22350,,"N","A","H","-","A","D","0","Y","A","07",0,0,1,0,0,0,0,0,0,"-","-","UNINCORPORATED","EL DORADO","CA",-120.82309,38.69856
"6496218",-121.0263983,38.9119259,2014,"0900","2","7","4","17",0,2,"A",,,"Y",,,1500,4,"F","A","A","RT 49","OLD FOREST HILL RD",6600,"S","N","2016-03-28",9245,"2014-04-27",1400,"00001","GOLDF","2","9","0","1",,"2","150","-","Y","ED",3,49,"-","-",36.91,"H","-","N","Y",1,"A","-",22111,"C","N","A","-","-","A","A","0","Y","C","02",0,0,2,0,0,0,0,0,2,"-","-","UNINCORPORATED","EL DORADO","CA",0,0
"6491559",-120.9410237,38.6935718,2014,"0900","4","2","3","01",0,1,"A",,,"Y",,"Y",2100,5,"E","I","A","PONDEROSA RD","TOIYABE LN",1584,"N","N","2014-07-30",9245,"2014-05-13",1920,"15459",,"2","9","0","2",,"1","013","-","N",,0,0,,,0,,,,"Y",1,"A","-",23152,"A","N","A","H","-","A","D","0","Y","C","02",0,1,0,0,0,0,0,0,1,"-","-","UNINCORPORATED","EL DORADO","CA",-120.94114,38.69394
"6489399",-120.8879254,38.6818652,2014,"0900","5","5","3","05",0,2,"A",,,,,,1500,5,"A","C","A","GREENSTONE RD","S STUDEBAKER RD",330,"S","N","2014-07-31",9245,"2014-05-30",1405,"011511",,"2","9","0","3",,"2","003","-","N",,0,0,,,0,,,,"Y",2,"A","-",21460,"A","N","A","H","-","A","D","0","Y","A","01",0,1,1,0,0,0,0,0,0,"-","-","UNINCORPORATED","EL DORADO","CA",-120.87793,38.6819
"6489197",-120.902963,38.7129051,2014,"0900","4","3","2","05",0,1,"A",,,"Y",,,1500,5,"D","C","A","GREEN VALLEY RD","MULBERRY LN",0,,"Y","2014-07-26",9245,"2014-05-21",1450,"016629",,"2","9","0","2",,"2","011","-","N",,0,0,,,0,,,,"N",2,"A","-",21460,"A","N","A","H","-","A","D","0","Y","C","02",1,0,0,0,0,0,0,0,1,"-","-","UNINCORPORATED","EL DORADO","CA",0,0
"6489130",-121.0847196,38.7188344,2014,"0900","5","2","4","03",0,1,"A",,,,,,900,5,"C","E","A","FRANCISCO DR","KENSINGTON DR",15,"N","N","2014-07-26",9245,"2014-05-27",810,"018653",,"1","9","0","3",,"2","001","-","N",,0,0,,,0,,,,"Y",2,"A","-",22350,,"N","A","H","-","A","D","0","Y","A","01",0,0,1,0,0,0,0,0,0,"-","-","UNINCORPORATED","EL DORADO","CA",-121.08484,38.71892
"6489122",-121.0437568,38.7617768,2014,"0900","4","6","3","09",0,1,"A",,,,,,1500,5,"D","C","A","SALMON FALLS RD","HIDDEN BRIDGE RD",528,"N","N","2014-07-26",9245,"2014-05-24",1355,"013463",,"1","9","0","2",,"2","012","-","N",,0,0,,,0,,,,"Y",3,"A","-",21801,"A","N","A","H","-","A","D","0","Y","D","22",0,1,0,0,0,0,0,0,0,"-","-","UNINCORPORATED","EL DORADO","CA",-121.05707,38.75105
"6484831",-121.019188,38.8662415,2014,"0900","3","6","3","05",0,4,"A",,"Y",,,,1500,5,"A","C","A","RT 49","CATECRAFT LN",0,,"N","2016-03-28",9245,"2014-05-10",1345,"17737",,"1","9","0","1",,"1","115","-","Y","ED",3,49,"-","-",32.83,"H","-","N","Y",3,"A","-",21650,,"N","A","H","-","A","D","0","Y","A","07",0,2,2,0,0,0,1,0,0,"-","-","UNINCORPORATED","EL DORADO","CA",-121.0181,38.8633
"6480377",-121.0655896,38.6544784,2014,"0900","2","4","4","03",0,1,"A",,,,,,2100,4,"C","C","A","RT 50","EL DORADO HILLS BL",500,"E","N","2016-03-25",9245,"2014-04-03",1940,"017737",,"2","9","0","1",,"2","110","-","Y","ED",3,50,"-","-",1.08,"H","-","E","Y",2,"A","-",22350,,"N","A","H","-","C","D","1","Y","A","01",0,0,1,0,0,0,0,0,0,"-","-","UNINCORPORATED","EL DORADO","CA",-121.1473,38.2658
"6479047",-121.0586129,38.6231592,2014,"0900","5","2","4","08",0,2,"B",,,,,,1500,5,"H","C","A","ROBERT J MATHEWS PKY","INVESTMENT BL",1584,"N","N","2014-07-25",9245,"2014-05-06",1225,"015459",,"1","9","0","3",,"2","003","-","N",,0,0,,,0,,,,"Y",2,"A","-",22102,,"N","A","H","-","A","D","0","Y","A","01",0,0,2,0,0,0,0,0,0,"-","-","UNINCORPORATED","EL DORADO","CA",-121.05837,38.62286
"6478421",-120.9292757,38.678429,2014,"0900","4","2","4","03",0,2,"A",,,,,,900,5,"C","C","A","NORTH SHINGLE RD","ASCOT LN",540,"S","N","2014-07-24",9245,"2014-05-06",725,"18653",,"1","9","0","2",,"1","013","-","N",,0,0,,,0,,,,"N",2,"A","-",22350,,"N","A","H","-","A","D","0","Y","A","01",0,0,2,0,0,0,0,0,0,"-","-","UNINCORPORATED","EL DORADO","CA",-120.92922,38.67819
"6478320",-120.641109,38.6851724,2014,"0900","5","6","3","01",0,2,"A",,,,,"Y",1500,5,"E","I","A","SLY PARK RD","EAGLE CANYON RD",1056,"N","N","2014-07-24",9245,"2014-05-03",1305,"018466",,"1","9","0","3",,"2","004","-","N",,0,0,,,0,,,,"Y",1,"A","-",23152,"A","N","A","H","-","A","D","0","Y","A","07",0,2,0,0,0,0,0,0,0,"-","-","UNINCORPORATED","EL DORADO","CA",-120.63617,38.6813
"6476932",-120.7296503,38.6750187,2014,"0900","5","6","4","01",0,1,"A",,,,,"Y",1800,4,"F","I","A","BUCKS BAR RD","PALACE LN",2112,"S","N","2014-07-11",9245,"2014-04-19",1600,"17935",,"2","9","0","3",,"2","004","-","N",,0,0,,,0,,,,"Y",1,"A","-",23152,"A","N","A","H","-","A","D","0","Y","A","07",0,0,1,0,0,0,0,0,0,"-","-","UNINCORPORATED","EL DORADO","CA",-120.71672,38.66932
"6475358",-120.8674505,38.773591,2014,"0900","3","3","3","01",0,1,"A",,,"Y",,"Y",2400,4,"E","I","A","RT 49","RIVERWOOD DR",1115,"S","N","2016-03-28",9245,"2014-04-23",2200,"012833",,"3","9","0","1",,"1","115","-","Y","ED",3,49,"-","-",20.39,"H","-","S","Y",1,"A","-",23152,"A","N","A","H","-","D","D","0","Y","C","02",0,1,0,0,0,0,0,0,1,"-","-","UNINCORPORATED","EL DORADO","CA",-120.86678,38.77282
"6475327",-120.9668673,38.8972035,2014,"0900","5","7","4","01",0,1,"A",,,,,"Y",2400,4,"E","I","A","BLACK ROCK LN","RT 193",283,"S","N","2014-07-18",9245,"2014-04-13",2150,"12833",,"2","9","0","3",,"2","002","-","N",,0,0,,,0,,,,"Y",1,"A","-",23152,"A","N","A","H","-","D","D","0","Y","A","01",0,0,1,0,0,0,0,0,0,"-","-","UNINCORPORATED","EL DORADO","CA",-120.97087,38.89844
"6475323",-120.9076326,38.6689078,2014,"0900","5","7","3","01",0,1,"A",,,,,"Y",600,4,"E","I","A","BUCKEYE RD","MOTHER LODE DR",510,"N","N","2014-07-18",9245,"2014-04-20",330,"15609",,"3","9","0","3",,"2","003","-","N",,0,0,,,0,,,,"Y",1,"A","-",23152,"A","N","A","H","-","D","D","0","Y","A","01",0,1,0,0,0,0,0,0,0,"-","-","UNINCORPORATED","EL DORADO","CA",-120.90739,38.669
"6471092",-120.5574415,38.7515877,2014,"0900","4","1","2","05",0,1,"B",,,,,,1800,5,"E","I","A","SLY PARK RD","ONYX TRL",150,"N","N","2014-07-23",9245,"2014-05-05",1705,"013279",,"2","9","0","2",,"1","043","-","N",,0,0,,,0,,,,"Y",1,"A","-",21460,"A","N","A","H","-","A","A","0","Y","D","22",1,0,0,0,0,0,0,0,0,"-","-","UNINCORPORATED","EL DORADO","CA",-120.5571,38.7526
"6471076",-121.071923,38.6568251,2014,"0900","4","2","4","12",0,1,"A",,,,,,1800,4,"D","C","A","EL DORADO HILLS BL","PARK DR",0,,"Y","2014-07-11",9245,"2014-04-29",1545,"018624","9245","2","9","0","2",,"2","012","-","N",,0,0,,,0,,,,"N",2,"A","-",21453,"A","N","A","H","-","A","A","0","Y","D","22",0,0,1,0,0,0,0,0,0,"-","-","UNINCORPORATED","EL DORADO","CA",0,0
"6469644",-120.8414817,38.7126245,2014,"0900","4","3","4","03",0,1,"A",,,,,,1500,4,"C","C","A","MISSOURI FLAT RD","PLAZA DR",14,"S","N","2014-07-22",9245,"2014-04-16",1335,"011511",,"1","9","0","2",,"2","011","-","N",,0,0,,,0,,,,"Y",2,"A","-",22350,,"N","A","H","-","A","D","0","Y","A","01",0,0,1,0,0,0,0,0,0,"-","-","UNINCORPORATED","EL DORADO","CA",-120.84115,38.71251
"6469029",-121.0351859,38.9111926,2014,"0900","3","5","3","03",0,1,"B",,,,,,600,4,"F","A","A","RT 49","OLD FOREST HILL RD",2640,"S","N","2016-03-28",9245,"2014-04-25",550,"013028",,"3","9","0","1",,"1","115","-","Y","ED",3,49,"-","-",37.78,"H","-","N","Y",1,"A","-",22350,,"N","B","H","-","A","D","0","Y","D","22",0,1,0,0,0,0,0,0,0,"-","-","UNINCORPORATED","EL DORADO","CA",-121.03432,38.91027
"6465298",-120.9782989,38.6762262,2014,"0900","5","5","2","01",0,2,"A",,,,,"Y",2100,4,"F","A","A","SUDBURY RD","JOSE CT",68,"S","N","2014-07-10",9245,"2014-04-11",1930,"017756",,"2","9","0","3",,"2","001","-","N",,0,0,,,0,,,,"Y",1,"A","-",23152,"A","N","A","H","-","A","D","0","Y","D","22",1,1,0,0,0,0,0,0,0,"-","-","UNINCORPORATED","EL DORADO","CA",-120.9783,38.67642
"6464775",0,0,2014,"0900","4","7","3","08",0,1,"A",,,"Y",,,1200,4,"F","A","A","SALMON FALLS RD","MAYHAN LN",525,"S","N","2014-07-22",9245,"2014-04-06",1115,"13929",,"1","9","0","2",,"2","012","-","N",,0,0,,,0,,,,"Y",1,"A","-",22107,,"N","A","H","-","A","D","0","Y","C","02",0,1,0,0,0,0,0,0,1,"-","-","UNINCORPORATED","EL DORADO","CA",-121.04274,38.76332
"6464604",-120.7850312,38.731368,2014,"0901","0","7","4","09",0,1,"A",,,,,,2400,4,"D","C","A","BROADWAY DR","CARSON RD",276,"E","N","2014-07-15",901,"2014-04-06",2107,"288","901","5","2","0","0",,"0","PP2","-","N",,0,0,,,0,,,,"Y",2,"A","-",21804,"A","N","A","H","-","C","D","0","Y","I","11",0,0,1,0,0,0,0,0,0,"-","-","PLACERVILLE","EL DORADO","CA",0,0
"6464600",-120.8349844,38.7248221,2014,"0901","0","2","3","09",0,3,"A",,,,,,900,4,"A","C","A","PLACERVILLE DR","FORNI RD",1584,"W","N","2014-07-22",901,"2014-04-01",818,"287","0901","5","2","0","0",,"0","PP1","B","N",,0,0,,,0,,,,"Y",2,"A","-",21801,"A","N","B","H","-","A","D","0","Y","D","22",0,2,1,0,0,0,0,0,0,"-","-","PLACERVILLE","EL DORADO","CA",0,0
"6460922",-120.8978582,38.6693474,2014,"0900","5","4","4","03",0,1,"A",,,,,,1800,5,"C","C","A","MOTHER LODE DR","DOE ST",130,"W","N","2014-07-23",9245,"2014-05-01",1640,"18466",,"2","9","0","3",,"2","003","-","N",,0,0,,,0,,,,"Y",2,"A","-",22350,,"N","A","H","-","A","D","0","Y","A","01",0,0,1,0,0,0,0,0,0,"-","-","UNINCORPORATED","EL DORADO","CA",-120.89792,38.66938
"6460557",-120.6343787,38.6842805,2014,"0900","4","7","4","08",0,1,"A",,,,,,1200,4,"F","J","A","SLY PARK RD","CAMBRIA CT",1056,"W","N","2014-07-10",9245,"2014-04-13",1010,"015563",,"1","9","0","2",,"1","043","-","N",,0,0,,,0,,,,"Y",1,"A","-",22107,,"N","A","H","-","A","D","0","Y","A","07",0,0,1,0,0,0,0,0,0,"-","-","UNINCORPORATED","EL DORADO","CA",-120.63239,38.68475
"6460553",-120.7102855,38.7369016,2014,"0900","2","4","2","09",0,6,"A",,,,,,1800,4,"D","C","A","RT 50","CAMINO HEIGHTS DR",0,,"Y","2016-03-25",9245,"2014-04-17",1610,"017935",,"2","9","0","1",,"2","140","-","Y","ED",3,50,"-","-",23.241,"I","5","E","Y",2,"A","-",21802,"A","N","A","H","-","A","A","1","Y","A","01",1,5,0,0,0,0,0,0,0,"-","-","UNINCORPORATED","EL DORADO","CA",-120.71095,38.73682
"6460431",-120.9008703,38.7128961,2014,"0900","4","1","2","05",0,2,"A",,,,,,1800,4,"A","C","A","GREEN VALLEY RD","MULBERRY LN",600,"E","N","2014-07-23",9245,"2014-04-07",1545,"17604",,"2","9","0","2",,"2","011","-","N",,0,0,,,0,,,,"Y",2,"A","-",21460,"A","N","A","H","-","A","D","0","Y","A","01",2,0,0,0,0,0,0,0,0,"-","-","UNINCORPORATED","EL DORADO","CA",-120.9006,38.7713
"6459087",-120.0291332,38.8257666,2014,"0900","2","5","4","03",0,1,"B",,,,,,1800,4,"C","C","A","RT 50","CHIAPA DR",12144,"W","N","2016-03-25",9246,"2014-04-25",1715,"018269",,"2","9","0","1",,"1","021","D","Y","ED",3,50,"-","-",67.72,"H","-","E","N",2,"A","-",22350,,"N","C","H","-","B","A","0","Y","A","07",0,0,1,0,0,0,0,0,0,"-","-","UNINCORPORATED","EL DORADO","CA",0,0
"6459083",-119.9835785,38.8856026,2014,"0900","4","7","4","01",0,1,"A",,,,,"Y",600,4,"E","I","A","PIONEER TR","WASHOAN BL",528,"N","N","2014-07-11",9246,"2014-04-20",414,"018629",,"3","9","0","2",,"1","024","-","N",,0,0,,,0,,,,"Y",1,"A","-",23152,"A","N","A","H","-","D","D","0","Y","A","07",0,0,1,0,0,0,0,0,0,"-","-","UNINCORPORATED","EL DORADO","CA",-119.98436,38.88517
"6459079",-119.9705448,38.8975125,2014,"0900","4","6","4","03",0,1,"A",,,,,,900,4,"E","I","A","PIONEER TRAIL","GOLDEN BEAR TRL",2112,"W","N","2014-07-11",9246,"2014-04-26",627,"018269",,"1","9","0","2",,"1","024","-","N",,0,0,,,0,,,,"Y",1,"A","-",22350,,"N","C","H","-","A","D","0","Y","A","07",0,0,1,0,0,0,0,0,0,"-","-","UNINCORPORATED","EL DORADO","CA",-119.97048,38.89794
"6457600",-120.7880592,38.6903723,2014,"0900","4","2","4","08",0,1,"A",,,,,,1500,4,"D","-","A","PLEASANT VALLEY RD","ZANDONELLA RD",31,"E","N","2014-07-09",9245,"2014-04-08",1245,"15262",,"1","9","0","2",,"1","041","-","N",,0,0,,,0,,,,"Y",2,"A","-",22100,"B","N","A","H","-","A","D","0","Y","D","22",0,0,1,0,0,0,0,0,0,"-","-","UNINCORPORATED","EL DORADO","CA",-120.7802,38.6866
"6455060",-121.0831931,38.7179822,2014,"0900","5","3","3","01",0,1,"A",,,,,,2400,4,"E","I","A","FRANCISCO DR","KENSINGTON DR",528,"S","N","2014-07-11",9245,"2014-04-09",2220,"18466",,"3","9","0","3",,"2","001","-","N",,0,0,,,0,,,,"Y",1,"A","-",23152,"A","N","A","H","-","D","D","0","Y","A","01",0,1,0,0,0,0,0,0,0,"-","-","UNINCORPORATED","EL DORADO","CA",-121.08286,38.7164
"6449831",0,0,2014,"0900","5","3","4","08",0,1,"A",,,"Y",,,2100,4,"F","A","A","CHINA GARDEN RD","LIME KILN RD",0,,"Y","2014-07-21",9245,"2014-04-09",1840,"015459",,"2","9","0","3",,"2","003","-","N",,0,0,,,0,,,,"N",1,"A","-",22107,,"N","A","H","-","A","D","0","Y","C","02",0,0,1,0,0,0,0,0,1,"-","-","UNINCORPORATED","EL DORADO","CA",-120.81757,38.69645
"6449791",-120.671938,38.6461501,2014,"0900","5","6","3","01",0,1,"A",,,,,"Y",1500,4,"E","I","A","GRIZZLY FLAT RD","ROOSTER LN",528,"S","N","2014-07-21",9245,"2014-04-05",1305,"013028",,"1","9","0","3",,"2","004","-","N",,0,0,,,0,,,,"N",1,"A","-",23152,"A","N","A","H","-","A","D","0","Y","A","01",0,1,0,0,0,0,0,0,0,"-","-","UNINCORPORATED","EL DORADO","CA",-120.6714,38.64599
"6445855",-120.9566259,38.6554007,2014,"0900","5","7","3","05",0,1,"B",,,,,,1500,3,"E","I","A","DUROCK RD","SHINGLE LIME MINE RD",230,"E","N","2014-07-09",9245,"2014-03-30",1355,"15262",,"1","9","0","3",,"2","003","-","N",,0,0,,,0,,,,"Y",1,"A","-",21650,,"N","A","H","-","A","D","0","Y","A","01",0,1,0,0,0,0,0,0,0,"-","-","UNINCORPORATED","EL DORADO","CA",-120.9566,38.6553
"6443608",-119.997783,38.8649251,2014,"0900","4","5","4","05",0,2,"B",,,,,,1800,3,"A","C","A","PIONEER TR","ONEIDAS ST",0,,"Y","2014-07-02",9246,"2014-03-28",1552,"015992",,"2","9","0","2",,"1","024","-","N",,0,0,,,0,,,,"Y",2,"A","-",21752,"D","N","A","H","-","A","D","0","Y","A","07",0,0,2,0,0,0,0,0,0,"-","-","UNINCORPORATED","EL DORADO","CA",0,0
"6442453",-120.6775747,38.7347661,2014,"0900","2","1","4","03",0,1,"F",,,,,,1500,3,"F","A","A","RT 50","SNOWS RD",500,"W","N","2015-11-13",9245,"2014-03-31",1400,"17604",,"2","9","0","1",,"2","140","-","Y","ED",3,50,"-","-",25.17,"H","-","W","Y",1,"A","-",22350,,"N","C","H","-","A","D","1","Y","A","01",0,0,1,0,0,0,0,0,0,"-","-","UNINCORPORATED","EL DORADO","CA",-120.67802,38.73495
"6442337",-121.0767031,38.6510549,2014,"0900","2","2","3","03",0,1,"B",,,,,,600,4,"E","I","A","RT 50","EL DORADO HILLS BL",1055,"W","N","2016-03-25",9245,"2014-04-01",430,"012833",,"3","9","0","1",,"2","110","C","Y","ED",3,50,"-","-",0.59,"H","-","W","Y",1,"A","-",22350,,"N","B","D","-","C","D","1","Y","A","01",0,1,0,0,0,0,0,0,0,"FR","-","UNINCORPORATED","EL DORADO","CA",-121.07549,38.65157
"6442333",-120.9070155,38.9000439,2014,"0900","3","1","3","05",0,1,"A",,,,,,1800,4,"E","I","A","RT 49","GREENWOOD RD",2640,"E","N","2016-03-28",9245,"2014-04-07",1715,"013279",,"2","9","0","1",,"1","115","-","Y","ED",3,193,"-","R",7.46,"H","-","E","Y",1,"A","-",21650,,"N","A","H","-","A","A","0","Y","A","07",0,1,0,0,0,0,0,0,0,"-","-","UNINCORPORATED","EL DORADO","CA",0,0
"6439332",-120.7519892,38.6760825,2014,"0900","4","5","3","09",0,1,"B",,,,,,1500,3,"A","C","A","PLEASANT VALLEY RD","SHARON LN",2,"W","N","2014-06-30",9245,"2014-03-28",1340,"016465",,"1","9","0","2",,"1","041","-","N",,0,0,,,0,,,,"Y",2,"A","-",21801,"A","N","A","H","-","A","D","0","Y","D","22",0,1,0,0,0,0,0,0,0,"-","-","UNINCORPORATED","EL DORADO","CA",-120.75205,38.67624
"6436959",-119.9784906,38.8880773,2014,"0900","4","2","4","03",0,1,"B",,,,,,900,4,"A","C","A","PIONEER TR","SUSQUEHANA DR",740,"N","N","2014-07-21",9246,"2014-04-01",800,"0100456",,"1","9","0","2",,"1","024","D","N",,0,0,,,0,,,,"Y",2,"A","-",22350,,"N","C","H","-","A","D","0","Y","A","07",0,0,1,0,0,0,0,0,0,"-","-","UNINCORPORATED","EL DORADO","CA",-119.97916,38.88769