"CASEID","POINT_X","POINT_Y","YEAR_","LOCATION","CHPTYPE","DAYWEEK","CRASHSEV","VIOLCAT","KILLED","INJURED","WEATHER1","PEDCOL","BICCOL","MCCOL","TRUCKCOL","ETOH","TIMECAT","MONTH_","CRASHTYP","INVOLVE","PED","PRIMARYRD","SECONDRD","DISTANCE","DIRECT","INTERSECT_","PROCDATE","JURIS","DATE_","TIME_","BADGE","JURIDIST","SHIFT","POP","SPECIAL","BEATTYPE","LAPDDIV","BEATCLAS","BEATNUMB","WEATHER2","STATEHW","CALTRANC","CALTRAND","STROUTE","ROUTESUF","POSTPRE","POSTMILE","LOCATYPE","RAMP","SIDEHW","TOWAWAY","PARTIES","PCF","VIOLCODE","VIOL","VIOLSUB","HITRUN","ROADSURF","RDCOND1","RDCOND2","LIGHTING","RIGHTWAY","CHPRDTYP","NOTPRIV","STFAULT","CHPFAULT","SEVINJ","OTHERINJ","COP","PEDKILL","PEDINJ","BICKILL","BICINJ","MCKILL","MCINJURE","RAMP1","RAMP2","CITY","COUNTY","STATE","X_CHP","Y_CHP"
"6336643",-120.5969954,38.7077972,2014,"0900","4","7","3","01",0,1,"A",,,,,"Y",2400,1,"E","I","A","SLY PARK RD","DOE VIEW PL",5808,"S","N","2015-01-22",9245,"2014-01-05",2300,"013405",,"3","9","0","2",,"1","043","-","N",,0,0,,,0,,,,"Y",1,"A","-",23152,"A","N","A","H","-","D","D","0","Y","A","01",0,1,0,0,0,0,0,0,0,"-","-","UNINCORPORATED","EL DORADO","CA",-120.59601,38.70814
"6330953",-120.0011913,38.8871175,2014,"0900","2","3","4","09",0,1,"B",,,,,,1200,1,"D","C","A","RT 50","JEWELL RD",1320,"W","N","2015-11-13",9246,"2014-01-08",1135,"014478",,"1","9","0","1",,"1","022","-","Y","ED",3,50,"-","-",73.53,"H","-","W","Y",2,"A","-",21804,,"N","A","H","-","A","D","0","Y","A","01",0,0,1,0,0,0,0,0,0,"-","-","UNINCORPORATED","EL DORADO","CA",-119.97621,38.87045
"6330949",-120.0292018,38.925453,2014,"0900","3","7","2","08",0,1,"A",,,,,,2400,1,"E","I","A","RT 89","LUKINS WY",2640,"N","N","2016-02-22",9246,"2014-01-05",2105,"018418",,"2","9","0","1",,"1","030","-","Y","ED",3,89,"-","-",10.18,"H","-","S","Y",1,"A","-",22107,,"N","A","H","-","D","D","0","Y","D","22",1,0,0,0,0,0,0,0,0,"-","-","UNINCORPORATED","EL DORADO","CA",0,0
"6330785",-119.9660429,38.9058051,2014,"0900","4","4","4","12",0,5,"A",,,,,,2400,1,"D","C","A","PIONEER TRAIL","MARSHALL TRL",0,,"Y","2014-06-17",9246,"2014-01-02",2212,"19064",,"3","9","0","2",,"1","024","-","N",,0,0,,,0,,,,"Y",2,"A","-",22450,"A","N","A","H","-","D","A","0","Y","A","07",0,0,5,0,0,0,0,0,0,"-","-","UNINCORPORATED","EL DORADO","CA",-119.96618,38.90589
"6330742",-120.0328467,38.8866268,2014,"0900","4","3","4","01",0,1,"A",,,,,"Y",1500,1,"E","I","A","LAKE TAHOE BL","BOULDER MOUNTAIN CT",200,"E","N","2014-06-17",9246,"2014-01-01",1230,"18269",,"1","9","0","2",,"1","025","-","N",,0,0,,,0,,,,"Y",1,"A","-",23152,"A","N","A","H","-","A","D","0","Y","D","22",0,0,1,0,0,0,0,0,0,"-","-","UNINCORPORATED","EL DORADO","CA",-120.03294,38.88664
"6330026",-120.0316185,38.8294735,2014,"0900","2","6","4","03",0,1,"B",,,,,,1500,1,"E","I","A","RT 50","OLD MEYERS GRADE",2640,"E","N","2015-11-13",9246,"2014-01-11",1248,"15992",,"1","9","0","1",,"1","021","D","Y","ED",3,50,"-","-",68.02,"H","-","E","Y",2,"A","-",22350,,"N","C","H","-","A","A","0","Y","A","07",0,0,1,0,0,0,0,0,0,"-","-","UNINCORPORATED","EL DORADO","CA",-120.0337,38.83115
"6325964",-120.9104468,38.6845914,2014,"0900","2","1","2","03",0,2,"B",,,,,,2100,1,"C","C","A","RT 50","SHINGLE SPRINGS DR",1584,"E","N","2015-11-13",9245,"2014-01-06",2034,"17604",,"2","9","0","1",,"2","120","-","Y","ED",3,50,"-","R",10.62,"H","-","E","Y",2,"A","-",22350,,"F","A","H","-","D","D","1","Y","A","07",1,1,0,0,0,0,0,0,0,"-","-","UNINCORPORATED","EL DORADO","CA",-120.91153,38.68339
"6314196",-120.5819892,38.714772,2014,"0900","4","2","3","08",0,1,"A",,,,,"Y",2100,1,"E","I","A","SLY PARK RD","DOE VIEW PL",253,"S","N","2015-01-30",9245,"2014-01-07",1940,"16465",,"2","9","0","2",,"1","043","-","N",,0,0,,,0,,,,"Y",1,"A","-",22107,,"N","A","H","-","D","D","0","Y","A","07",0,1,0,0,0,0,0,0,0,"-","-","UNINCORPORATED","EL DORADO","CA",-120.58216,38.71471
"6291832",0,0,2014,"0900","5","6","1","01",1,3,"A",,,,,"Y",1500,10,"A","C","A","MORMON EMIGRANT TRL","US FOREST SERVICE RD FR 10N72",357,"E","N","2015-01-15",9245,"2014-10-11",1214,"15607",,"1","9","0","3",,"2","004","-","N",,0,0,,,0,,,,"Y",2,"A","-",23152,"A","N","A","H","-","A","D","0","Y","A","01",1,2,0,0,0,0,0,0,0,"-","-","UNINCORPORATED","EL DORADO","CA",-120.54777,38.70973
"6291739",-120.6616544,38.5746696,2014,"0900","4","4","1","05",1,0,"A",,,"Y",,,2100,10,"E","I","A","OMO RANCH RD","FAIRPLAY RD",315,"E","N","2015-12-31",9245,"2014-10-16",2025,"17935",,"2","9","0","2",,"1","042","-","N",,0,0,,,0,,,,"Y",1,"A","-",21650,,"N","A","H","-","D","D","0","Y","C","02",0,0,0,0,0,0,0,1,0,"-","-","UNINCORPORATED","EL DORADO","CA",-120.66125,38.57482
"6291491",-120.9730375,38.8275428,2014,"0900","3","6","1","08",1,0,"A",,,"Y",,"Y",1800,8,"E","I","A","RT 49","FORGOTTEN LOOP",1584,"S","N","2014-10-31",9245,"2014-08-23",1500,"17728",,"2","9","0","1",,"1","115","-","Y","ED",3,49,"-","-",28.36,"H","-","S","Y",1,"A","-",22107,,"N","A","H","-","A","D","0","Y","C","02",0,0,0,0,0,0,0,1,0,"-","-","UNINCORPORATED","EL DORADO","CA",-120.97207,38.82779
"6291370",0,0,2014,"0900","5","1","1","01",1,0,"A",,,,,"Y",2100,6,"E","I","A","MOUNT AUKUM RD","CANDLELIGHT VILLAGE",197,"S","N","2015-12-18",9245,"2014-06-23",1935,"18624","9245","2","9","0","3",,"2","004","-","N",,0,0,,,0,,,,"Y",1,"A","-",23152,"A","N","A","H","-","A","D","0","Y","D","22",0,0,0,0,0,0,0,0,0,"-","-","UNINCORPORATED","EL DORADO","CA",-120.71964,38.60074
"6291369",-120.932493,38.748755,2014,"0900","4","6","1","09",1,3,"A",,,"Y",,"Y",1500,6,"D","C","A","LOTUS RD","SPRINGVALE RD",0,,"Y","2015-12-17",9245,"2014-06-14",1330,"18653",,"1","9","0","2",,"1","013","-","N",,0,0,,,0,,,,"Y",4,"A","-",21801,"A","N","A","H","-","A","D","0","Y","A","01",0,3,0,0,0,0,0,1,2,"-","-","UNINCORPORATED","EL DORADO","CA",-120.93242,38.74873
"6291150",-120.8673906,38.7411438,2014,"0900","5","6","1","01",1,0,"A",,,,,"Y",1500,1,"E","I","A","COLD SPRINGS RD","SALLY LN",175,"N","N","2014-08-20",9245,"2014-01-25",1335,"15563",,"1","9","0","3",,"2","002","-","N",,0,0,,,0,,,,"Y",1,"A","-",23152,"A","N","A","H","-","A","D","0","Y","A","07",0,0,0,0,0,0,0,0,0,"-","-","UNINCORPORATED","EL DORADO","CA",-120.86859,38.74056
"6290622",-120.8032695,38.9220708,2014,"0900","5","2","1","18",1,1,"A",,,,,,1500,3,"E","I","A","WENTWORTH SPRINGS RD","STARWOOD LN",551,"W","N","2014-06-05",9245,"2014-03-18",1218,"13463",,"1","9","0","3",,"2","002","-","N",,0,0,,,0,,,,"Y",1,"C","-",0,,"N","A","H","-","A","D","0","Y","-","-",1,0,0,0,0,0,0,0,0,"-","-","UNINCORPORATED","EL DORADO","CA",-120.80294,38.92215
"6290580",0,0,2014,"0900","5","5","1","01",1,0,"A",,,"Y",,"Y",2100,4,"C","C","A","MAIN ST","RICCI RD",0,,"Y","2015-12-29",9245,"2014-04-11",1905,"16451",,"2","9","0","3",,"2","002","-","N",,0,0,,,0,,,,"Y",2,"A","-",23152,"A","N","A","H","-","A","D","0","Y","C","02",0,0,0,0,0,0,0,1,0,"-","-","UNINCORPORATED","EL DORADO","CA",-120.91254,38.89642
"6290009",-121.0836307,38.7096612,2014,"0900","4","6","1","08",1,0,"C",,,,,,1200,1,"E","I","A","GREEN VALLEY RD","FRANCISCO DR",528,"E","N","2014-02-14",9245,"2014-01-11",1140,"15107",,"1","9","0","2",,"2","011","-","N",,0,0,,,0,,,,"Y",1,"A","-",22107,,"N","B","H","-","A","D","0","Y","A","01",0,0,0,0,0,0,0,0,0,"-","-","UNINCORPORATED","EL DORADO","CA",-121.0506,38.4233
"90272701",-120.987343,38.686185,2016,"0900","4","1","4","09",0,1,"A",,,,,,900,9,"D","C","A","CAMERON PARK DRIVE","VIRADA ROAD",0,,"Y","2016-09-21",9245,"2016-09-12",830,"013929",,"1","9","0","2",,"1","015","-","N",,0,0,,,0,,,,"Y",2,"A","-",21802,"A","N","A","H","-","A","A","0","Y","A","01",0,0,1,0,0,0,0,0,0,"-","-","UNINCORPORATED","EL DORADO","CA",-120.98685,38.68671
"90272895",0,0,2016,"0900","3","1","3","03",0,1,"A",,,"Y",,,1500,9,"F","A","A","STATE ROUTE 49","OLD FORESTHILL ROAD",6600,"S","N","2016-09-21",9245,"2016-09-12",1310,"013929",,"1","9","0","1",,"1","115","-","Y",,0,0,,,0,,,,"Y",1,"A","-",22350,,"N","A","H","-","A","D","0","Y","C","02",0,1,0,0,0,0,0,0,1,"-","-","UNINCORPORATED","EL DORADO","CA",-121.02269,38.91071
"90273122",0,0,2016,"0900","4","2","3","08",0,1,"A",,,,,,2400,9,"E","I","A","GREEN VALLEY ROAD","BROWNS RAVINE",322,"E","N","2016-09-21",9245,"2016-09-13",2100,"012833",,"2","9","0","2",,"2","011","-","N",,0,0,,,0,,,,"Y",1,"A","-",22107,,"N","A","H","-","D","D","0","Y","A","01",0,1,0,0,0,0,0,0,0,"-","-","UNINCORPORATED","EL DORADO","CA",-121.09069,38.70904
"90273130",-120.8405409,38.6702255,2016,"0900","5","2","3","08",0,1,"A",,,"Y",,,2100,9,"F","A","A","UNION MINE ROAD","WINDWARD WAY",450,"S","N","2016-09-21",9245,"2016-09-13",1820,"015263",,"2","9","0","3",,"2","004","-","N",,0,0,,,0,,,,"Y",1,"A","-",22107,,"N","A","H","-","A","D","0","Y","C","02",0,1,0,0,0,0,0,0,1,"-","-","UNINCORPORATED","EL DORADO","CA",-120.50257,38.40125
"90273132",0,0,2016,"0900","2","3","4","18",0,1,"A",,,,,,300,9,"H","H","A","US-50 W/B","SILVA VALLEY PKY",143,"E","N","2016-09-21",9245,"2016-09-14",220,"015263",,"3","9","0","1",,"2","110","-","Y",,0,0,,,0,,,,"Y",1,"C","-",0,,"N","A","H","-","C","D","0","Y","-","-",0,0,1,0,0,0,0,0,0,"-","-","UNINCORPORATED","EL DORADO","CA",-121.31352,38.39299
"90273885",0,0,2016,"0900","3","4","4","06",0,1,"A","Y",,,,,1800,9,"G","B","F","SR-49 S/B (PLEASANT VALLEY RD)","GRACE DR",50,"S","N","2016-09-26",9245,"2016-09-15",1500,"018663",,"2","9","0","1",,"1","135","-","Y",,0,0,,,0,,,,"N",2,"A","-",21755,,"N","A","H","-","A","D","0","Y","D","22",0,0,1,0,1,0,0,0,0,"-","-","UNINCORPORATED","EL DORADO","CA",-120.83538,38.68607
"90274070",0,0,2016,"0900","2","5","4","09",0,4,"A",,,,,,1500,9,"A","C","A","US-50 W/B","SIERRA BLANCA DR",0,,"Y","2016-09-22",9245,"2016-09-16",1255,"012382",,"1","9","0","1",,"2","140","-","Y",,0,0,,,0,,,,"Y",2,"A","-",21801,"A","N","A","H","-","A","A","0","Y","A","01",0,0,4,0,0,0,0,0,0,"-","-","UNINCORPORATED","EL DORADO","CA",-120.70749,38.73713
"90274500",-120.9718456,38.6581651,2016,"0900","5","5","3","09",0,1,"A",,,"Y",,,2400,9,"B","C","A","COACH LANE","STROLLING HILLS RD",25,"E","N","2016-09-23",9245,"2016-09-16",2305,"016328",,"3","9","0","3",,"2","003","-","N",,0,0,,,0,,,,"Y",2,"A","-",21804,"A","N","A","H","-","A","A","0","Y","A","07",0,1,0,0,0,0,0,0,1,"-","-","UNINCORPORATED","EL DORADO","CA",0,0
"90274570",-120.8712531,38.719745,2016,"0900","5","4","4","09",0,1,"A",,,,,,2100,9,"D","C","A","GREEN VALLEY RD","GREENWOOD RD",0,,"Y","2016-09-23",9245,"2016-09-01",2048,"018624",,"2","9","0","3",,"2","001","-","N",,0,0,,,0,,,,"Y",2,"A","-",21802,"A","N","A","H","-","D","D","0","Y","D","22",0,0,1,0,0,0,0,0,0,"-","-","UNINCORPORATED","EL DORADO","CA",-120.87119,38.71975
"90274913",-120.9286018,38.6712776,2016,"0900","4","5","4","03",0,2,"A",,,,,,1800,9,"C","C","A","NORTH SHINGLE ROAD","EASTVIEW DR",40,"S","N","2016-09-23",9245,"2016-09-16",1658,"018799",,"2","9","0","2",,"1","013","-","N",,0,0,,,0,,,,"Y",4,"A","-",22350,,"N","A","H","-","A","D","0","Y","A","08",0,0,2,0,0,0,0,0,0,"-","-","UNINCORPORATED","EL DORADO","CA",-120.92858,38.67124
"90274918",-120.7065475,38.6547336,2016,"0900","4","6","3","03",0,2,"A",,,"Y",,,1200,9,"F","A","A","BUCKS BAR RD","BUCKS BAR CIR",500,"S","N","2016-09-23",9245,"2016-09-17",1130,"012382",,"1","9","0","2",,"1","042","-","N",,0,0,,,0,,,,"N",1,"A","-",22350,,"N","A","H","-","A","A","0","Y","C","02",0,1,1,0,0,0,0,0,2,"-","-","UNINCORPORATED","EL DORADO","CA",-120.70159,38.65327
"90274921",0,0,2016,"0900","2","6","2","08",0,2,"A",,,,,,1800,9,"E","I","A","US-50","24 MILE STONE",312,"W","N","2016-09-23",9245,"2016-09-17",1740,"018782",,"2","9","0","1",,"1","160","-","Y",,0,0,,,0,,,,"Y",1,"A","-",22107,,"N","A","H","-","A","D","0","Y","A","07",1,0,1,0,0,0,0,0,0,"-","-","UNINCORPORATED","EL DORADO","CA",-120.41713,38.77546
"90274924",0,0,2016,"0900","5","6","3","01",0,2,"A",,,,,"Y",2100,9,"E","I","A","BUCKS BAR RD","MM 2.14",0,,"N","2016-09-27",9245,"2016-09-17",2020,"017364",,"2","9","0","3",,"2","004","-","N",,0,0,,,0,,,,"Y",1,"A","-",23152,"A","N","A","H","-","B","D","0","Y","A","01",0,2,0,0,0,0,0,0,0,"-","-","UNINCORPORATED","EL DORADO","CA",-120.71026,38.65498
"90276089",0,0,2016,"0900","5","2","2","05",0,1,"A",,,"Y",,,2100,9,"E","I","A","BEATTY DR","POWERS DRIVE",800,"N","N","2016-09-26",9245,"2016-09-13",2010,"017756",,"2","9","0","3",,"2","001","-","N",,0,0,,,0,,,,"N",1,"A","-",21650,,"N","A","H","-","B","D","0","Y","C","02",1,0,0,0,0,0,0,0,1,"-","-","UNINCORPORATED","EL DORADO","CA",-121.092,38.6804
"90277112",-121.0816292,38.6922112,2016,"0900","4","1","4","03",0,1,"A",,,,,,900,9,"C","C","A","EL DORADO HILLS BLVD","GOVERNOR DR",2112,"N","N","2016-09-27",9245,"2016-09-19",820,"013342",,"1","9","0","2",,"2","012","-","N",,0,0,,,0,,,,"Y",2,"A","-",22350,,"N","A","H","-","A","D","0","Y","A","07",0,0,1,0,0,0,0,0,0,"-","-","UNINCORPORATED","EL DORADO","CA",-121.08149,38.69184
"90277124",-120.662263,38.6827851,2016,"0900","4","3","4","00",0,1,"B",,,"Y",,,300,9,"F","A","A","MOUNT AUKUM RD","PLEASANT VALLEY RD",0,,"Y","2016-09-27",9245,"2016-09-21",225,"012833",,"3","9","0","2",,"1","042","-","N",,0,0,,,0,,,,"N",1,"D","-",0,,"N","A","H","-","D","D","0","Y","-","-",0,0,1,0,0,0,0,0,1,"-","-","UNINCORPORATED","EL DORADO","CA",-120.66423,38.67922
"90277158",0,0,2016,"0900","2","4","4","03",0,1,"A",,,,,,1800,9,"C","C","A","US-50 E/B","PONDEROSA RD",5280,"W","N","2016-09-27",9245,"2016-09-22",1720,"018663",,"2","9","0","1",,"2","110","-","Y",,0,0,,,0,,,,"N",2,"A","-",22350,,"N","A","H","-","A","D","0","Y","A","01",0,0,1,0,0,0,0,0,0,"-","-","UNINCORPORATED","EL DORADO","CA",-120.95756,38.65956
"90277168",-120.0401829,38.9340452,2016,"0900","3","5","3","09",0,1,"A",,,"Y",,,1800,9,"A","C","A","SR-89","JAMESON BEACH RD",0,,"Y","2016-09-27",9246,"2016-09-16",1535,"018006",,"2","9","0","1",,"1","030","-","Y",,0,0,,,0,,,,"Y",2,"A","-",21801,"A","N","A","H","-","A","D","0","Y","A","01",0,1,0,0,0,0,0,0,1,"-","-","UNINCORPORATED","EL DORADO","CA",-120.04017,38.93403
"90277204",-120.841523,38.7126451,2016,"0900","4","4","3","12",0,3,"B",,,,,,1200,9,"D","C","A","MISSOURI FLAT RD","PLAZA DR",0,,"Y","2016-09-27",9245,"2016-09-22",1010,"016465",,"1","9","0","2",,"2","011","-","N",,0,0,,,0,,,,"Y",2,"A","-",21453,"A","N","A","H","-","A","A","0","Y","A","01",0,1,2,0,0,0,0,0,0,"-","-","UNINCORPORATED","EL DORADO","CA",-120.84133,38.71274
"90277320",-120.3899751,38.7728725,2016,"0900","2","4","4","03",0,1,"B",,,,,,1800,9,"A","C","A","US-50","WHITEHALL BLUFFS RD",4224,"E","N","2016-09-27",9245,"2016-09-22",1600,"018782",,"2","9","0","1",,"1","160","C","Y",,0,0,,,0,,,,"Y",2,"A","-",22350,,"N","B","H","-","A","D","0","Y","A","01",0,0,1,0,0,0,0,0,0,"-","-","UNINCORPORATED","EL DORADO","CA",-120.41872,38.77526
"90277334",0,0,2016,"0900","4","4","4","08",0,2,"A",,,,,,1500,9,"E","I","A","LATROBE RD.","LATROBE CREEK RD.",1150,"S","N","2016-09-27",9245,"2016-09-22",1409,"018799",,"2","9","0","2",,"2","031","-","N",,0,0,,,0,,,,"Y",1,"A","-",22107,,"N","A","H","-","A","D","0","Y","A","01",0,0,2,0,0,0,0,0,0,"-","-","UNINCORPORATED","EL DORADO","CA",-121.0174,38.59475
"90277344",-120.9350769,38.7065797,2016,"0900","4","4","3","08",0,1,"A",,,,,,1800,9,"E","I","A","NORTH SHINGLE ROAD","RURAL LN",992,"S","N","2016-09-27",9245,"2016-09-22",1704,"018799",,"2","9","0","2",,"1","013","-","N",,0,0,,,0,,,,"Y",1,"A","-",22107,,"N","A","H","-","A","D","0","Y","A","01",0,1,0,0,0,0,0,0,0,"-","-","UNINCORPORATED","EL DORADO","CA",-120.93513,38.70655
"90277800",-120.9708742,38.7115559,2016,"0900","5","5","4","08",0,1,"A",,,,,,1200,9,"E","I","A","ULENKAMP RD","LOTTIE LN",146,"N","N","2016-09-28",9245,"2016-09-23",1115,"016465",,"1","9","0","3",,"2","002","-","N",,0,0,,,0,,,,"Y",1,"A","-",22107,,"N","A","H","-","A","D","0","Y","A","01",0,0,1,0,0,0,0,0,0,"-","-","UNINCORPORATED","EL DORADO","CA",-120.97084,38.71158
"90277946",0,0,2016,"0900","4","5","4","03",0,1,"A",,,,,,1500,9,"C","C","A","GREEN VALLEY RD","SOPHIA PARKWAY",18,"E","N","2016-09-28",9245,"2016-09-23",1240,"016465",,"1","9","0","2",,"2","011","-","N",,0,0,,,0,,,,"Y",2,"A","-",22350,,"N","A","H","-","A","A","0","Y","A","01",0,0,1,0,0,0,0,0,0,"-","-","UNINCORPORATED","EL DORADO","CA",-121.10661,38.70142
"90277966",-120.7054461,38.6924614,2016,"0900","5","5","3","08",0,1,"A",,,,,,300,9,"E","I","A","PLEASANT VALLEY RD","THORSON DR",320,"W","N","2016-09-28",9245,"2016-09-23",220,"018624",,"3","9","0","3",,"2","004","-","N",,0,0,,,0,,,,"Y",1,"A","-",22107,,"N","A","H","-","D","D","0","Y","A","01",0,1,0,0,0,0,0,0,0,"-","-","UNINCORPORATED","EL DORADO","CA",-120.70142,38.69075
"90278248",-120.9302724,38.8196503,2016,"0900","3","7","3","08",0,2,"A",,"Y","Y",,,1500,9,"C","G","A","STATE ROUTE 49","BACCHI ROAD",10,"N","N","2016-09-28",9245,"2016-09-25",1210,"013929",,"1","9","0","1",,"1","115","-","Y",,0,0,,,0,,,,"Y",2,"A","-",22107,,"N","A","H","-","A","D","0","Y","L","04",0,1,1,0,0,0,1,0,1,"-","-","UNINCORPORATED","EL DORADO","CA",-120.92831,38.81864
"90278253",-120.886643,38.7129851,2016,"0900","4","7","3","01",0,1,"A",,,,,"Y",1500,9,"E","I","A","GREEN VALLEY ROAD","COSTALOTTA DRIVE",0,,"Y","2016-09-28",9245,"2016-09-25",1310,"013929",,"1","9","0","2",,"2","011","-","N",,0,0,,,0,,,,"Y",1,"A","-",23152,"A","N","A","H","-","A","D","0","Y","A","07",0,1,0,0,0,0,0,0,0,"-","-","UNINCORPORATED","EL DORADO","CA",-120.88673,38.71297
"90278292",0,0,2016,"0900","2","7","3","09",0,2,"A",,,,,,1200,9,"D","C","A","US-50","LOWER CARSON RD/SIERRA BLANCA RD",0,,"Y","2016-09-28",9245,"2016-09-25",1155,"012315",,"1","9","0","1",,"2","140","-","Y",,0,0,,,0,,,,"Y",2,"A","-",21801,"A","N","A","H","-","A","D","0","Y","A","01",0,1,1,0,0,0,0,0,0,"-","-","UNINCORPORATED","EL DORADO","CA",-120.70774,38.73706
"90278494",-120.0101929,38.8654951,2016,"0900","5","1","4","12",0,1,"A",,"Y",,,,1800,9,"A","G","A","COUNTRY CLUB DR","US-50",0,,"Y","2016-09-28",9246,"2016-09-19",1710,"010056",,"2","9","0","3",,"2","200","-","Y",,0,0,,,0,,,,"N",2,"A","-",22450,"A","N","A","H","-","A","A","0","Y","L","04",0,0,1,0,0,0,1,0,0,"-","-","UNINCORPORATED","EL DORADO","CA",-120.01042,38.86549
"90280835",-120.7317864,38.9426002,2016,"0900","S","4","1","05",1,0,"A",,,,,"Y",1500,9,"E","I","A","WENTWORTH SPRINGS ROAD","HOMEWOOD DR",528,"W","N","2016-09-30",9245,"2016-09-22",1320,"012382",,"1","9","0","2",,"2","005","B","N",,0,0,,,0,,,,"Y",1,"A","-",21650,,"N","A","H","-","A","A","0","Y","A","01",0,0,0,0,0,0,0,0,0,"-","-","UNINCORPORATED","EL DORADO","CA",-120.73187,38.94254
"90280865",-120.9535274,38.900121,2016,"0900","5","2","1","05",1,1,"A",,,,,,1800,8,"A","C","A","SR-193","TEGRA ROAD",2650,"E","N","2016-09-30",9245,"2016-08-09",1510,"017756",,"2","9","0","3",,"2","002","-","Y",,0,0,,,0,,,,"Y",2,"A","-",21460,"A","N","A","H","-","A","D","0","Y","A","07",1,0,0,0,0,0,0,0,0,"-","-","UNINCORPORATED","EL DORADO","CA",-120.9543,32.8996
"90281268",-120.7745934,38.7419816,2016,"0900","S","6","4","05",0,3,"A",,,,,,1500,9,"A","C","A","CARSON ROAD","WHISPERING WIND DR",170,"E","N","2016-09-30",9245,"2016-09-24",1420,"018782",,"2","9","0","2",,"2","005","-","N",,0,0,,,0,,,,"Y",2,"A","-",21650,,"N","A","H","-","A","D","0","Y","A","01",0,0,3,0,0,0,0,0,0,"-","-","UNINCORPORATED","EL DORADO","CA",-120.77469,38.74144
"90281861",0,0,2016,"0900","3","6","4","08",0,1,"A",,,,,,2400,10,"E","I","A","STATE ROUTE 89","DL BLISS STATE PK",1584,"N","N","2016-10-03",9246,"2016-10-01",2148,"018916",,"2","9","0","1",,"1","031","-","Y",,0,0,,,0,,,,"Y",1,"A","-",22107,,"N","A","H","-","D","D","0","Y","A","07",0,0,1,0,0,0,0,0,0,"-","-","UNINCORPORATED","EL DORADO","CA",-120.1046,38.98132
"90282686",-120.9431631,38.676935,2016,"0900","4","3","2","08",0,3,"A",,,,,,2100,9,"D","C","A","PONDEROSA RD","CACTUS RD",0,,"Y","2016-10-03",9245,"2016-09-21",2024,"017897",,"2","9","0","2",,"1","013","-","N",,0,0,,,0,,,,"Y",2,"A","-",22107,,"N","A","H","-","D","D","0","Y","A","01",1,2,0,0,0,0,0,0,0,"-","-","UNINCORPORATED","EL DORADO","CA",-120.94311,38.67666
"90283455",-120.8235745,38.8629686,2016,"0900","5","7","3","01",0,2,"A",,,,,"Y",1800,9,"A","C","A","MEADOWBROOK ROAD","SLODUSTY RD",84,"E","N","2016-10-13",9245,"2016-09-25",1700,"017756",,"2","9","0","3",,"2","002","-","Y",,0,0,,,0,,,,"Y",2,"A","-",23152,"A","N","A","H","-","A","D","0","Y","D","22",0,1,1,0,0,0,0,0,0,"-","-","UNINCORPORATED","EL DORADO","CA",-120.8236,38.863
"90283751",0,0,2016,"0900","4","7","3","01",0,1,"A",,,,,"Y",2100,9,"E","I","A","SLY PARK RD","MAYFLOWER RD",150,"N","N","2016-10-04",9245,"2016-09-25",2010,"015607",,"2","9","0","2",,"1","043","-","N",,0,0,,,0,,,,"Y",1,"A","-",23152,"A","N","A","H","-","D","D","0","Y","A","07",0,1,0,0,0,0,0,0,0,"-","-","UNINCORPORATED","EL DORADO","CA",-120.5611,38.7577
"90283842",-120.699643,38.6059417,2016,"0900","4","2","3","05",0,1,"A",,,,,,1500,9,"B","C","A","FAIRPLAY RD","PERRY CREEK RD",1056,"S","N","2016-10-04",9245,"2016-09-27",1220,"012315",,"1","9","0","2",,"1","042","-","N",,0,0,,,0,,,,"N",2,"A","-",21460,"A","N","A","H","-","A","D","0","Y","-","-",0,1,0,0,0,0,0,0,0,"-","-","UNINCORPORATED","EL DORADO","CA",-120.66054,38.59036
"90284178",0,0,2016,"0900","2","3","3","01",0,1,"A",,,,,,900,9,"E","I","A","US-50 W/B","SNOWS RD",230,"W","N","2016-10-05",9245,"2016-09-07",823,"017089",,"1","9","0","1",,"2","140","-","Y",,0,0,,,0,,,,"Y",1,"A","-",23152,"E","N","A","H","-","A","D","0","Y","A","01",0,1,0,0,0,0,0,0,0,"-","-","UNINCORPORATED","EL DORADO","CA",0,0
"90284244",-120.6991272,38.6512028,2016,"0900","4","2","4","08",0,1,"A",,,,,,2400,9,"E","I","A","BUCKS BAR RD","YOSEMITE LN",185,"S","N","2016-10-05",9245,"2016-09-27",2255,"015607",,"3","9","0","2",,"1","042","-","N",,0,0,,,0,,,,"Y",1,"A","-",22107,,"N","A","H","-","D","D","0","Y","A","01",0,0,1,0,0,0,0,0,0,"-","-","UNINCORPORATED","EL DORADO","CA",-120.6988,38.6512
"90284402",0,0,2016,"0900","4","3","3","08",0,1,"A",,,,,,1200,9,"E","I","A","EL DORADO HILLS BOULEVARD","CROWN DRIVE",1000,"S","N","2016-10-05",9245,"2016-09-28",1005,"017089",,"1","9","0","2",,"2","012","-","N",,0,0,,,0,,,,"Y",1,"A","-",22107,,"N","A","H","-","A","D","0","Y","A","08",0,1,0,0,0,0,0,0,0,"-","-","UNINCORPORATED","EL DORADO","CA",-121.08206,38.69354
"90284715",-120.9985831,38.657725,2016,"0900","2","5","4","03",0,1,"A",,,,,,1500,9,"C","C","A","CAMBRIDGE RD","MERRYCHASE DR",0,,"N","2016-10-05",9245,"2016-09-30",1405,"017364",,"2","9","0","1",,"2","110","-","Y",,0,0,,,0,,,,"Y",2,"A","-",22350,,"N","A","H","-","A","A","0","Y","A","01",0,0,1,0,0,0,0,0,0,"-","-","UNINCORPORATED","EL DORADO","CA",-120.99803,38.658