"CASEID","POINT_X","POINT_Y","YEAR_","LOCATION","CHPTYPE","DAYWEEK","CRASHSEV","VIOLCAT","KILLED","INJURED","WEATHER1","PEDCOL","BICCOL","MCCOL","TRUCKCOL","ETOH","TIMECAT","MONTH_","CRASHTYP","INVOLVE","PED","PRIMARYRD","SECONDRD","DISTANCE","DIRECT","INTERSECT_","PROCDATE","JURIS","DATE_","TIME_","BADGE","JURIDIST","SHIFT","POP","SPECIAL","BEATTYPE","LAPDDIV","BEATCLAS","BEATNUMB","WEATHER2","STATEHW","CALTRANC","CALTRAND","STROUTE","ROUTESUF","POSTPRE","POSTMILE","LOCATYPE","RAMP","SIDEHW","TOWAWAY","PARTIES","PCF","VIOLCODE","VIOL","VIOLSUB","HITRUN","ROADSURF","RDCOND1","RDCOND2","LIGHTING","RIGHTWAY","CHPRDTYP","NOTPRIV","STFAULT","CHPFAULT","SEVINJ","OTHERINJ","COP","PEDKILL","PEDINJ","BICKILL","BICINJ","MCKILL","MCINJURE","RAMP1","RAMP2","CITY","COUNTY","STATE","X_CHP","Y_CHP"
"90284873",0,0,2016,"0900","5","7","4","01",0,1,"A",,,,,,1200,9,"E","I","A","FORNI RD","CRIBBS RD",450,"E","N","2016-10-05",9245,"2016-09-25",955,"013463",,"1","9","0","3",,"2","003","-","N",,0,0,,,0,,,,"Y",1,"A","-",23152,"E","N","A","H","-","A","D","0","Y","A","01",0,0,1,0,0,0,0,0,0,"-","-","UNINCORPORATED","EL DORADO","CA",-120.87951,38.72936
"90285636",-120.8199663,38.7974086,2016,"0900","3","5","2","03",0,1,"A",,,"Y",,,1800,9,"F","I","A","SR-193","NORTH KELSEY AVE",260,"N","N","2016-10-06",9245,"2016-09-30",1515,"018782",,"2","9","0","1",,"1","122","-","Y",,0,0,,,0,,,,"N",1,"A","-",22350,,"N","A","H","-","A","D","0","Y","C","02",1,0,0,0,0,0,0,0,1,"-","-","UNINCORPORATED","EL DORADO","CA",-120.81984,38.80792
"90285783",-120.9305538,38.6930763,2016,"0900","4","4","3","06",0,1,"A",,,,,,1200,9,"A","C","A","NORTH SHINGLE ROAD","BLACK OAK DR",1300,"N","N","2016-10-06",9245,"2016-09-29",1145,"018656",,"1","9","0","2",,"1","013","-","N",,0,0,,,0,,,,"Y",2,"A","-",21751,,"N","A","H","-","A","D","0","Y","A","01",0,1,0,0,0,0,0,0,0,"-","-","UNINCORPORATED","EL DORADO","CA",-120.92999,38.69202
"90286594",-120.9538089,38.6129427,2016,"0900","4","5","2","03",0,2,"A",,,,,,1800,9,"E","I","A","SOUTH SHINGLE ROAD","TWILIGHT LN",865,"S","N","2016-10-07",9245,"2016-09-23",1758,"017897",,"2","9","0","2",,"1","032","-","N",,0,0,,,0,,,,"Y",1,"A","-",22350,,"N","A","H","-","A","D","0","Y","A","01",1,1,0,0,0,0,0,0,0,"-","-","UNINCORPORATED","EL DORADO","CA",-120.95379,38.61281
"90287651",-121.0003431,38.6612751,2016,"0900","5","5","3","12",0,1,"A",,,,,,1800,9,"D","C","A","COUNTRY CLUB DR","KNOLLWOOD DR",0,,"Y","2016-10-10",9245,"2016-09-30",1632,"017364",,"2","9","0","3",,"2","001","-","N",,0,0,,,0,,,,"Y",3,"A","-",22450,"A","N","A","H","-","A","A","0","Y","D","22",0,1,0,0,0,0,0,0,0,"-","-","UNINCORPORATED","EL DORADO","CA",-121.00035,38.66108
"90287907",-120.1228353,39.0406862,2016,"0900","3","2","3","05",0,3,"B",,,,,,2100,10,"A","C","A","SR-89","DRUM RD",528,"S","N","2016-10-10",9246,"2016-10-04",1948,"018206",,"2","9","0","1",,"1","031","-","Y",,0,0,,,0,,,,"Y",2,"A","-",21460,"A","N","A","H","-","D","D","0","Y","A","07",0,3,0,0,0,0,0,0,0,"-","-","UNINCORPORATED","EL DORADO","CA",-120.1223,39.0409
"90288371",0,0,2016,"0900","2","6","4","03",0,1,"A",,,,,,900,10,"C","C","A","US-50 E/B","PONDEROSA RD",1000,"W","N","2016-10-31",9245,"2016-10-01",800,"018656",,"1","9","0","1",,"2","110","-","Y",,0,0,,,0,,,,"Y",2,"A","-",22350,,"N","A","H","-","A","D","0","Y","A","01",0,0,1,0,0,0,0,0,0,"-","-","UNINCORPORATED","EL DORADO","CA",-120.94837,38.66048
"90288462",-121.0603267,38.7430882,2016,"0900","4","7","4","08",0,1,"A",,,"Y",,,900,10,"F","A","A","SALMON FALLS ROAD","FREDLENA LN",200,"S","N","2016-10-10",9245,"2016-10-02",735,"013342",,"1","9","0","2",,"2","012","-","N",,0,0,,,0,,,,"Y",1,"A","-",22107,,"N","A","H","-","A","D","0","Y","C","02",0,0,1,0,0,0,0,0,1,"-","-","UNINCORPORATED","EL DORADO","CA",-121.06044,38.74301
"90288478",0,0,2016,"0900","4","1","2","05",0,1,"A",,,,,,300,10,"E","I","A","LATROBE ROAD","THROTTLE LANE",1015,"N","N","2016-10-10",9245,"2016-10-03",5,"012833",,"3","9","0","2",,"2","031","-","N",,0,0,,,0,,,,"Y",1,"A","-",21650,,"N","A","H","-","D","D","0","Y","A","07",1,0,0,0,0,0,0,0,0,"-","-","UNINCORPORATED","EL DORADO","CA",-120.98946,38.56522
"90288684",0,0,2016,"0900","2","7","3","03",0,1,"D",,,,,,2100,10,"A","C","A","US-50","ECHO VIADUCT",20,"E","N","2016-10-11",9246,"2016-10-02",1834,"014302",,"2","9","0","1",,"1","021","-","Y",,0,0,,,0,,,,"Y",2,"A","-",22350,,"N","C","H","-","D","D","0","Y","A","07",0,1,0,0,0,0,0,0,0,"-","-","UNINCORPORATED","EL DORADO","CA",0,0
"90289107",0,0,2016,"0900","2","4","4","05",0,1,"A",,,,,,1500,10,"E","I","A","US-50","STILL MEADOW RD",1584,"W","N","2016-10-11",9245,"2016-10-06",1300,"012382",,"1","9","0","1",,"2","140","-","Y",,0,0,,,0,,,,"N",1,"A","-",21650,,"N","A","H","-","A","A","0","Y","A","01",0,0,1,0,0,0,0,0,0,"-","-","UNINCORPORATED","EL DORADO","CA",-120.73461,38.73798
"90291621",-121.1017631,38.704425,2016,"0900","4","6","3","08",0,1,"A",,,,,"Y",600,10,"E","I","A","GREEN VALLEY ROAD","LAKERIDGE OAKS DRIVE",0,,"Y","2016-10-13",9245,"2016-10-08",555,"017089",,"3","9","0","2",,"2","011","-","N",,0,0,,,0,,,,"Y",1,"A","-",22107,,"N","A","H","-","D","D","0","Y","D","22",0,1,0,0,0,0,0,0,0,"-","-","UNINCORPORATED","EL DORADO","CA",-121.10109,38.70473
"90292066",-121.0273463,38.6557907,2016,"0900","5","6","4","08",0,1,"A",,,,,,1800,10,"E","I","A","COUNTRY CLUB DRIVE","BASS LAKE ROAD",784,"E","N","2016-10-14",9245,"2016-10-08",1650,"018782",,"2","9","0","3",,"2","001","-","N",,0,0,,,0,,,,"Y",1,"A","-",22107,,"N","A","H","-","A","D","0","Y","A","07",0,0,1,0,0,0,0,0,0,"-","-","UNINCORPORATED","EL DORADO","CA",-121.02812,38.65614
"90292163",0,0,2016,"0900","5","7","2","08",0,2,"A",,,"Y",,,1200,10,"F","A","A","WENTWORTH SPRINGS ROAD","STUMPY MEADOWS ",0,,"N","2016-10-14",9245,"2016-10-09",1100,"013342",,"1","9","0","3",,"2","002","-","N",,0,0,,,0,,,,"Y",2,"A","-",22107,,"N","A","H","-","A","D","0","Y","C","02",1,1,0,0,0,0,0,0,2,"-","-","UNINCORPORATED","EL DORADO","CA",-120.60351,38.9051
"90292227",-120.8015214,38.6948773,2016,"0900","4","1","4","08",0,1,"A",,,,,,600,10,"E","I","A","PLEASANT VALLEY ROAD","KARL DRIVE",20,"W","N","2016-10-14",9245,"2016-10-10",300,"015263",,"3","9","0","2",,"1","041","-","N",,0,0,,,0,,,,"Y",1,"A","-",22107,,"N","A","H","-","D","D","0","Y","D","22",0,0,1,0,0,0,0,0,0,"-","-","UNINCORPORATED","EL DORADO","CA",-120.48578,38.4142
"90292310",0,0,2016,"0900","4","3","4","07",0,1,"A",,,,,,1500,10,"C","A","A","EL DORADO HILLS BLVD","HARVARD WAY",150,"S","N","2016-10-14",9245,"2016-10-12",1247,"018756",,"1","9","0","2",,"2","012","-","N",,0,0,,,0,,,,"Y",2,"A","-",21658,"A","N","A","D","-","A","A","0","Y","A","01",0,0,1,0,0,0,0,0,0,"-","-","UNINCORPORATED","EL DORADO","CA",-121.04371,38.40428
"90293447",0,0,2016,"0900","2","4","2","01",0,1,"A",,,,,"Y",900,10,"B","C","A","US-50 W/B","SILVA VALLEY PARKWAY",15,"E","N","2016-10-17",9245,"2016-10-06",830,"017089",,"1","9","0","1",,"2","110","-","Y",,0,0,,,0,,,,"Y",2,"A","-",23152,"A","N","A","H","-","A","D","0","Y","A","07",1,0,0,0,0,0,0,0,0,"-","-","UNINCORPORATED","EL DORADO","CA",-121.05603,38.65789
"90294681",-120.9804789,38.6734544,2016,"0900","4","6","3","01",0,1,"A",,,,,"Y",600,10,"E","I","A","CAMERON PARK DR","OXFORD RD",1380,"S","N","2016-10-18",9245,"2016-10-08",320,"018799",,"3","9","0","2",,"1","015","-","N",,0,0,,,0,,,,"Y",1,"A","-",23152,"A","N","A","H","-","D","D","0","Y","A","01",0,1,0,0,0,0,0,0,0,"-","-","UNINCORPORATED","EL DORADO","CA",-120.98052,38.67347
"90294751",-121.0738137,38.7170691,2016,"0900","4","1","3","08",0,1,"A",,,"Y",,,1200,10,"E","I","A","SALMON FALLS RD","LAKEHILLS DR",1584,"N","N","2016-10-18",9245,"2016-10-10",1130,"013463",,"1","9","0","2",,"2","012","-","N",,0,0,,,0,,,,"N",1,"A","-",22107,,"N","A","H","-","A","D","0","Y","C","02",0,1,0,0,0,0,0,0,1,"-","-","UNINCORPORATED","EL DORADO","CA",-121.07342,38.71739
"90294866",0,0,2016,"0900","2","5","4","03",0,1,"C",,,,,,1200,10,"C","C","A","US-50 W/B","GREENSTONE ROAD",100,"W","N","2016-10-18",9245,"2016-10-14",1140,"018756",,"1","9","0","1",,"2","120","-","Y",,0,0,,,0,,,,"Y",2,"A","-",22350,,"N","B","H","-","A","D","0","Y","A","01",0,0,1,0,0,0,0,0,0,"-","-","UNINCORPORATED","EL DORADO","CA",-120.53209,38.41451
"90294882",0,0,2016,"0900","2","5","3","03",0,1,"B",,,,"Y",,1200,10,"B","C","A","US-50 W/B","SMITH FLAT RD",333,"W","N","2016-10-18",9245,"2016-10-14",1105,"012382",,"1","9","0","1",,"2","140","C","Y",,0,0,,,0,,,,"Y",2,"A","-",22350,,"N","B","H","-","A","A","0","Y","G","25",0,1,0,0,0,0,0,0,0,"-","-","UNINCORPORATED","EL DORADO","CA",-120.77214,38.73386
"90294903",-120.8378254,38.7103039,2016,"0900","4","5","4","03",0,2,"B",,,,,,1800,10,"C","C","A","MISSOURI FLAT RD","MOTHER LODE DR",20,"S","N","2016-10-18",9245,"2016-10-14",1632,"012366","9245","2","9","0","2",,"1","037","C","N",,0,0,,,0,,,,"Y",2,"A","-",22350,,"N","B","H","-","A","A","0","Y","A","01",0,0,2,0,0,0,0,0,0,"-","-","UNINCORPORATED","EL DORADO","CA",-120.83775,38.71034
"90295183",-120.674722,38.6927684,2016,"0900","4","5","4","03",0,2,"C",,,,,,1500,10,"D","C","A","PLEASANT VALLEY ROAD","NEWTOWN ROAD",400,"E","N","2016-10-18",9245,"2016-10-14",1435,"018782",,"2","9","0","2",,"1","041","-","N",,0,0,,,0,,,,"Y",2,"A","-",22350,,"N","B","H","-","A","D","0","Y","A","01",0,0,2,0,0,0,0,0,0,"-","-","UNINCORPORATED","EL DORADO","CA",-120.67474,38.69305
"90295635",0,0,2016,"0900","2","5","4","08",0,1,"B",,,,,,1200,10,"E","I","A","US-50 W/B","BASS LAKE ROAD",3168,"E","N","2016-10-19",9245,"2016-10-14",1005,"017089",,"1","9","0","1",,"2","110","C","Y",,0,0,,,0,,,,"Y",1,"A","-",22107,,"N","B","H","-","A","D","0","Y","A","01",0,0,1,0,0,0,0,0,0,"-","-","UNINCORPORATED","EL DORADO","CA",-121.01989,38.65536
"90295838",-120.7603342,38.6931645,2016,"0900","5","5","2","03",0,1,"B",,,,,,1800,10,"F","I","A","CEDAR RAVINE ROAD","QUARRY ROAD",1584,"N","N","2016-10-19",9245,"2016-10-14",1555,"018782",,"2","9","0","3",,"2","004","C","N",,0,0,,,0,,,,"Y",1,"A","-",22350,,"N","B","H","-","A","D","0","Y","A","01",1,0,0,0,0,0,0,0,0,"-","-","UNINCORPORATED","EL DORADO","CA",-120.76049,38.69418
"90296038",-121.0242582,38.6551678,2016,"0900","2","7","4","08",0,1,"B",,,,,,1800,10,"E","I","A","US 50 EB","BASS LAKE ROAD",1584,"E","N","2016-10-19",9245,"2016-10-16",1645,"015421",,"2","9","0","1",,"2","110","C","Y",,0,0,,,0,,,,"Y",1,"A","-",22107,,"N","B","H","-","A","D","0","Y","A","01",0,0,1,0,0,0,0,0,0,"-","-","UNINCORPORATED","EL DORADO","CA",-121.0154,38.65498
"90296169",-121.0346942,38.6548827,2016,"0900","2","7","4","08",0,1,"B",,,,,,1800,10,"E","I","A","US 50 WESTBOUND","BASS LAKE ROAD",1413,"W","N","2016-10-19",9245,"2016-10-16",1550,"015421",,"2","9","0","1",,"2","110","C","Y",,0,0,,,0,,,,"Y",1,"A","-",22107,,"N","B","H","-","A","D","0","Y","A","01",0,0,1,0,0,0,0,0,0,"-","-","UNINCORPORATED","EL DORADO","CA",-121.03488,38.65529
"90296208",0,0,2016,"0900","2","7","4","03",0,1,"B",,,,,,1200,10,"E","I","A","US-50 W/B","SMITH FLAT RD",224,"W","N","2016-10-19",9245,"2016-10-16",1025,"012315",,"1","9","0","1",,"2","140","C","Y",,0,0,,,0,,,,"Y",1,"A","-",22350,,"N","B","H","-","A","D","0","Y","D","22",0,0,1,0,0,0,0,0,0,"-","-","UNINCORPORATED","EL DORADO","CA",-120.77211,38.73389
"90296266",0,0,2016,"0900","2","6","3","03",0,2,"B",,,,,,1200,10,"E","I","A","US-50","TWIN BRIDGES RD",4,"E","N","2016-10-19",9246,"2016-10-15",1025,"017757",,"1","9","0","1",,"1","020","-","Y",,0,0,,,0,,,,"Y",1,"A","-",22350,,"N","A","H","-","A","D","0","Y","A","01",0,1,1,0,0,0,0,0,0,"-","-","UNINCORPORATED","EL DORADO","CA",-120.12269,38.80542
"90296296",0,0,2016,"0900","2","1","4","03",0,1,"B",,,,,,600,10,"E","I","A","US-50 E/B","SCHNELL SCHOOL RD",260,"E","N","2016-10-19",9245,"2016-10-17",555,"012315",,"3","9","0","1",,"2","140","C","Y",,0,0,,,0,,,,"Y",2,"A","-",22350,,"N","B","H","-","D","D","0","Y","D","22",0,0,1,0,0,0,0,0,0,"-","-","UNINCORPORATED","EL DORADO","CA",-120.77004,38.73282
"90298315",0,0,2016,"0900","3","4","4","08",0,1,"A",,,,,,900,10,"E","I","A","PLEASANT VALLEY RD.","ORIENTAL ST.",120,"W","N","2016-10-21",9245,"2016-10-20",845,"018756",,"1","9","0","1",,"1","135","-","N",,0,0,,,0,,,,"Y",1,"A","-",22107,,"N","A","H","-","A","D","0","Y","D","22",0,0,1,0,0,0,0,0,0,"-","-","UNINCORPORATED","EL DORADO","CA",-120.51004,38.40577
"90298397",-120.3766134,38.8219972,2016,"0900","4","4","4","03",0,3,"A",,,,,,1200,10,"D","C","A","ICE HOUSE RD","BIG HILL LOOKOUT ROAD",4224,"S","N","2016-10-21",9245,"2016-10-20",1130,"018756",,"1","9","0","2",,"1","026","-","N",,0,0,,,0,,,,"Y",2,"A","-",22350,,"N","A","H","-","A","D","0","Y","A","07",0,0,3,0,0,0,0,0,0,"-","-","UNINCORPORATED","EL DORADO","CA",-120.37651,38.82144
"90300448",0,0,2016,"0900","2","5","4","03",0,1,"C",,,,,,1800,10,"F","I","A","US-50 W/B","BASS LAKE RD",3168,"E","N","2016-10-25",9245,"2016-10-14",1530,"017364",,"2","9","0","1",,"2","110","-","Y",,0,0,,,0,,,,"Y",1,"A","-",22350,,"N","B","H","-","A","D","0","Y","A","01",0,0,1,0,0,0,0,0,0,"-","-","UNINCORPORATED","EL DORADO","CA",-121.01893,38.65531
"90300848",0,0,2016,"0900","2","3","3","08",0,1,"B",,,,,"Y",300,10,"E","I","A","US-50 E/B","BARRAGAN COURT",235,"E","N","2016-10-25",9245,"2016-10-19",140,"015263",,"3","9","0","1",,"2","140","-","Y",,0,0,,,0,,,,"Y",1,"A","-",22107,,"N","A","H","-","D","D","0","Y","A","01",0,1,0,0,0,0,0,0,0,"-","-","UNINCORPORATED","EL DORADO","CA",-120.44463,38.43549
"90300950",0,0,2016,"0900","3","3","3","08",0,1,"A",,,,,,2400,10,"E","I","A","SR-49 (PLEASANT VALLEY RD.)","PATTERSON DR",1700,"E","N","2016-10-25",9245,"2016-10-19",2115,"018799",,"2","9","0","1",,"1","135","-","Y",,0,0,,,0,,,,"N",1,"A","-",22107,,"N","A","H","-","D","D","0","Y","A","01",0,1,0,0,0,0,0,0,0,"-","-","UNINCORPORATED","EL DORADO","CA",-120.829,38.69086
"90301022",-120.906373,38.668075,2016,"0900","5","4","2","03",0,1,"A",,,"Y",,"Y",1800,10,"B","C","A","MOTHER LODE DR","BUCKEYE RD",0,,"Y","2016-10-25",9245,"2016-10-20",1618,"018663",,"2","9","0","3",,"2","003","-","N",,0,0,,,0,,,,"Y",2,"A","-",22350,,"N","A","H","-","A","D","0","Y","C","02",1,0,0,0,0,0,0,0,1,"-","-","UNINCORPORATED","EL DORADO","CA",-120.91822,38.66735
"90301191",-119.9944629,38.8704352,2016,"0900","4","1","4","09",0,1,"B",,,,,,1200,10,"D","C","A","PIONEER TRAIL","ELKS CLUB DR",0,,"Y","2016-10-25",9246,"2016-10-24",1055,"010056",,"1","9","0","2",,"1","024","-","N",,0,0,,,0,,,,"Y",2,"A","-",21802,"A","N","A","H","-","A","A","0","Y","A","07",0,0,1,0,0,0,0,0,0,"-","-","UNINCORPORATED","EL DORADO","CA",-119.99459,38.87046
"90306934",0,0,2016,"0900","3","1","4","03",0,1,"A",,,,,,900,10,"A","C","A","STATE ROUTE 49","PLACER COUNTY LINE",2112,"S","N","2016-10-31",9245,"2016-10-17",740,"013463",,"1","9","0","1",,"1","115","-","Y",,0,0,,,0,,,,"Y",3,"A","-",22350,,"N","B","H","-","B","D","0","Y","A","01",0,0,1,0,0,0,0,0,0,"-","-","UNINCORPORATED","EL DORADO","CA",-121.03292,38.90989
"90307317",0,0,2016,"0900","3","4","3","06",0,1,"B",,,,,,1200,10,"B","C","A","SR-89 ","ALPINE/EL DORADO COUNTY LINE",9504,"N","N","2016-11-17",9246,"2016-10-27",920,"017757",,"1","9","0","1",,"1","023","-","Y",,0,0,,,0,,,,"Y",2,"A","-",21750,,"N","B","H","-","A","D","0","Y","A","07",0,1,0,0,0,0,0,0,0,"-","-","UNINCORPORATED","EL DORADO","CA",-119.97353,38.79673
"90307778",0,0,2016,"0900","3","5","3","03",0,1,"A",,,"Y",,,1800,10,"E","I","A","SR-49","JEEP TRL",0,,"N","2016-10-31",9245,"2016-10-21",1556,"017364",,"2","9","0","1",,"1","115","-","Y",,0,0,,,0,,,,"Y",1,"A","-",22350,,"N","A","H","-","A","D","0","Y","C","02",0,1,0,0,0,0,0,0,1,"-","-","UNINCORPORATED","EL DORADO","CA",-121.02061,38.91028
"90307838",-121.072003,38.6601851,2016,"0900","4","6","3","09",0,3,"A",,,,,,1200,10,"D","C","A","EL DORADO HILLS BOULEVARD","SERRANO PARKWAY",0,,"Y","2016-10-31",9245,"2016-10-22",1125,"017089",,"1","9","0","2",,"2","012","-","N",,0,0,,,0,,,,"Y",3,"A","-",21453,"C","N","A","H","-","A","A","0","Y","D","22",0,2,1,0,0,0,0,0,0,"-","-","UNINCORPORATED","EL DORADO","CA",-121.0717,38.65998
"90307844",0,0,2016,"0900","2","6","3","03",0,2,"A",,,,,,1500,10,"C","C","A","US-50 E/B","CAMERON PARK DRIVE",150,"E","N","2016-10-31",9245,"2016-10-22",1255,"017089",,"1","9","0","1",,"2","110","-","Y",,0,0,,,0,,,,"Y",4,"A","-",22350,,"N","A","H","-","A","D","0","Y","A","01",0,1,1,0,0,0,0,0,0,"-","-","UNINCORPORATED","EL DORADO","CA",-120.96712,38.65945
"90307851",0,0,2016,"0900","2","6","3","03",0,1,"A",,,,,,1800,10,"C","C","A","US-50 E/B","CARSON RD",150,"W","N","2016-10-31",9245,"2016-10-22",1500,"018213",,"2","9","0","1",,"2","140","-","Y",,0,0,,,0,,,,"Y",2,"A","-",22350,,"F","A","H","-","A","D","0","Y","A","01",0,1,0,0,0,0,0,0,0,"-","-","UNINCORPORATED","EL DORADO","CA",-120.69792,38.73984
"90307867",0,0,2016,"0900","2","6","3","01",0,1,"A",,,,,"Y",600,10,"C","C","A","US-50 W/B","BASS LAKE RD",180,"W","N","2016-11-01",9245,"2016-10-22",510,"018799",,"3","9","0","1",,"2","110","-","Y",,0,0,,,0,,,,"Y",2,"A","-",23152,"A","N","A","H","-","C","D","0","Y","A","01",0,1,0,0,0,0,0,0,0,"-","-","UNINCORPORATED","EL DORADO","CA",-121.03052,38.65546
"90310776",0,0,2016,"0900","2","5","3","03",0,13,"A",,,,,,1800,10,"C","C","A","US-50 W/B","LOCUST AVE",10,"W","N","2016-11-03",9245,"2016-10-21",1510,"018213",,"2","9","1","1",,"2","140","-","Y",,0,0,,,0,,,,"N",2,"A","-",22350,,"N","A","H","-","A","D","0","Y","A","01",0,1,12,0,0,0,0,0,0,"-","-","UNINCORPORATED","EL DORADO","CA",-120.79418,38.73078
"90311000",-120.8532131,38.7388851,2016,"0900","4","5","3","03",0,1,"C",,,,,,2100,10,"E","I","A","COLD SPRINGS ROAD","GOOD SHEPARD LN",0,,"N","2016-11-03",9245,"2016-10-14",1855,"017364",,"2","9","0","2",,"1","014","-","N",,0,0,,,0,,,,"Y",2,"A","-",22350,,"N","B","H","-","D","D","0","Y","D","22",0,1,0,0,0,0,0,0,0,"-","-","UNINCORPORATED","EL DORADO","CA",-120.85329,38.739
"90311018",-120.383833,38.9755313,2016,"0900","5","7","2","03",0,1,"A",,,"Y",,,1800,10,"F","I","A","WENTWORTH SPRINGS RD","ICE HOUSE RD",18480,"W","N","2016-11-03",9245,"2016-10-23",1530,"012366",,"2","9","0","3",,"2","002","-","N",,0,0,,,0,,,,"Y",1,"A","-",22350,,"N","A","H","-","A","D","0","Y","C","02",1,0,0,0,0,0,0,0,1,"-","-","UNINCORPORATED","EL DORADO","CA",-120.45001,38.94382
"90311034",-120.880624,38.7202711,2016,"0900","4","2","4","08",0,1,"B",,,,,,1800,10,"F","A","A","GREEN VALLEY RD","MORTARA CIR",159,"W","N","2016-11-03",9245,"2016-10-25",1500,"015421",,"2","9","0","2",,"2","011","C","N",,0,0,,,0,,,,"Y",1,"A","-",22107,,"N","B","H","-","A","D","0","Y","A","01",0,0,1,0,0,0,0,0,0,"-","-","UNINCORPORATED","EL DORADO","CA",-120.88092,38.72028
"90312388",-120.8617891,38.6943052,2016,"0900","5","2","4","03",0,1,"B",,,,,,900,10,"E","I","A","EL DORADO ROAD","MOTHER LODE DR",1056,"N","N","2016-11-07",9245,"2016-10-25",820,"013463",,"1","9","0","3",,"2","003","C","N",,0,0,,,0,,,,"Y",1,"A","-",22350,,"N","B","H","-","A","D","0","Y","A","01",0,0,1,0,0,0,0,0,0,"-","-","UNINCORPORATED","EL DORADO","CA",-120.86191,38.69442
"90312427",0,0,2016,"0900","2","2","4","12",0,1,"B",,,,,,1200,10,"D","C","A","US-50 E/B TO CAMERON PARK DR","CAMERON PARK DR",0,,"Y","2016-11-07",9245,"2016-10-25",910,"012315",,"1","9","0","1",,"2","120","C","Y",,0,0,,,0,,,,"Y",2,"A","-",21453,"A","N","B","H","-","A","A","0","Y","A","01",0,0,1,0,0,0,0,0,0,"-","-","UNINCORPORATED","EL DORADO","CA",-120.96911,38.65898
"90312752",0,0,2016,"0900","2","2","3","03",0,1,"B",,,,,,600,10,"E","I","A","US-50 W/B","SMITH FLAT RD BRIDGE",240,"W","N","2016-11-07",9245,"2016-10-25",550,"012315",,"3","9","0","1",,"2","140","C","Y",,0,0,,,0,,,,"Y",1,"A","-",22350,,"N","B","H","-","B","D","0","Y","A","01",0,1,0,0,0,0,0,0,0,"-","-","UNINCORPORATED","EL DORADO","CA",-120.77244,38.73385
"90312793",-120.630973,38.7453551,2016,"0900","4","3","3","01",0,2,"A",,,,,"Y",1500,11,"E","I","A","PONY EXPRESS TRAIL","ALDER DRIVE",0,,"Y","2016-11-07",9245,"2016-11-02",1440,"013929",,"2","9","0","2",,"1","025","-","N",,0,0,,,0,,,,"Y",1,"A","-",23152,"F","F","A","H","-","A","D","0","Y","D","22",0,2,0,0,0,0,0,0,0,"-","-","UNINCORPORATED","EL DORADO","CA",-120.63146,38.74486
"90313638",0,0,2016,"0900","2","3","3","03",0,1,"A",,,,,,900,10,"E","I","A","US-50 W/B","CAMERON PARK DRIVE",4224,"E","N","2016-11-08",9245,"2016-10-26",855,"018756",,"1","9","0","1",,"2","110","-","Y",,0,0,,,0,,,,"Y",1,"A","-",22350,,"N","A","H","-","A","D","0","Y","A","07",0,1,0,0,0,0,0,0,0,"-","-","UNINCORPORATED","EL DORADO","CA",-120.57122,38.39351
"90313652",-120.8921943,38.7749369,2016,"0900","4","3","2","09",0,2,"A",,,"Y",,,1500,10,"A","C","A","COLD SPRINGS ROAD","THOMPSON HILL ROAD",1584,"S","N","2016-11-08",9245,"2016-10-26",1345,"013929",,"1","9","0","2",,"1","014","-","N",,0,0,,,0,,,,"Y",2,"A","-",21801,"A","N","A","H","-","A","D","0","Y","J","43",1,0,1,0,0,0,0,0,2,"-","-","UNINCORPORATED","EL DORADO","CA",-120.8921,38.77515
"90314121",-120.7248633,38.6739886,2016,"0900","5","5","4","03",0,2,"B",,,,,,1200,10,"E","I","A","BUCKS BAR ROAD","PALACE LN",621,"S","N","2016-11-08",9245,"2016-10-28",1145,"012382",,"1","9","0","3",,"2","004","C","N",,0,0,,,0,,,,"Y",1,"A","-",22350,,"N","B","H","-","A","A","0","Y","A","01",0,0,2,0,0,0,0,0,0,"-","-","UNINCORPORATED","EL DORADO","CA",-120.71824,38.67208
"90314311",-121.0754931,38.7103651,2016,"0900","5","6","4","12",0,1,"B",,,,,,1800,10,"D","C","A","SILVA VALLEY PKY","GREEN VALLEY RD",0,,"Y","2016-11-08",9245,"2016-10-29",1558,"018663",,"2","9","0","3",,"2","001","-","N",,0,0,,,0,,,,"Y",2,"A","-",21453,"A","N","A","H","-","A","A","0","Y","D","22",0,0,1,0,0,0,0,0,0,"-","-","UNINCORPORATED","EL DORADO","CA",-121.07554,38.71025
"90314421",0,0,2016,"0900","2","6","4","08",0,1,"B",,,,,,600,10,"F","J","A","U.S. 50 W/B","PONDEROSA RD",800,"E","N","2016-11-08",9245,"2016-10-29",510,"016328",,"3","9","0","1",,"2","120","-","Y",,0,0,,,0,,,,"Y",1,"A","-",22107,,"N","A","H","-","D","D","0","Y","A","01",0,0,1,0,0,0,0,0,0,"-","-","UNINCORPORATED","EL DORADO","CA",0,0
"90314503",-120.7310811,38.5537139,2016,"0900","4","6","2","01",0,1,"B",,,,,"Y",2400,10,"E","I","A","MOUNT AUKUM RD","D'AGOSTINI DR",120,"N","N","2016-11-08",9245,"2016-10-29",2245,"018799",,"3","9","0","2",,"1","042","-","N",,0,0,,,0,,,,"Y",1,"A","-",23152,"A","N","A","H","-","D","D","0","Y","A","07",1,0,0,0,0,0,0,0,0,"-","-","UNINCORPORATED","EL DORADO","CA",-120.73213,38.55266
"90314562",-120.8086201,38.825299,2016,"0900","5","3","4","08",0,1,"A",,,,,,900,11,"E","I","A","SPANISH FLAT RD","TRAVERSE CREEK RD",47,"S","N","2016-11-08",9245,"2016-11-02",715,"017897",,"1","9","0","3",,"2","002","-","N",,0,0,,,0,,,,"Y",1,"A","-",22107,,"N","A","H","-","B","D","0","Y","D","22",0,0,1,0,0,0,0,0,0,"-","-","UNINCORPORATED","EL DORADO","CA",-120.80869,38.82551