"CASEID","POINT_X","POINT_Y","YEAR_","LOCATION","CHPTYPE","DAYWEEK","CRASHSEV","VIOLCAT","KILLED","INJURED","WEATHER1","PEDCOL","BICCOL","MCCOL","TRUCKCOL","ETOH","TIMECAT","MONTH_","CRASHTYP","INVOLVE","PED","PRIMARYRD","SECONDRD","DISTANCE","DIRECT","INTERSECT_","PROCDATE","JURIS","DATE_","TIME_","BADGE","JURIDIST","SHIFT","POP","SPECIAL","BEATTYPE","LAPDDIV","BEATCLAS","BEATNUMB","WEATHER2","STATEHW","CALTRANC","CALTRAND","STROUTE","ROUTESUF","POSTPRE","POSTMILE","LOCATYPE","RAMP","SIDEHW","TOWAWAY","PARTIES","PCF","VIOLCODE","VIOL","VIOLSUB","HITRUN","ROADSURF","RDCOND1","RDCOND2","LIGHTING","RIGHTWAY","CHPRDTYP","NOTPRIV","STFAULT","CHPFAULT","SEVINJ","OTHERINJ","COP","PEDKILL","PEDINJ","BICKILL","BICINJ","MCKILL","MCINJURE","RAMP1","RAMP2","CITY","COUNTY","STATE","X_CHP","Y_CHP"
"90314776",0,0,2016,"0900","4","6","4","01",0,1,"B",,,,,"Y",2400,10,"E","I","A","GREEN VALLEY RD","STEVES WAY",1675,"E","N","2016-11-09",9245,"2016-10-29",2145,"012833",,"2","9","0","2",,"2","011","-","N",,0,0,,,0,,,,"Y",1,"A","-",23152,"A","N","A","H","-","D","D","0","Y","A","07",0,0,1,0,0,0,0,0,0,"-","-","UNINCORPORATED","EL DORADO","CA",-121.05289,38.7132
"90314777",-121.071253,38.653955,2016,"0900","4","7","4","00",0,1,"B",,,,,,300,10,"D","C","A","EL DORADO HILLS BLVD","SARATOGA WAY",0,,"Y","2016-11-09",9245,"2016-10-30",36,"012833",,"3","9","0","2",,"2","012","-","N",,0,0,,,0,,,,"Y",2,"D","-",0,,"N","A","H","-","C","A","0","Y","-","-",0,0,1,0,0,0,0,0,0,"-","-","UNINCORPORATED","EL DORADO","CA",-121.07139,38.65394
"90314968",0,0,2016,"0900","4","1","4","01",0,1,"C",,,,,"Y",2400,10,"E","I","A","MEDER ROAD","CAMERON PARK DRIVE",12,"W","N","2016-11-09",9245,"2016-10-31",2225,"015263",,"3","9","0","2",,"1","015","-","N",,0,0,,,0,,,,"Y",2,"A","-",23152,"A","M","B","H","-","C","A","0","Y","E","22",0,0,1,0,0,0,0,0,0,"-","-","UNINCORPORATED","EL DORADO","CA",-120.58538,38.40435
"90315346",0,0,2016,"0900","2","1","4","03",0,1,"B",,,,,,900,10,"C","C","A","US-50 W/B","RAY LAE",275,"E","N","2016-11-09",9245,"2016-10-31",606,"013463",,"1","9","0","1",,"2","120","C","Y",,0,0,,,0,,,,"Y",3,"A","-",22350,,"N","B","H","-","D","D","0","Y","A","01",0,0,1,0,0,0,0,0,0,"-","-","UNINCORPORATED","EL DORADO","CA",-120.82279,38.7289
"90315516",0,0,2016,"0900","2","2","4","03",0,2,"A",,,,,,1200,11,"C","C","A","US-50","TAMARACK PINES RD",1584,"E","N","2016-11-09",9246,"2016-11-08",1112,"016041",,"1","9","0","1",,"1","020","-","Y",,0,0,,,0,,,,"Y",4,"A","-",22350,,"N","A","D","-","A","D","0","Y","A","07",0,0,2,0,0,0,0,0,0,"-","-","UNINCORPORATED","EL DORADO","CA",0,0
"90315541",0,0,2016,"0900","5","3","2","05",0,1,"A",,,,,,900,11,"E","I","A","NEWTOWN RD"," FORT JIM RD (NORTH)",105,"W","N","2016-11-09",9245,"2016-11-02",810,"012382",,"1","9","0","3",,"2","004","-","N",,0,0,,,0,,,,"Y",1,"A","-",21650,,"N","B","H","-","A","A","0","Y","A","07",1,0,0,0,0,0,0,0,0,"-","-","UNINCORPORATED","EL DORADO","CA",-120.71409,38.71493
"90315655",0,0,2016,"0900","3","4","3","03",0,5,"B",,,,,,1800,11,"E","I","A","GEORGETOWN RD","COON CREEK RD",0,,"N","2016-11-09",9245,"2016-11-03",1640,"017364",,"2","9","0","1",,"1","122","-","Y",,0,0,,,0,,,,"Y",1,"A","-",22350,,"N","A","H","-","A","D","0","Y","D","22",0,1,4,0,0,0,0,0,0,"-","-","UNINCORPORATED","EL DORADO","CA",-120.937,38.8996
"90316208",-120.7055792,38.7100296,2016,"0900","5","4","3","08",0,1,"B",,,,,,1800,11,"F","I","A","NEWTOWN ROAD","GREEN CANYON RD",1056,"W","N","2016-11-10",9245,"2016-11-03",1535,"018782",,"2","9","0","3",,"2","004","-","N",,0,0,,,0,,,,"Y",1,"A","-",22107,,"N","A","H","-","A","D","0","Y","A","07",0,1,0,0,0,0,0,0,0,"-","-","UNINCORPORATED","EL DORADO","CA",-120.92894,37.877
"90316435",-121.071923,38.6568251,2016,"0900","5","4","3","09",0,1,"B",,,,,,2100,11,"D","C","A","EL DORADO HILLS BLVD","PARK DR",0,,"Y","2016-11-10",9245,"2016-11-03",2012,"017364",,"2","9","0","3",,"2","001","-","Y",,0,0,,,0,,,,"Y",2,"A","-",21453,"C","N","A","H","-","C","A","0","Y","A","01",0,1,0,0,0,0,0,0,0,"-","-","UNINCORPORATED","EL DORADO","CA",-121.07126,38.65405
"90316475",-120.6320703,38.7151263,2016,"0900","5","7","4","08",0,1,"A",,,,,,2100,11,"E","I","A","STARKES GRADE RD","FIVE SPOT RD",1584,"E","N","2016-11-10",9245,"2016-11-06",1920,"017737",,"2","9","0","3",,"2","004","-","N",,0,0,,,0,,,,"N",1,"A","-",22107,,"N","A","H","-","C","D","0","Y","A","07",0,0,1,0,0,0,0,0,0,"-","-","UNINCORPORATED","EL DORADO","CA",-120.62254,38.72187
"90316533",-120.8232285,38.697799,2016,"0900","5","2","3","05",0,1,"A",,"Y",,,,1800,11,"D","G","A","MISSOURI FLAT RD","INDUSTRIAL DR",300,"S","N","2016-11-10",9245,"2016-11-08",1730,"017737",,"2","9","0","3",,"2","003","-","N",,0,0,,,0,,,,"N",2,"A","-",21650,,"N","A","H","-","D","D","0","Y","L","04",0,1,0,0,0,0,1,0,0,"-","-","UNINCORPORATED","EL DORADO","CA",-120.8233,38.69762
"90316572",-120.7432347,38.678743,2016,"0900","4","2","4","05",0,1,"A",,,,,,1200,11,"B","C","A","PLEASANT VALLEY RD","CEDAR RAVINE RD",570,"W","N","2016-11-10",9245,"2016-11-08",945,"012315",,"1","9","0","2",,"1","041","-","N",,0,0,,,0,,,,"Y",2,"A","-",21460,"A","N","A","H","-","A","D","0","Y","D","22",0,0,1,0,0,0,0,0,0,"-","-","UNINCORPORATED","EL DORADO","CA",-120.74308,38.67875
"90316676",-120.830693,38.707375,2016,"0900","5","2","4","10",0,1,"A","Y",,,,,2100,11,"G","B","B","GOLDEN CENTER DR","FORNI RD",0,,"Y","2016-11-10",9245,"2016-11-08",1930,"016328",,"2","9","0","3",,"2","003","-","N",,0,0,,,0,,,,"N",2,"A","-",21950,"A","F","A","H","-","D","A","0","Y","A","07",0,0,1,0,1,0,0,0,0,"-","-","UNINCORPORATED","EL DORADO","CA",0,0
"90318233",-120.7801878,38.7497279,2016,"0900","4","3","4","08",0,1,"A",,,,"Y",,900,11,"F","A","A","MOSQUITO ROAD","KAREN WAY",1162,"W","N","2016-11-14",9245,"2016-11-09",820,"013929",,"1","9","0","2",,"1","023","-","N",,0,0,,,0,,,,"Y",1,"A","-",22107,,"N","A","H","-","A","D","0","Y","F","27",0,0,1,0,0,0,0,0,0,"-","-","UNINCORPORATED","EL DORADO","CA",-120.78041,38.74969
"90318423",-121.0786731,38.710095,2016,"0900","4","2","4","12",0,1,"B",,,,,,1200,11,"D","C","A","GREEN VALLEY RD","EL DORADO HILLS BLVD",0,,"Y","2016-11-14",9245,"2016-11-01",1155,"013342",,"1","9","0","2",,"2","011","-","N",,0,0,,,0,,,,"Y",2,"A","-",21453,"A","N","A","H","-","A","A","0","Y","A","01",0,0,1,0,0,0,0,0,0,"-","-","UNINCORPORATED","EL DORADO","CA",-121.07862,38.7101
"90319156",0,0,2016,"0900","2","4","4","03",0,1,"A",,,,,,1800,11,"C","C","A","US-50","EL DORADO HILLS BLVD",1056,"E","N","2016-11-14",9245,"2016-11-10",1755,"018782",,"2","9","0","1",,"2","110","-","Y",,0,0,,,0,,,,"Y",2,"A","-",22350,,"N","A","H","-","A","D","0","Y","A","01",0,0,1,0,0,0,0,0,0,"-","-","UNINCORPORATED","EL DORADO","CA",-121.0661,38.65451
"90319536",-121.0035534,38.6979867,2016,"0900","4","5","3","01",0,2,"B",,,,,,1800,11,"C","C","A","GREEN VALLEY ROAD","CAMBRIDGE ROAD",3,"W","N","2016-11-15",9245,"2016-11-11",1558,"018782",,"2","9","0","2",,"2","011","-","N",,0,0,,,0,,,,"Y",2,"A","-",23152,"E","F","A","H","-","A","D","0","Y","A","01",0,1,1,0,0,0,0,0,0,"-","-","UNINCORPORATED","EL DORADO","CA",-121.00337,38.69795
"90319933",-121.011501,38.5892927,2016,"0900","4","3","2","08",0,1,"A",,,,,,1500,11,"E","I","A","LATROBE ROAD","SUN RIDGE MEADOWS ROAD",1056,"N","N","2016-11-15",9245,"2016-11-02",1230,"013463",,"1","9","0","2",,"2","031","-","N",,0,0,,,0,,,,"Y",1,"A","-",22107,,"N","A","H","-","A","D","0","Y","D","22",1,0,0,0,0,0,0,0,0,"-","-","UNINCORPORATED","EL DORADO","CA",-121.01179,38.58944
"90320087",-120.9368645,38.6640338,2016,"0900","4","4","4","03",0,2,"A",,,,,,900,11,"C","C","A","NORTH SHINGLE ROAD","PONDEROSA ROAD",421,"E","N","2016-11-15",9245,"2016-11-10",620,"018756",,"1","9","0","2",,"1","013","-","N",,0,0,,,0,,,,"N",3,"A","-",22350,,"N","A","H","-","A","D","0","Y","D","22",0,0,2,0,0,0,0,0,0,"-","-","UNINCORPORATED","EL DORADO","CA",-120.56102,38.39501
"90320193",0,0,2016,"0900","2","4","2","03",0,2,"A",,,,,,1800,11,"C","C","A","US-50 W/B","SACRAMENTO COUNTY LINE",262,"E","N","2016-11-15",9245,"2016-11-10",1640,"018799",,"2","9","0","1",,"2","110","-","Y",,0,0,,,0,,,,"Y",2,"A","-",22350,,"N","A","H","-","A","D","0","Y","A","01",1,1,0,0,0,0,0,0,0,"-","-","UNINCORPORATED","EL DORADO","CA",-121.08484,38.64831
"90321879",0,0,2016,"0900","2","6","4","18",0,1,"A",,,,,,600,11,"E","H","A","US-50 W/B","PONDEROSA ROAD",3696,"E","N","2016-11-17",9245,"2016-11-12",559,"018756",,"3","9","0","1",,"2","120","-","Y",,0,0,,,0,,,,"Y",1,"C","-",0,,"N","A","H","-","D","D","0","Y","-","-",0,0,1,0,0,0,0,0,0,"-","-","UNINCORPORATED","EL DORADO","CA",-120.55243,38.40194
"90321917",0,0,2016,"0900","2","7","4","03",0,1,"A",,,,,,1200,11,"C","C","A","US-50 W/B CAMERON PARK DRIVE OFF-RAMP","CAMERON PARK DRIVE",40,"E","N","2016-11-17",9245,"2016-11-13",1150,"013342",,"1","9","0","1",,"2","110","-","Y",,0,0,,,0,,,,"N",2,"A","-",22350,,"N","A","H","-","A","A","0","Y","A","01",0,0,1,0,0,0,0,0,0,"-","-","UNINCORPORATED","EL DORADO","CA",-120.96876,38.66067
"90321991",0,0,2016,"0900","2","1","3","03",0,2,"A",,,,,,900,11,"C","C","A","US-50 W/B","EL DORADO HILLS BLVD",0,"E","N","2016-11-17",9245,"2016-11-14",745,"013342",,"1","9","0","1",,"2","110","-","Y",,0,0,,,0,,,,"Y",3,"A","-",22350,,"N","A","H","-","A","D","0","Y","D","22",0,1,1,0,0,0,0,0,0,"-","-","UNINCORPORATED","EL DORADO","CA",-121.06775,38.65399
"90322305",0,0,2016,"0900","4","2","3","01",0,1,"B",,,,,"Y",2400,11,"E","I","A","4264 SLY PARK ROAD","KINGSWOOD TRAIL",391,"N","N","2016-11-17",9245,"2016-11-15",2200,"015263",,"3","9","0","2",,"1","043","-","N",,0,0,,,0,,,,"Y",1,"A","-",23152,"A","N","B","H","-","D","D","0","Y","A","01",0,1,0,0,0,0,0,0,0,"-","-","UNINCORPORATED","EL DORADO","CA",-120.34179,38.44276
"90327000",-121.0596189,38.6747041,2016,"0900","5","6","2","03",0,2,"A",,,,,,1800,11,"E","I","A","SERRANO PKY","SILVA VALLEY PKY",2112,"E","N","2016-11-22",9245,"2016-11-12",1743,"018663",,"2","9","0","3",,"2","001","-","N",,0,0,,,0,,,,"Y",1,"A","-",22350,,"N","A","H","-","C","D","0","Y","A","01",1,0,1,0,0,0,0,0,0,"-","-","UNINCORPORATED","EL DORADO","CA",-121.05957,38.67496
"90327621",-119.9701515,38.8989286,2016,"0900","4","1","3","03",0,2,"B",,,,,,1200,11,"C","C","A","PIONEER TRAIL","GOLDEN BEAR TR",1584,"S","N","2017-01-03",9246,"2016-11-21",1000,"013485",,"1","9","0","2",,"1","024","-","N",,0,0,,,0,,,,"Y",2,"A","-",22350,,"N","B","H","-","A","D","0","Y","A","07",0,1,1,0,0,0,0,0,0,"-","-","UNINCORPORATED","EL DORADO","CA",-119.97015,38.89893
"90330281",-120.8369356,38.6935248,2016,"0900","5","5","4","08",0,1,"B",,,,,,2400,10,"F","J","A","FORNI RD","ENTERPRISE DR",430,"S","N","2016-12-27",9245,"2016-10-28",2110,"018893",,"2","9","0","3",,"2","003","-","N",,0,0,,,0,,,,"Y",1,"A","-",22107,,"N","B","H","-","C","D","0","Y","A","01",0,0,1,0,0,0,0,0,0,"-","-","UNINCORPORATED","EL DORADO","CA",-120.83651,38.69466
"90330810",-120.0319418,38.898806,2016,"0900","4","4","3","03",0,1,"B",,,,,,1500,11,"E","I","A","TAHOE MTN RD","FOREST MTN DR",2112,"N","N","2016-11-28",9246,"2016-11-24",1309,"017757",,"1","9","0","2",,"1","025","-","N",,0,0,,,0,,,,"Y",1,"A","-",22350,,"N","C","H","-","A","D","0","Y","D","22",0,1,0,0,0,0,0,0,0,"-","-","UNINCORPORATED","EL DORADO","CA",-120.03202,38.89883
"90330842",-120.1200477,38.8105885,2016,"0900","2","4","3","01",0,1,"A",,,,,"Y",1800,11,"E","I","A","US-50","PYRAMID CREEK RD",280,"E","N","2016-11-28",9246,"2016-11-24",1500,"017757",,"2","9","0","1",,"1","020","-","Y",,0,0,,,0,,,,"Y",1,"A","-",23152,"A","N","A","H","-","A","D","0","Y","A","01",0,1,0,0,0,0,0,0,0,"-","-","UNINCORPORATED","EL DORADO","CA",-120.12048,38.81136
"90332903",-120.8603131,38.691745,2016,"0900","5","4","4","09",0,1,"A",,,,,,1800,11,"D","C","A","EL DORADO RD","MOTHER LODE DR",0,,"Y","2016-11-30",9245,"2016-11-17",1611,"018663",,"2","9","0","3",,"2","003","-","N",,0,0,,,0,,,,"Y",2,"A","-",21802,"B","N","A","H","-","A","A","0","Y","D","22",0,0,1,0,0,0,0,0,0,"-","-","UNINCORPORATED","EL DORADO","CA",0,0
"90333446",-120.6167946,38.7478152,2016,"0900","5","4","2","05",0,1,"A",,,,,,2400,11,"F","A","A","RIDGEWAY DR","RIDGEWAY CT",100,"E","N","2016-11-30",9245,"2016-11-17",2300,"012382",,"3","9","0","3",,"2","004","-","N",,0,0,,,0,,,,"Y",1,"A","-",21650,,"N","A","H","-","D","A","0","Y","A","01",1,0,0,0,0,0,0,0,0,"-","-","UNINCORPORATED","EL DORADO","CA",-120.61674,38.74783
"90333512",-120.95758,38.6053768,2016,"0900","4","6","4","08",0,1,"B",,,,,,900,11,"E","I","A","SOUTH SHINGLE ROAD","HAVETURE WAY",262,"N","N","2016-11-30",9245,"2016-11-19",725,"017897",,"1","9","0","2",,"1","032","-","N",,0,0,,,0,,,,"Y",1,"A","-",22107,,"N","A","H","-","A","D","0","Y","A","01",0,0,1,0,0,0,0,0,0,"-","-","UNINCORPORATED","EL DORADO","CA",-120.95768,38.60521
"90334398",-120.8096715,38.6966584,2016,"0900","5","1","3","18",0,1,"B",,,,,,1800,11,"H","A","A","RACQUET WAY","PLEASANT VALLEY RD",400,"N","N","2017-02-15",9245,"2016-11-21",1500,"017737",,"2","9","0","3",,"2","004","-","N",,0,0,,,0,,,,"Y",1,"C","-",0,,"N","A","H","-","A","D","0","Y","-","-",0,1,0,0,0,0,0,0,0,"-","-","UNINCORPORATED","EL DORADO","CA",-120.80915,38.6965
"90334499",-121.0105862,38.5880706,2016,"0900","S","7","2","08",0,2,"B",,,,,,1800,11,"E","I","A","LATROBE ROAD","SUNRIDGE MEADOWS",528,"N","N","2016-12-01",9245,"2016-11-20",1510,"015421",,"2","9","0","2",,"2","904","C","N",,0,0,,,0,,,,"Y",1,"A","-",22107,,"N","B","H","-","A","D","0","Y","A","01",1,0,1,0,0,0,0,0,0,"-","-","UNINCORPORATED","EL DORADO","CA",-121.01098,38.58836
"90334524",0,0,2016,"0900","4","7","4","08",0,1,"B",,,,,,1200,11,"E","I","A","MOUNT AUKUM RD","HIGGINS RD",528,"S","N","2017-01-23",9245,"2016-11-20",930,"012315",,"1","9","0","2",,"1","042","C","N",,0,0,,,0,,,,"Y",1,"A","-",22107,,"N","B","H","-","A","D","0","Y","A","01",0,0,1,0,0,0,0,0,0,"-","-","UNINCORPORATED","EL DORADO","CA",-120.73668,38.58127
"90334548",0,0,2016,"0900","5","7","4","08",0,4,"C",,,,,,1800,11,"F","A","A","SR-49","OLD FOREST HILL ROAD",3000,"S","N","2016-12-01",9245,"2016-11-20",1620,"017756",,"2","9","0","3",,"2","001","-","Y",,0,0,,,0,,,,"Y",1,"A","-",22107,,"N","B","H","-","D","D","0","Y","A","07",0,0,4,0,0,0,0,0,0,"-","-","UNINCORPORATED","EL DORADO","CA",-121.0328,38.9102
"90334564",0,0,2016,"0900","4","7","4","08",0,1,"C",,,,,,2400,11,"E","I","A","BUCKS BAR RD","MINI BAR ROAD",1056,"S","N","2016-12-01",9245,"2016-11-20",2355,"015263",,"3","9","0","2",,"1","042","-","N",,0,0,,,0,,,,"Y",1,"A","-",22107,,"N","B","H","-","D","D","0","Y","A","01",0,0,1,0,0,0,0,0,0,"-","-","UNINCORPORATED","EL DORADO","CA",-120.42599,38.4016
"90334582",-121.0158531,38.8916751,2016,"0900","3","1","3","09",0,2,"B",,,,,,1500,11,"A","C","A","STATE ROUTE 49","AARON COOL DRIVE",0,,"N","2016-12-08",9245,"2016-11-21",1400,"013929",,"2","9","0","1",,"1","115","-","Y",,0,0,,,0,,,,"Y",2,"A","-",21801,"A","N","A","H","-","A","D","0","Y","M","47",0,2,0,0,0,0,0,0,0,"-","-","UNINCORPORATED","EL DORADO","CA",-121.01671,38.89985
"90336384",-120.1352341,38.8087179,2016,"0900","2","6","4","03",0,1,"D",,,,,,2100,11,"F","A","A","US-50","STRAWBERRY LN",5280,"E","N","2016-12-05",9245,"2016-11-19",1920,"018893",,"2","9","0","1",,"1","170","-","Y",,0,0,,,0,,,,"Y",1,"A","-",22350,,"N","C","H","-","D","D","0","Y","A","07",0,0,1,0,0,0,0,0,0,"-","-","UNINCORPORATED","EL DORADO","CA",-120.14402,38.7985
"90336397",0,0,2016,"0900","2","7","4","08",0,1,"B",,,,,,1800,11,"E","I","A","US-50","BRIDLE PATH WAY",400,"W","N","2016-12-05",9245,"2016-11-20",1540,"017737",,"2","9","0","1",,"2","150","-","Y",,0,0,,,0,,,,"Y",1,"A","-",22107,,"N","B","H","-","A","D","0","Y","A","07",0,0,1,0,0,0,0,0,0,"-","-","UNINCORPORATED","EL DORADO","CA",-120.21574,38.70611
"90336405",-120.6404457,38.6846267,2016,"0900","5","7","2","01",0,1,"B",,,"Y",,"Y",2400,11,"E","I","A","SLY PARK ROAD","NORTHERN LIGHTS RD",500,"W","N","2016-12-05",9245,"2016-11-20",2150,"017737",,"2","9","0","3",,"2","004","C","N",,0,0,,,0,,,,"Y",1,"A","-",23152,"A","N","B","H","-","D","D","0","Y","C","02",1,0,0,0,0,0,0,0,1,"-","-","UNINCORPORATED","EL DORADO","CA",-120.64022,38.68449
"90336414",0,0,2016,"0900","2","1","4","03",0,1,"B",,,,,,900,11,"E","I","A","US-50 E/B","SMITH FLAT RD",254,"E","N","2016-12-05",9245,"2016-11-21",635,"012315",,"1","9","0","1",,"2","140","C","Y",,0,0,,,0,,,,"Y",1,"A","-",22350,,"N","B","H","-","A","D","0","Y","D","22",0,0,1,0,0,0,0,0,0,"-","-","UNINCORPORATED","EL DORADO","CA",-120.76979,38.73255
"90336873",0,0,2016,"0900","3","6","4","03",0,2,"D",,,,,,2100,11,"E","I","A","STATE ROUTE 88","CAPLES LAKE RESORT",1584,"E","N","2016-12-05",9246,"2016-11-26",2045,"018916",,"2","9","0","1",,"1","010","-","Y",,0,0,,,0,,,,"Y",2,"A","-",22350,,"N","C","G","-","D","A","0","Y","A","07",0,0,2,0,0,0,0,0,0,"-","-","UNINCORPORATED","EL DORADO","CA",-120.04905,38.70824
"90337054",-120.8227131,38.7002951,2016,"0900","4","1","4","09",0,1,"B",,,,,,1200,11,"D","C","A","MISSOURI FLAT RD","CHINA GARDEN RD",0,,"Y","2016-12-05",9245,"2016-11-21",1050,"013463",,"1","9","0","2",,"1","037","-","N",,0,0,,,0,,,,"Y",2,"A","-",21802,"A","N","A","H","-","A","A","0","Y","A","01",0,0,1,0,0,0,0,0,0,"-","-","UNINCORPORATED","EL DORADO","CA",-120.81743,38.69663
"90337112",-120.6678221,38.6862217,2016,"0900","5","2","2","01",0,2,"A",,,,,"Y",2100,11,"C","C","A","PLEASANT VALLEY ROAD","LEISURE LANE ",22,"W","N","2016-12-05",9245,"2016-11-22",1815,"017756",,"2","9","0","3",,"2","004","-","N",,0,0,,,0,,,,"Y",2,"A","-",23152,"A","N","A","H","-","D","D","0","Y","D","22",1,0,1,0,0,0,0,0,0,"-","-","UNINCORPORATED","EL DORADO","CA",-120.6678,38.6863
"90338730",0,0,2016,"0900","2","5","4","04",0,1,"B",,,,,,1800,11,"C","C","A","US-50 E/B","GREENSTONE RD",0,,"Y","2017-01-04",9245,"2016-11-25",1725,"018782",,"2","9","0","1",,"2","120","-","Y",,0,0,,,0,,,,"Y",2,"A","-",21703,,"N","A","H","-","D","D","0","Y","A","07",0,0,1,0,0,0,0,0,0,"-","-","UNINCORPORATED","EL DORADO","CA",-120.88774,38.69579
"90338899",0,0,2016,"0900","2","6","4","03",0,2,"B",,,,,,1500,11,"E","I","A","U.S. 50","BASS LAKE RD",2640,"E","N","2016-12-07",9245,"2016-11-26",1250,"012366",,"1","9","0","1",,"2","110","C","Y",,0,0,,,0,,,,"Y",1,"A","-",22350,,"N","B","F","-","A","D","0","Y","A","01",0,0,2,0,0,0,0,0,0,"-","-","UNINCORPORATED","EL DORADO","CA",-121.07035,38.6551
"90339238",-120.9147332,38.7875565,2016,"0900","4","6","3","03",0,1,"B",,,,,,1200,11,"E","I","A","LOTUS ROAD","GRANITE CREEK DRIVE",68,"N","N","2016-12-07",9245,"2016-11-26",955,"017089",,"1","9","0","2",,"1","013","C","N",,0,0,,,0,,,,"Y",1,"A","-",22350,,"N","B","H","-","A","D","0","Y","A","01",0,1,0,0,0,0,0,0,0,"-","-","UNINCORPORATED","EL DORADO","CA",-120.91447,38.78838
"90339240",0,0,2016,"0900","2","6","4","03",0,1,"B",,,,,"Y",1200,11,"E","I","A","US-50 W/B","BASS LAKE ROAD",1056,"E","N","2016-12-07",9245,"2016-11-26",1115,"017089",,"1","9","0","1",,"2","110","C","Y",,0,0,,,0,,,,"Y",1,"A","-",22350,,"N","B","H","-","A","D","0","Y","A","01",0,0,1,0,0,0,0,0,0,"-","-","UNINCORPORATED","EL DORADO","CA",-121.02242,38.6554
"90339306",0,0,2016,"0900","2","7","4","03",0,1,"C",,,,,,300,11,"E","I","A","US-50 W/B","SCHNELL SCHOOL RD",500,"E","N","2016-12-07",9245,"2016-11-27",215,"018656",,"3","9","0","1",,"2","140","-","Y",,0,0,,,0,,,,"Y",1,"A","-",22350,,"N","B","H","-","D","D","0","Y","A","01",0,0,1,0,0,0,0,0,0,"-","-","UNINCORPORATED","EL DORADO","CA",-120.77192,38.73379
"90339349",-121.086193,38.712495,2016,"0900","5","1","4","12",0,1,"B",,,,,,1800,11,"A","C","A","FRANCISCO DRIVE","VILLAGE CENTER DRIVE",0,,"Y","2016-12-07",9245,"2016-11-28",1740,"017756",,"2","9","0","3",,"2","001","-","N",,0,0,,,0,,,,"Y",2,"A","-",21453,"A","N","A","H","-","C","A","0","Y","A","01",0,0,1,0,0,0,0,0,0,"-","-","UNINCORPORATED","EL DORADO","CA",-121.086,38.7124
"90339353",-120.7752519,38.7415504,2016,"0900","S","2","3","08",0,1,"A",,,,,,2400,11,"E","I","A","CARSON RD","WHISPERING WIND DR",75,"W","N","2016-12-07",9245,"2016-11-29",2200,"016328",,"3","9","0","2",,"2","005","-","N",,0,0,,,0,,,,"Y",1,"A","-",22107,,"N","A","H","-","D","D","0","Y","A","01",0,1,0,0,0,0,0,0,0,"-","-","UNINCORPORATED","EL DORADO","CA",0,0
"90339687",-120.8798729,38.6756451,2016,"0900","4","3","4","09",0,1,"B",,,,,,1800,11,"D","C","A","MOTHER LODE DR","PLANT DR",0,,"Y","2016-12-07",9245,"2016-11-30",1525,"015421",,"2","9","0","2",,"1","039","-","N",,0,0,,,0,,,,"Y",2,"A","-",21802,"A","N","B","H","-","A","B","0","Y","A","07",0,0,1,0,0,0,0,0,0,"-","-","UNINCORPORATED","EL DORADO","CA",-120.88006,38.67557
"90339711",-120.9892746,38.6604425,2016,"0900","5","3","3","08",0,1,"B",,,,,,1500,11,"E","I","A","ROYAL DRIVE","COUNTRY CLUB DRIVE",128,"N","N","2016-12-07",9245,"2016-11-30",1300,"013929",,"1","9","0","3",,"2","001","-","N",,0,0,,,0,,,,"Y",1,"A","-",22107,,"N","A","H","-","A","D","0","Y","A","07",0,1,0,0,0,0,0,0,0,"-","-","UNINCORPORATED","EL DORADO","CA",-120.98053,38.66077
"90339747",0,0,2016,"0900","3","4","3","01",0,1,"B",,,,,"Y",1800,12,"E","I","A","GEORGETOWN RD","COON CREEK RD",2112,"N","N","2016-12-07",9245,"2016-12-01",1630,"017364",,"2","9","0","1",,"1","122","-","Y",,0,0,,,0,,,,"Y",1,"A","-",23152,"A","N","A","H","-","A","D","0","Y","A","01",0,1,0,0,0,0,0,0,0,"-","-","UNINCORPORATED","EL DORADO","CA",-120.93332,38.90494
"90339860",-120.3986218,38.791781,2016,"0900","5","6","4","03",0,1,"D",,,,,,1800,11,"F","A","A","ICE HOUSE RD","PEAVINE RIDGE RD",3696,"S","N","2016-12-08",9245,"2016-11-26",1530,"017364",,"2","9","0","3",,"2","002","-","N",,0,0,,,0,,,,"Y",1,"A","-",22350,,"N","C","H","-","A","D","0","Y","D","22",0,0,1,0,0,0,0,0,0,"-","-","UNINCORPORATED","EL DORADO","CA",-120.39604,38.7921
"90339880",0,0,2016,"0900","4","5","4","03",0,1,"A",,,,,,1800,12,"C","C","A","EL DORADO HILLS BLVD","SARATOGA WAY",100,"S","N","2016-12-08",9245,"2016-12-02",1540,"018756",,"2","9","0","2",,"2","012","-","N",,0,0,,,0,,,,"N",2,"A","-",22350,,"N","A","H","-","A","D","0","Y","D","22",0,0,1,0,0,0,0,0,0,"-","-","UNINCORPORATED","EL DORADO","CA",-121.07189,38.65701
"90339882",0,0,2016,"0900","2","6","4","03",0,2,"D",,,,,,1800,11,"E","I","A","US-50 W/B","SILVER FORK RD",10560,"E","N","2016-12-08",9245,"2016-11-26",1705,"018893",,"2","9","0","1",,"1","170","-","Y",,0,0,,,0,,,,"Y",1,"A","-",22350,,"N","C","H","-","D","D","0","Y","A","08",0,0,2,0,0,0,0,0,0,"-","-","UNINCORPORATED","EL DORADO","CA",-120.22558,38.78332